param_set,risk_class,param_name,key1,key2,value,unit,source_doc,version,effective_date,section,paragraph,table,pdf_page,source_url,retrieved_on,source_sha256,verification_status,verification_method
2.8+2512,IR,delta_rw,regular,2w,107,multiplier of per-1bp sensitivity,"ISDA SIMM Methodology v2.8+2512 (based on v2.8+2512.2, 13 May 2026)",2.8+2512,2026-07-11,D.1,33,Table 1 risk weights per vertex,14,https://www.isda.org/a/hhkiE/ISDA-SIMM_v2.82512_PUBLIC.pdf,2026-10-02,8484d3de7dcb5280b6ad6458d051c50f8ccc3370bc279ae1c47a7bccb8064636,VERIFIED_PRIMARY,"two extractors agree (PyMuPDF, markitdown; sequence) + page image check"
2.8+2512,IR,delta_rw,regular,1m,101,multiplier of per-1bp sensitivity,"ISDA SIMM Methodology v2.8+2512 (based on v2.8+2512.2, 13 May 2026)",2.8+2512,2026-07-11,D.1,33,Table 1 risk weights per vertex,14,https://www.isda.org/a/hhkiE/ISDA-SIMM_v2.82512_PUBLIC.pdf,2026-10-02,8484d3de7dcb5280b6ad6458d051c50f8ccc3370bc279ae1c47a7bccb8064636,VERIFIED_PRIMARY,"two extractors agree (PyMuPDF, markitdown; sequence) + page image check"
2.8+2512,IR,delta_rw,regular,3m,90,multiplier of per-1bp sensitivity,"ISDA SIMM Methodology v2.8+2512 (based on v2.8+2512.2, 13 May 2026)",2.8+2512,2026-07-11,D.1,33,Table 1 risk weights per vertex,14,https://www.isda.org/a/hhkiE/ISDA-SIMM_v2.82512_PUBLIC.pdf,2026-10-02,8484d3de7dcb5280b6ad6458d051c50f8ccc3370bc279ae1c47a7bccb8064636,VERIFIED_PRIMARY,"two extractors agree (PyMuPDF, markitdown; sequence) + page image check"
2.8+2512,IR,delta_rw,regular,6m,69,multiplier of per-1bp sensitivity,"ISDA SIMM Methodology v2.8+2512 (based on v2.8+2512.2, 13 May 2026)",2.8+2512,2026-07-11,D.1,33,Table 1 risk weights per vertex,14,https://www.isda.org/a/hhkiE/ISDA-SIMM_v2.82512_PUBLIC.pdf,2026-10-02,8484d3de7dcb5280b6ad6458d051c50f8ccc3370bc279ae1c47a7bccb8064636,VERIFIED_PRIMARY,"two extractors agree (PyMuPDF, markitdown; sequence) + page image check"
2.8+2512,IR,delta_rw,regular,1y,68,multiplier of per-1bp sensitivity,"ISDA SIMM Methodology v2.8+2512 (based on v2.8+2512.2, 13 May 2026)",2.8+2512,2026-07-11,D.1,33,Table 1 risk weights per vertex,14,https://www.isda.org/a/hhkiE/ISDA-SIMM_v2.82512_PUBLIC.pdf,2026-10-02,8484d3de7dcb5280b6ad6458d051c50f8ccc3370bc279ae1c47a7bccb8064636,VERIFIED_PRIMARY,"two extractors agree (PyMuPDF, markitdown; sequence) + page image check"
2.8+2512,IR,delta_rw,regular,2y,69,multiplier of per-1bp sensitivity,"ISDA SIMM Methodology v2.8+2512 (based on v2.8+2512.2, 13 May 2026)",2.8+2512,2026-07-11,D.1,33,Table 1 risk weights per vertex,14,https://www.isda.org/a/hhkiE/ISDA-SIMM_v2.82512_PUBLIC.pdf,2026-10-02,8484d3de7dcb5280b6ad6458d051c50f8ccc3370bc279ae1c47a7bccb8064636,VERIFIED_PRIMARY,"two extractors agree (PyMuPDF, markitdown; sequence) + page image check"
2.8+2512,IR,delta_rw,regular,3y,66,multiplier of per-1bp sensitivity,"ISDA SIMM Methodology v2.8+2512 (based on v2.8+2512.2, 13 May 2026)",2.8+2512,2026-07-11,D.1,33,Table 1 risk weights per vertex,14,https://www.isda.org/a/hhkiE/ISDA-SIMM_v2.82512_PUBLIC.pdf,2026-10-02,8484d3de7dcb5280b6ad6458d051c50f8ccc3370bc279ae1c47a7bccb8064636,VERIFIED_PRIMARY,"two extractors agree (PyMuPDF, markitdown; sequence) + page image check"
2.8+2512,IR,delta_rw,regular,5y,61,multiplier of per-1bp sensitivity,"ISDA SIMM Methodology v2.8+2512 (based on v2.8+2512.2, 13 May 2026)",2.8+2512,2026-07-11,D.1,33,Table 1 risk weights per vertex,14,https://www.isda.org/a/hhkiE/ISDA-SIMM_v2.82512_PUBLIC.pdf,2026-10-02,8484d3de7dcb5280b6ad6458d051c50f8ccc3370bc279ae1c47a7bccb8064636,VERIFIED_PRIMARY,"two extractors agree (PyMuPDF, markitdown; sequence) + page image check"
2.8+2512,IR,delta_rw,regular,10y,60,multiplier of per-1bp sensitivity,"ISDA SIMM Methodology v2.8+2512 (based on v2.8+2512.2, 13 May 2026)",2.8+2512,2026-07-11,D.1,33,Table 1 risk weights per vertex,14,https://www.isda.org/a/hhkiE/ISDA-SIMM_v2.82512_PUBLIC.pdf,2026-10-02,8484d3de7dcb5280b6ad6458d051c50f8ccc3370bc279ae1c47a7bccb8064636,VERIFIED_PRIMARY,"two extractors agree (PyMuPDF, markitdown; sequence) + page image check"
2.8+2512,IR,delta_rw,regular,15y,58,multiplier of per-1bp sensitivity,"ISDA SIMM Methodology v2.8+2512 (based on v2.8+2512.2, 13 May 2026)",2.8+2512,2026-07-11,D.1,33,Table 1 risk weights per vertex,14,https://www.isda.org/a/hhkiE/ISDA-SIMM_v2.82512_PUBLIC.pdf,2026-10-02,8484d3de7dcb5280b6ad6458d051c50f8ccc3370bc279ae1c47a7bccb8064636,VERIFIED_PRIMARY,"two extractors agree (PyMuPDF, markitdown; sequence) + page image check"
2.8+2512,IR,delta_rw,regular,20y,58,multiplier of per-1bp sensitivity,"ISDA SIMM Methodology v2.8+2512 (based on v2.8+2512.2, 13 May 2026)",2.8+2512,2026-07-11,D.1,33,Table 1 risk weights per vertex,14,https://www.isda.org/a/hhkiE/ISDA-SIMM_v2.82512_PUBLIC.pdf,2026-10-02,8484d3de7dcb5280b6ad6458d051c50f8ccc3370bc279ae1c47a7bccb8064636,VERIFIED_PRIMARY,"two extractors agree (PyMuPDF, markitdown; sequence) + page image check"
2.8+2512,IR,delta_rw,regular,30y,66,multiplier of per-1bp sensitivity,"ISDA SIMM Methodology v2.8+2512 (based on v2.8+2512.2, 13 May 2026)",2.8+2512,2026-07-11,D.1,33,Table 1 risk weights per vertex,14,https://www.isda.org/a/hhkiE/ISDA-SIMM_v2.82512_PUBLIC.pdf,2026-10-02,8484d3de7dcb5280b6ad6458d051c50f8ccc3370bc279ae1c47a7bccb8064636,VERIFIED_PRIMARY,"two extractors agree (PyMuPDF, markitdown; sequence) + page image check"
2.8+2512,IR,delta_rw,low,2w,15,multiplier of per-1bp sensitivity,"ISDA SIMM Methodology v2.8+2512 (based on v2.8+2512.2, 13 May 2026)",2.8+2512,2026-07-11,D.1,33,Table 2 risk weights per vertex,14,https://www.isda.org/a/hhkiE/ISDA-SIMM_v2.82512_PUBLIC.pdf,2026-10-02,8484d3de7dcb5280b6ad6458d051c50f8ccc3370bc279ae1c47a7bccb8064636,VERIFIED_PRIMARY,"two extractors agree (PyMuPDF, markitdown; sequence) + page image check"
2.8+2512,IR,delta_rw,low,1m,18,multiplier of per-1bp sensitivity,"ISDA SIMM Methodology v2.8+2512 (based on v2.8+2512.2, 13 May 2026)",2.8+2512,2026-07-11,D.1,33,Table 2 risk weights per vertex,14,https://www.isda.org/a/hhkiE/ISDA-SIMM_v2.82512_PUBLIC.pdf,2026-10-02,8484d3de7dcb5280b6ad6458d051c50f8ccc3370bc279ae1c47a7bccb8064636,VERIFIED_PRIMARY,"two extractors agree (PyMuPDF, markitdown; sequence) + page image check"
2.8+2512,IR,delta_rw,low,3m,12,multiplier of per-1bp sensitivity,"ISDA SIMM Methodology v2.8+2512 (based on v2.8+2512.2, 13 May 2026)",2.8+2512,2026-07-11,D.1,33,Table 2 risk weights per vertex,14,https://www.isda.org/a/hhkiE/ISDA-SIMM_v2.82512_PUBLIC.pdf,2026-10-02,8484d3de7dcb5280b6ad6458d051c50f8ccc3370bc279ae1c47a7bccb8064636,VERIFIED_PRIMARY,"two extractors agree (PyMuPDF, markitdown; sequence) + page image check"
2.8+2512,IR,delta_rw,low,6m,11,multiplier of per-1bp sensitivity,"ISDA SIMM Methodology v2.8+2512 (based on v2.8+2512.2, 13 May 2026)",2.8+2512,2026-07-11,D.1,33,Table 2 risk weights per vertex,14,https://www.isda.org/a/hhkiE/ISDA-SIMM_v2.82512_PUBLIC.pdf,2026-10-02,8484d3de7dcb5280b6ad6458d051c50f8ccc3370bc279ae1c47a7bccb8064636,VERIFIED_PRIMARY,"two extractors agree (PyMuPDF, markitdown; sequence) + page image check"
2.8+2512,IR,delta_rw,low,1y,15,multiplier of per-1bp sensitivity,"ISDA SIMM Methodology v2.8+2512 (based on v2.8+2512.2, 13 May 2026)",2.8+2512,2026-07-11,D.1,33,Table 2 risk weights per vertex,14,https://www.isda.org/a/hhkiE/ISDA-SIMM_v2.82512_PUBLIC.pdf,2026-10-02,8484d3de7dcb5280b6ad6458d051c50f8ccc3370bc279ae1c47a7bccb8064636,VERIFIED_PRIMARY,"two extractors agree (PyMuPDF, markitdown; sequence) + page image check"
2.8+2512,IR,delta_rw,low,2y,21,multiplier of per-1bp sensitivity,"ISDA SIMM Methodology v2.8+2512 (based on v2.8+2512.2, 13 May 2026)",2.8+2512,2026-07-11,D.1,33,Table 2 risk weights per vertex,14,https://www.isda.org/a/hhkiE/ISDA-SIMM_v2.82512_PUBLIC.pdf,2026-10-02,8484d3de7dcb5280b6ad6458d051c50f8ccc3370bc279ae1c47a7bccb8064636,VERIFIED_PRIMARY,"two extractors agree (PyMuPDF, markitdown; sequence) + page image check"
2.8+2512,IR,delta_rw,low,3y,23,multiplier of per-1bp sensitivity,"ISDA SIMM Methodology v2.8+2512 (based on v2.8+2512.2, 13 May 2026)",2.8+2512,2026-07-11,D.1,33,Table 2 risk weights per vertex,14,https://www.isda.org/a/hhkiE/ISDA-SIMM_v2.82512_PUBLIC.pdf,2026-10-02,8484d3de7dcb5280b6ad6458d051c50f8ccc3370bc279ae1c47a7bccb8064636,VERIFIED_PRIMARY,"two extractors agree (PyMuPDF, markitdown; sequence) + page image check"
2.8+2512,IR,delta_rw,low,5y,25,multiplier of per-1bp sensitivity,"ISDA SIMM Methodology v2.8+2512 (based on v2.8+2512.2, 13 May 2026)",2.8+2512,2026-07-11,D.1,33,Table 2 risk weights per vertex,14,https://www.isda.org/a/hhkiE/ISDA-SIMM_v2.82512_PUBLIC.pdf,2026-10-02,8484d3de7dcb5280b6ad6458d051c50f8ccc3370bc279ae1c47a7bccb8064636,VERIFIED_PRIMARY,"two extractors agree (PyMuPDF, markitdown; sequence) + page image check"
2.8+2512,IR,delta_rw,low,10y,29,multiplier of per-1bp sensitivity,"ISDA SIMM Methodology v2.8+2512 (based on v2.8+2512.2, 13 May 2026)",2.8+2512,2026-07-11,D.1,33,Table 2 risk weights per vertex,14,https://www.isda.org/a/hhkiE/ISDA-SIMM_v2.82512_PUBLIC.pdf,2026-10-02,8484d3de7dcb5280b6ad6458d051c50f8ccc3370bc279ae1c47a7bccb8064636,VERIFIED_PRIMARY,"two extractors agree (PyMuPDF, markitdown; sequence) + page image check"
2.8+2512,IR,delta_rw,low,15y,27,multiplier of per-1bp sensitivity,"ISDA SIMM Methodology v2.8+2512 (based on v2.8+2512.2, 13 May 2026)",2.8+2512,2026-07-11,D.1,33,Table 2 risk weights per vertex,14,https://www.isda.org/a/hhkiE/ISDA-SIMM_v2.82512_PUBLIC.pdf,2026-10-02,8484d3de7dcb5280b6ad6458d051c50f8ccc3370bc279ae1c47a7bccb8064636,VERIFIED_PRIMARY,"two extractors agree (PyMuPDF, markitdown; sequence) + page image check"
2.8+2512,IR,delta_rw,low,20y,26,multiplier of per-1bp sensitivity,"ISDA SIMM Methodology v2.8+2512 (based on v2.8+2512.2, 13 May 2026)",2.8+2512,2026-07-11,D.1,33,Table 2 risk weights per vertex,14,https://www.isda.org/a/hhkiE/ISDA-SIMM_v2.82512_PUBLIC.pdf,2026-10-02,8484d3de7dcb5280b6ad6458d051c50f8ccc3370bc279ae1c47a7bccb8064636,VERIFIED_PRIMARY,"two extractors agree (PyMuPDF, markitdown; sequence) + page image check"
2.8+2512,IR,delta_rw,low,30y,28,multiplier of per-1bp sensitivity,"ISDA SIMM Methodology v2.8+2512 (based on v2.8+2512.2, 13 May 2026)",2.8+2512,2026-07-11,D.1,33,Table 2 risk weights per vertex,14,https://www.isda.org/a/hhkiE/ISDA-SIMM_v2.82512_PUBLIC.pdf,2026-10-02,8484d3de7dcb5280b6ad6458d051c50f8ccc3370bc279ae1c47a7bccb8064636,VERIFIED_PRIMARY,"two extractors agree (PyMuPDF, markitdown; sequence) + page image check"
2.8+2512,IR,delta_rw,high,2w,167,multiplier of per-1bp sensitivity,"ISDA SIMM Methodology v2.8+2512 (based on v2.8+2512.2, 13 May 2026)",2.8+2512,2026-07-11,D.1,33,Table 3 risk weights per vertex,14,https://www.isda.org/a/hhkiE/ISDA-SIMM_v2.82512_PUBLIC.pdf,2026-10-02,8484d3de7dcb5280b6ad6458d051c50f8ccc3370bc279ae1c47a7bccb8064636,VERIFIED_PRIMARY,"two extractors agree (PyMuPDF, markitdown; sequence) + page image check"
2.8+2512,IR,delta_rw,high,1m,102,multiplier of per-1bp sensitivity,"ISDA SIMM Methodology v2.8+2512 (based on v2.8+2512.2, 13 May 2026)",2.8+2512,2026-07-11,D.1,33,Table 3 risk weights per vertex,14,https://www.isda.org/a/hhkiE/ISDA-SIMM_v2.82512_PUBLIC.pdf,2026-10-02,8484d3de7dcb5280b6ad6458d051c50f8ccc3370bc279ae1c47a7bccb8064636,VERIFIED_PRIMARY,"two extractors agree (PyMuPDF, markitdown; sequence) + page image check"
2.8+2512,IR,delta_rw,high,3m,79,multiplier of per-1bp sensitivity,"ISDA SIMM Methodology v2.8+2512 (based on v2.8+2512.2, 13 May 2026)",2.8+2512,2026-07-11,D.1,33,Table 3 risk weights per vertex,14,https://www.isda.org/a/hhkiE/ISDA-SIMM_v2.82512_PUBLIC.pdf,2026-10-02,8484d3de7dcb5280b6ad6458d051c50f8ccc3370bc279ae1c47a7bccb8064636,VERIFIED_PRIMARY,"two extractors agree (PyMuPDF, markitdown; sequence) + page image check"
2.8+2512,IR,delta_rw,high,6m,82,multiplier of per-1bp sensitivity,"ISDA SIMM Methodology v2.8+2512 (based on v2.8+2512.2, 13 May 2026)",2.8+2512,2026-07-11,D.1,33,Table 3 risk weights per vertex,14,https://www.isda.org/a/hhkiE/ISDA-SIMM_v2.82512_PUBLIC.pdf,2026-10-02,8484d3de7dcb5280b6ad6458d051c50f8ccc3370bc279ae1c47a7bccb8064636,VERIFIED_PRIMARY,"two extractors agree (PyMuPDF, markitdown; sequence) + page image check"
2.8+2512,IR,delta_rw,high,1y,90,multiplier of per-1bp sensitivity,"ISDA SIMM Methodology v2.8+2512 (based on v2.8+2512.2, 13 May 2026)",2.8+2512,2026-07-11,D.1,33,Table 3 risk weights per vertex,14,https://www.isda.org/a/hhkiE/ISDA-SIMM_v2.82512_PUBLIC.pdf,2026-10-02,8484d3de7dcb5280b6ad6458d051c50f8ccc3370bc279ae1c47a7bccb8064636,VERIFIED_PRIMARY,"two extractors agree (PyMuPDF, markitdown; sequence) + page image check"
2.8+2512,IR,delta_rw,high,2y,93,multiplier of per-1bp sensitivity,"ISDA SIMM Methodology v2.8+2512 (based on v2.8+2512.2, 13 May 2026)",2.8+2512,2026-07-11,D.1,33,Table 3 risk weights per vertex,14,https://www.isda.org/a/hhkiE/ISDA-SIMM_v2.82512_PUBLIC.pdf,2026-10-02,8484d3de7dcb5280b6ad6458d051c50f8ccc3370bc279ae1c47a7bccb8064636,VERIFIED_PRIMARY,"two extractors agree (PyMuPDF, markitdown; sequence) + page image check"
2.8+2512,IR,delta_rw,high,3y,92,multiplier of per-1bp sensitivity,"ISDA SIMM Methodology v2.8+2512 (based on v2.8+2512.2, 13 May 2026)",2.8+2512,2026-07-11,D.1,33,Table 3 risk weights per vertex,14,https://www.isda.org/a/hhkiE/ISDA-SIMM_v2.82512_PUBLIC.pdf,2026-10-02,8484d3de7dcb5280b6ad6458d051c50f8ccc3370bc279ae1c47a7bccb8064636,VERIFIED_PRIMARY,"two extractors agree (PyMuPDF, markitdown; sequence) + page image check"
2.8+2512,IR,delta_rw,high,5y,88,multiplier of per-1bp sensitivity,"ISDA SIMM Methodology v2.8+2512 (based on v2.8+2512.2, 13 May 2026)",2.8+2512,2026-07-11,D.1,33,Table 3 risk weights per vertex,14,https://www.isda.org/a/hhkiE/ISDA-SIMM_v2.82512_PUBLIC.pdf,2026-10-02,8484d3de7dcb5280b6ad6458d051c50f8ccc3370bc279ae1c47a7bccb8064636,VERIFIED_PRIMARY,"two extractors agree (PyMuPDF, markitdown; sequence) + page image check"
2.8+2512,IR,delta_rw,high,10y,88,multiplier of per-1bp sensitivity,"ISDA SIMM Methodology v2.8+2512 (based on v2.8+2512.2, 13 May 2026)",2.8+2512,2026-07-11,D.1,33,Table 3 risk weights per vertex,14,https://www.isda.org/a/hhkiE/ISDA-SIMM_v2.82512_PUBLIC.pdf,2026-10-02,8484d3de7dcb5280b6ad6458d051c50f8ccc3370bc279ae1c47a7bccb8064636,VERIFIED_PRIMARY,"two extractors agree (PyMuPDF, markitdown; sequence) + page image check"
2.8+2512,IR,delta_rw,high,15y,98,multiplier of per-1bp sensitivity,"ISDA SIMM Methodology v2.8+2512 (based on v2.8+2512.2, 13 May 2026)",2.8+2512,2026-07-11,D.1,33,Table 3 risk weights per vertex,14,https://www.isda.org/a/hhkiE/ISDA-SIMM_v2.82512_PUBLIC.pdf,2026-10-02,8484d3de7dcb5280b6ad6458d051c50f8ccc3370bc279ae1c47a7bccb8064636,VERIFIED_PRIMARY,"two extractors agree (PyMuPDF, markitdown; sequence) + page image check"
2.8+2512,IR,delta_rw,high,20y,101,multiplier of per-1bp sensitivity,"ISDA SIMM Methodology v2.8+2512 (based on v2.8+2512.2, 13 May 2026)",2.8+2512,2026-07-11,D.1,33,Table 3 risk weights per vertex,14,https://www.isda.org/a/hhkiE/ISDA-SIMM_v2.82512_PUBLIC.pdf,2026-10-02,8484d3de7dcb5280b6ad6458d051c50f8ccc3370bc279ae1c47a7bccb8064636,VERIFIED_PRIMARY,"two extractors agree (PyMuPDF, markitdown; sequence) + page image check"
2.8+2512,IR,delta_rw,high,30y,96,multiplier of per-1bp sensitivity,"ISDA SIMM Methodology v2.8+2512 (based on v2.8+2512.2, 13 May 2026)",2.8+2512,2026-07-11,D.1,33,Table 3 risk weights per vertex,14,https://www.isda.org/a/hhkiE/ISDA-SIMM_v2.82512_PUBLIC.pdf,2026-10-02,8484d3de7dcb5280b6ad6458d051c50f8ccc3370bc279ae1c47a7bccb8064636,VERIFIED_PRIMARY,"two extractors agree (PyMuPDF, markitdown; sequence) + page image check"
2.8+2512,IR,delta_rw_inflation,any,,51,multiplier of per-1bp sensitivity,"ISDA SIMM Methodology v2.8+2512 (based on v2.8+2512.2, 13 May 2026)",2.8+2512,2026-07-11,D.1,33,text below Table 3,14,https://www.isda.org/a/hhkiE/ISDA-SIMM_v2.82512_PUBLIC.pdf,2026-10-02,8484d3de7dcb5280b6ad6458d051c50f8ccc3370bc279ae1c47a7bccb8064636,VERIFIED_PRIMARY,"two extractors agree (PyMuPDF, markitdown; sequence) + page image check"
2.8+2512,IR,delta_rw_xccy_basis,any,,21,multiplier of per-1bp sensitivity,"ISDA SIMM Methodology v2.8+2512 (based on v2.8+2512.2, 13 May 2026)",2.8+2512,2026-07-11,D.1,33,text below Table 3,14,https://www.isda.org/a/hhkiE/ISDA-SIMM_v2.82512_PUBLIC.pdf,2026-10-02,8484d3de7dcb5280b6ad6458d051c50f8ccc3370bc279ae1c47a7bccb8064636,VERIFIED_PRIMARY,"two extractors agree (PyMuPDF, markitdown; sequence) + page image check"
2.8+2512,IR,hvr,,,0.74,ratio,"ISDA SIMM Methodology v2.8+2512 (based on v2.8+2512.2, 13 May 2026)",2.8+2512,2026-07-11,D.1,34,text of paragraph 34 (no table),14,https://www.isda.org/a/hhkiE/ISDA-SIMM_v2.82512_PUBLIC.pdf,2026-10-02,8484d3de7dcb5280b6ad6458d051c50f8ccc3370bc279ae1c47a7bccb8064636,VERIFIED_PRIMARY,"two extractors agree (PyMuPDF, markitdown; sequence) + page image check"
2.8+2512,IR,vega_rw,,,0.2,ratio,"ISDA SIMM Methodology v2.8+2512 (based on v2.8+2512.2, 13 May 2026)",2.8+2512,2026-07-11,D.1,35,text of paragraph 35 (no table),14,https://www.isda.org/a/hhkiE/ISDA-SIMM_v2.82512_PUBLIC.pdf,2026-10-02,8484d3de7dcb5280b6ad6458d051c50f8ccc3370bc279ae1c47a7bccb8064636,VERIFIED_PRIMARY,"two extractors agree (PyMuPDF, markitdown; sequence) + page image check"
2.8+2512,IR,rw_group_member,regular,USD,1,membership,"ISDA SIMM Methodology v2.8+2512 (based on v2.8+2512.2, 13 May 2026)",2.8+2512,2026-07-11,D.1,33(1),text of paragraph 33(1) (no table),14,https://www.isda.org/a/hhkiE/ISDA-SIMM_v2.82512_PUBLIC.pdf,2026-10-02,8484d3de7dcb5280b6ad6458d051c50f8ccc3370bc279ae1c47a7bccb8064636,VERIFIED_PRIMARY,"two extractors agree (PyMuPDF, markitdown; sequence) + page image check"
2.8+2512,IR,rw_group_member,regular,EUR,1,membership,"ISDA SIMM Methodology v2.8+2512 (based on v2.8+2512.2, 13 May 2026)",2.8+2512,2026-07-11,D.1,33(1),text of paragraph 33(1) (no table),14,https://www.isda.org/a/hhkiE/ISDA-SIMM_v2.82512_PUBLIC.pdf,2026-10-02,8484d3de7dcb5280b6ad6458d051c50f8ccc3370bc279ae1c47a7bccb8064636,VERIFIED_PRIMARY,"two extractors agree (PyMuPDF, markitdown; sequence) + page image check"
2.8+2512,IR,rw_group_member,regular,GBP,1,membership,"ISDA SIMM Methodology v2.8+2512 (based on v2.8+2512.2, 13 May 2026)",2.8+2512,2026-07-11,D.1,33(1),text of paragraph 33(1) (no table),14,https://www.isda.org/a/hhkiE/ISDA-SIMM_v2.82512_PUBLIC.pdf,2026-10-02,8484d3de7dcb5280b6ad6458d051c50f8ccc3370bc279ae1c47a7bccb8064636,VERIFIED_PRIMARY,"two extractors agree (PyMuPDF, markitdown; sequence) + page image check"
2.8+2512,IR,rw_group_member,regular,CHF,1,membership,"ISDA SIMM Methodology v2.8+2512 (based on v2.8+2512.2, 13 May 2026)",2.8+2512,2026-07-11,D.1,33(1),text of paragraph 33(1) (no table),14,https://www.isda.org/a/hhkiE/ISDA-SIMM_v2.82512_PUBLIC.pdf,2026-10-02,8484d3de7dcb5280b6ad6458d051c50f8ccc3370bc279ae1c47a7bccb8064636,VERIFIED_PRIMARY,"two extractors agree (PyMuPDF, markitdown; sequence) + page image check"
2.8+2512,IR,rw_group_member,regular,AUD,1,membership,"ISDA SIMM Methodology v2.8+2512 (based on v2.8+2512.2, 13 May 2026)",2.8+2512,2026-07-11,D.1,33(1),text of paragraph 33(1) (no table),14,https://www.isda.org/a/hhkiE/ISDA-SIMM_v2.82512_PUBLIC.pdf,2026-10-02,8484d3de7dcb5280b6ad6458d051c50f8ccc3370bc279ae1c47a7bccb8064636,VERIFIED_PRIMARY,"two extractors agree (PyMuPDF, markitdown; sequence) + page image check"
2.8+2512,IR,rw_group_member,regular,NZD,1,membership,"ISDA SIMM Methodology v2.8+2512 (based on v2.8+2512.2, 13 May 2026)",2.8+2512,2026-07-11,D.1,33(1),text of paragraph 33(1) (no table),14,https://www.isda.org/a/hhkiE/ISDA-SIMM_v2.82512_PUBLIC.pdf,2026-10-02,8484d3de7dcb5280b6ad6458d051c50f8ccc3370bc279ae1c47a7bccb8064636,VERIFIED_PRIMARY,"two extractors agree (PyMuPDF, markitdown; sequence) + page image check"
2.8+2512,IR,rw_group_member,regular,CAD,1,membership,"ISDA SIMM Methodology v2.8+2512 (based on v2.8+2512.2, 13 May 2026)",2.8+2512,2026-07-11,D.1,33(1),text of paragraph 33(1) (no table),14,https://www.isda.org/a/hhkiE/ISDA-SIMM_v2.82512_PUBLIC.pdf,2026-10-02,8484d3de7dcb5280b6ad6458d051c50f8ccc3370bc279ae1c47a7bccb8064636,VERIFIED_PRIMARY,"two extractors agree (PyMuPDF, markitdown; sequence) + page image check"
2.8+2512,IR,rw_group_member,regular,SEK,1,membership,"ISDA SIMM Methodology v2.8+2512 (based on v2.8+2512.2, 13 May 2026)",2.8+2512,2026-07-11,D.1,33(1),text of paragraph 33(1) (no table),14,https://www.isda.org/a/hhkiE/ISDA-SIMM_v2.82512_PUBLIC.pdf,2026-10-02,8484d3de7dcb5280b6ad6458d051c50f8ccc3370bc279ae1c47a7bccb8064636,VERIFIED_PRIMARY,"two extractors agree (PyMuPDF, markitdown; sequence) + page image check"
2.8+2512,IR,rw_group_member,regular,NOK,1,membership,"ISDA SIMM Methodology v2.8+2512 (based on v2.8+2512.2, 13 May 2026)",2.8+2512,2026-07-11,D.1,33(1),text of paragraph 33(1) (no table),14,https://www.isda.org/a/hhkiE/ISDA-SIMM_v2.82512_PUBLIC.pdf,2026-10-02,8484d3de7dcb5280b6ad6458d051c50f8ccc3370bc279ae1c47a7bccb8064636,VERIFIED_PRIMARY,"two extractors agree (PyMuPDF, markitdown; sequence) + page image check"
2.8+2512,IR,rw_group_member,regular,DKK,1,membership,"ISDA SIMM Methodology v2.8+2512 (based on v2.8+2512.2, 13 May 2026)",2.8+2512,2026-07-11,D.1,33(1),text of paragraph 33(1) (no table),14,https://www.isda.org/a/hhkiE/ISDA-SIMM_v2.82512_PUBLIC.pdf,2026-10-02,8484d3de7dcb5280b6ad6458d051c50f8ccc3370bc279ae1c47a7bccb8064636,VERIFIED_PRIMARY,"two extractors agree (PyMuPDF, markitdown; sequence) + page image check"
2.8+2512,IR,rw_group_member,regular,HKD,1,membership,"ISDA SIMM Methodology v2.8+2512 (based on v2.8+2512.2, 13 May 2026)",2.8+2512,2026-07-11,D.1,33(1),text of paragraph 33(1) (no table),14,https://www.isda.org/a/hhkiE/ISDA-SIMM_v2.82512_PUBLIC.pdf,2026-10-02,8484d3de7dcb5280b6ad6458d051c50f8ccc3370bc279ae1c47a7bccb8064636,VERIFIED_PRIMARY,"two extractors agree (PyMuPDF, markitdown; sequence) + page image check"
2.8+2512,IR,rw_group_member,regular,KRW,1,membership,"ISDA SIMM Methodology v2.8+2512 (based on v2.8+2512.2, 13 May 2026)",2.8+2512,2026-07-11,D.1,33(1),text of paragraph 33(1) (no table),14,https://www.isda.org/a/hhkiE/ISDA-SIMM_v2.82512_PUBLIC.pdf,2026-10-02,8484d3de7dcb5280b6ad6458d051c50f8ccc3370bc279ae1c47a7bccb8064636,VERIFIED_PRIMARY,"two extractors agree (PyMuPDF, markitdown; sequence) + page image check"
2.8+2512,IR,rw_group_member,regular,SGD,1,membership,"ISDA SIMM Methodology v2.8+2512 (based on v2.8+2512.2, 13 May 2026)",2.8+2512,2026-07-11,D.1,33(1),text of paragraph 33(1) (no table),14,https://www.isda.org/a/hhkiE/ISDA-SIMM_v2.82512_PUBLIC.pdf,2026-10-02,8484d3de7dcb5280b6ad6458d051c50f8ccc3370bc279ae1c47a7bccb8064636,VERIFIED_PRIMARY,"two extractors agree (PyMuPDF, markitdown; sequence) + page image check"
2.8+2512,IR,rw_group_member,regular,TWD,1,membership,"ISDA SIMM Methodology v2.8+2512 (based on v2.8+2512.2, 13 May 2026)",2.8+2512,2026-07-11,D.1,33(1),text of paragraph 33(1) (no table),14,https://www.isda.org/a/hhkiE/ISDA-SIMM_v2.82512_PUBLIC.pdf,2026-10-02,8484d3de7dcb5280b6ad6458d051c50f8ccc3370bc279ae1c47a7bccb8064636,VERIFIED_PRIMARY,"two extractors agree (PyMuPDF, markitdown; sequence) + page image check"
2.8+2512,IR,rw_group_member,low,JPY,1,membership,"ISDA SIMM Methodology v2.8+2512 (based on v2.8+2512.2, 13 May 2026)",2.8+2512,2026-07-11,D.1,33(2),text of paragraph 33(2) (no table),14,https://www.isda.org/a/hhkiE/ISDA-SIMM_v2.82512_PUBLIC.pdf,2026-10-02,8484d3de7dcb5280b6ad6458d051c50f8ccc3370bc279ae1c47a7bccb8064636,VERIFIED_PRIMARY,"two extractors agree (PyMuPDF, markitdown; sequence) + page image check"
2.8+2512,IR,rw_group_member,high,ALL_OTHER,1,membership,"ISDA SIMM Methodology v2.8+2512 (based on v2.8+2512.2, 13 May 2026)",2.8+2512,2026-07-11,D.1,33(3),all currencies not in the regular or low lists,14,https://www.isda.org/a/hhkiE/ISDA-SIMM_v2.82512_PUBLIC.pdf,2026-10-02,8484d3de7dcb5280b6ad6458d051c50f8ccc3370bc279ae1c47a7bccb8064636,VERIFIED_PRIMARY,"two extractors agree (PyMuPDF, markitdown; sequence) + page image check"
2.8+2512,IR,delta_tenor_corr,2w,2w,1,fraction,"ISDA SIMM Methodology v2.8+2512 (based on v2.8+2512.2, 13 May 2026)",2.8+2512,2026-07-11,D.2,36,correlation matrix for aggregated weighted sensitivities or risk exposures (row 2w),14,https://www.isda.org/a/hhkiE/ISDA-SIMM_v2.82512_PUBLIC.pdf,2026-10-02,8484d3de7dcb5280b6ad6458d051c50f8ccc3370bc279ae1c47a7bccb8064636,VERIFIED_PRIMARY,"two extractors agree (PyMuPDF, markitdown; sequence) + page image check; diagonal blank in source, 1 by definition"
2.8+2512,IR,delta_tenor_corr,2w,1m,0.74,fraction,"ISDA SIMM Methodology v2.8+2512 (based on v2.8+2512.2, 13 May 2026)",2.8+2512,2026-07-11,D.2,36,correlation matrix for aggregated weighted sensitivities or risk exposures (row 2w),14,https://www.isda.org/a/hhkiE/ISDA-SIMM_v2.82512_PUBLIC.pdf,2026-10-02,8484d3de7dcb5280b6ad6458d051c50f8ccc3370bc279ae1c47a7bccb8064636,VERIFIED_PRIMARY,"two extractors agree (PyMuPDF, markitdown; sequence) + page image check"
2.8+2512,IR,delta_tenor_corr,2w,3m,0.65,fraction,"ISDA SIMM Methodology v2.8+2512 (based on v2.8+2512.2, 13 May 2026)",2.8+2512,2026-07-11,D.2,36,correlation matrix for aggregated weighted sensitivities or risk exposures (row 2w),14,https://www.isda.org/a/hhkiE/ISDA-SIMM_v2.82512_PUBLIC.pdf,2026-10-02,8484d3de7dcb5280b6ad6458d051c50f8ccc3370bc279ae1c47a7bccb8064636,VERIFIED_PRIMARY,"two extractors agree (PyMuPDF, markitdown; sequence) + page image check"
2.8+2512,IR,delta_tenor_corr,2w,6m,0.54,fraction,"ISDA SIMM Methodology v2.8+2512 (based on v2.8+2512.2, 13 May 2026)",2.8+2512,2026-07-11,D.2,36,correlation matrix for aggregated weighted sensitivities or risk exposures (row 2w),14,https://www.isda.org/a/hhkiE/ISDA-SIMM_v2.82512_PUBLIC.pdf,2026-10-02,8484d3de7dcb5280b6ad6458d051c50f8ccc3370bc279ae1c47a7bccb8064636,VERIFIED_PRIMARY,"two extractors agree (PyMuPDF, markitdown; sequence) + page image check"
2.8+2512,IR,delta_tenor_corr,2w,1y,0.4,fraction,"ISDA SIMM Methodology v2.8+2512 (based on v2.8+2512.2, 13 May 2026)",2.8+2512,2026-07-11,D.2,36,correlation matrix for aggregated weighted sensitivities or risk exposures (row 2w),14,https://www.isda.org/a/hhkiE/ISDA-SIMM_v2.82512_PUBLIC.pdf,2026-10-02,8484d3de7dcb5280b6ad6458d051c50f8ccc3370bc279ae1c47a7bccb8064636,VERIFIED_PRIMARY,"two extractors agree (PyMuPDF, markitdown; sequence) + page image check"
2.8+2512,IR,delta_tenor_corr,2w,2y,0.29,fraction,"ISDA SIMM Methodology v2.8+2512 (based on v2.8+2512.2, 13 May 2026)",2.8+2512,2026-07-11,D.2,36,correlation matrix for aggregated weighted sensitivities or risk exposures (row 2w),14,https://www.isda.org/a/hhkiE/ISDA-SIMM_v2.82512_PUBLIC.pdf,2026-10-02,8484d3de7dcb5280b6ad6458d051c50f8ccc3370bc279ae1c47a7bccb8064636,VERIFIED_PRIMARY,"two extractors agree (PyMuPDF, markitdown; sequence) + page image check"
2.8+2512,IR,delta_tenor_corr,2w,3y,0.25,fraction,"ISDA SIMM Methodology v2.8+2512 (based on v2.8+2512.2, 13 May 2026)",2.8+2512,2026-07-11,D.2,36,correlation matrix for aggregated weighted sensitivities or risk exposures (row 2w),14,https://www.isda.org/a/hhkiE/ISDA-SIMM_v2.82512_PUBLIC.pdf,2026-10-02,8484d3de7dcb5280b6ad6458d051c50f8ccc3370bc279ae1c47a7bccb8064636,VERIFIED_PRIMARY,"two extractors agree (PyMuPDF, markitdown; sequence) + page image check"
2.8+2512,IR,delta_tenor_corr,2w,5y,0.22,fraction,"ISDA SIMM Methodology v2.8+2512 (based on v2.8+2512.2, 13 May 2026)",2.8+2512,2026-07-11,D.2,36,correlation matrix for aggregated weighted sensitivities or risk exposures (row 2w),14,https://www.isda.org/a/hhkiE/ISDA-SIMM_v2.82512_PUBLIC.pdf,2026-10-02,8484d3de7dcb5280b6ad6458d051c50f8ccc3370bc279ae1c47a7bccb8064636,VERIFIED_PRIMARY,"two extractors agree (PyMuPDF, markitdown; sequence) + page image check"
2.8+2512,IR,delta_tenor_corr,2w,10y,0.17,fraction,"ISDA SIMM Methodology v2.8+2512 (based on v2.8+2512.2, 13 May 2026)",2.8+2512,2026-07-11,D.2,36,correlation matrix for aggregated weighted sensitivities or risk exposures (row 2w),14,https://www.isda.org/a/hhkiE/ISDA-SIMM_v2.82512_PUBLIC.pdf,2026-10-02,8484d3de7dcb5280b6ad6458d051c50f8ccc3370bc279ae1c47a7bccb8064636,VERIFIED_PRIMARY,"two extractors agree (PyMuPDF, markitdown; sequence) + page image check"
2.8+2512,IR,delta_tenor_corr,2w,15y,0.16,fraction,"ISDA SIMM Methodology v2.8+2512 (based on v2.8+2512.2, 13 May 2026)",2.8+2512,2026-07-11,D.2,36,correlation matrix for aggregated weighted sensitivities or risk exposures (row 2w),14,https://www.isda.org/a/hhkiE/ISDA-SIMM_v2.82512_PUBLIC.pdf,2026-10-02,8484d3de7dcb5280b6ad6458d051c50f8ccc3370bc279ae1c47a7bccb8064636,VERIFIED_PRIMARY,"two extractors agree (PyMuPDF, markitdown; sequence) + page image check"
2.8+2512,IR,delta_tenor_corr,2w,20y,0.14,fraction,"ISDA SIMM Methodology v2.8+2512 (based on v2.8+2512.2, 13 May 2026)",2.8+2512,2026-07-11,D.2,36,correlation matrix for aggregated weighted sensitivities or risk exposures (row 2w),14,https://www.isda.org/a/hhkiE/ISDA-SIMM_v2.82512_PUBLIC.pdf,2026-10-02,8484d3de7dcb5280b6ad6458d051c50f8ccc3370bc279ae1c47a7bccb8064636,VERIFIED_PRIMARY,"two extractors agree (PyMuPDF, markitdown; sequence) + page image check"
2.8+2512,IR,delta_tenor_corr,2w,30y,0.14,fraction,"ISDA SIMM Methodology v2.8+2512 (based on v2.8+2512.2, 13 May 2026)",2.8+2512,2026-07-11,D.2,36,correlation matrix for aggregated weighted sensitivities or risk exposures (row 2w),14,https://www.isda.org/a/hhkiE/ISDA-SIMM_v2.82512_PUBLIC.pdf,2026-10-02,8484d3de7dcb5280b6ad6458d051c50f8ccc3370bc279ae1c47a7bccb8064636,VERIFIED_PRIMARY,"two extractors agree (PyMuPDF, markitdown; sequence) + page image check"
2.8+2512,IR,delta_tenor_corr,1m,2w,0.74,fraction,"ISDA SIMM Methodology v2.8+2512 (based on v2.8+2512.2, 13 May 2026)",2.8+2512,2026-07-11,D.2,36,correlation matrix for aggregated weighted sensitivities or risk exposures (row 1m),14,https://www.isda.org/a/hhkiE/ISDA-SIMM_v2.82512_PUBLIC.pdf,2026-10-02,8484d3de7dcb5280b6ad6458d051c50f8ccc3370bc279ae1c47a7bccb8064636,VERIFIED_PRIMARY,"two extractors agree (PyMuPDF, markitdown; sequence) + page image check"
2.8+2512,IR,delta_tenor_corr,1m,1m,1,fraction,"ISDA SIMM Methodology v2.8+2512 (based on v2.8+2512.2, 13 May 2026)",2.8+2512,2026-07-11,D.2,36,correlation matrix for aggregated weighted sensitivities or risk exposures (row 1m),14,https://www.isda.org/a/hhkiE/ISDA-SIMM_v2.82512_PUBLIC.pdf,2026-10-02,8484d3de7dcb5280b6ad6458d051c50f8ccc3370bc279ae1c47a7bccb8064636,VERIFIED_PRIMARY,"two extractors agree (PyMuPDF, markitdown; sequence) + page image check; diagonal blank in source, 1 by definition"
2.8+2512,IR,delta_tenor_corr,1m,3m,0.85,fraction,"ISDA SIMM Methodology v2.8+2512 (based on v2.8+2512.2, 13 May 2026)",2.8+2512,2026-07-11,D.2,36,correlation matrix for aggregated weighted sensitivities or risk exposures (row 1m),14,https://www.isda.org/a/hhkiE/ISDA-SIMM_v2.82512_PUBLIC.pdf,2026-10-02,8484d3de7dcb5280b6ad6458d051c50f8ccc3370bc279ae1c47a7bccb8064636,VERIFIED_PRIMARY,"two extractors agree (PyMuPDF, markitdown; sequence) + page image check"
2.8+2512,IR,delta_tenor_corr,1m,6m,0.72,fraction,"ISDA SIMM Methodology v2.8+2512 (based on v2.8+2512.2, 13 May 2026)",2.8+2512,2026-07-11,D.2,36,correlation matrix for aggregated weighted sensitivities or risk exposures (row 1m),14,https://www.isda.org/a/hhkiE/ISDA-SIMM_v2.82512_PUBLIC.pdf,2026-10-02,8484d3de7dcb5280b6ad6458d051c50f8ccc3370bc279ae1c47a7bccb8064636,VERIFIED_PRIMARY,"two extractors agree (PyMuPDF, markitdown; sequence) + page image check"
2.8+2512,IR,delta_tenor_corr,1m,1y,0.5,fraction,"ISDA SIMM Methodology v2.8+2512 (based on v2.8+2512.2, 13 May 2026)",2.8+2512,2026-07-11,D.2,36,correlation matrix for aggregated weighted sensitivities or risk exposures (row 1m),14,https://www.isda.org/a/hhkiE/ISDA-SIMM_v2.82512_PUBLIC.pdf,2026-10-02,8484d3de7dcb5280b6ad6458d051c50f8ccc3370bc279ae1c47a7bccb8064636,VERIFIED_PRIMARY,"two extractors agree (PyMuPDF, markitdown; sequence) + page image check"
2.8+2512,IR,delta_tenor_corr,1m,2y,0.36,fraction,"ISDA SIMM Methodology v2.8+2512 (based on v2.8+2512.2, 13 May 2026)",2.8+2512,2026-07-11,D.2,36,correlation matrix for aggregated weighted sensitivities or risk exposures (row 1m),14,https://www.isda.org/a/hhkiE/ISDA-SIMM_v2.82512_PUBLIC.pdf,2026-10-02,8484d3de7dcb5280b6ad6458d051c50f8ccc3370bc279ae1c47a7bccb8064636,VERIFIED_PRIMARY,"two extractors agree (PyMuPDF, markitdown; sequence) + page image check"
2.8+2512,IR,delta_tenor_corr,1m,3y,0.3,fraction,"ISDA SIMM Methodology v2.8+2512 (based on v2.8+2512.2, 13 May 2026)",2.8+2512,2026-07-11,D.2,36,correlation matrix for aggregated weighted sensitivities or risk exposures (row 1m),14,https://www.isda.org/a/hhkiE/ISDA-SIMM_v2.82512_PUBLIC.pdf,2026-10-02,8484d3de7dcb5280b6ad6458d051c50f8ccc3370bc279ae1c47a7bccb8064636,VERIFIED_PRIMARY,"two extractors agree (PyMuPDF, markitdown; sequence) + page image check"
2.8+2512,IR,delta_tenor_corr,1m,5y,0.25,fraction,"ISDA SIMM Methodology v2.8+2512 (based on v2.8+2512.2, 13 May 2026)",2.8+2512,2026-07-11,D.2,36,correlation matrix for aggregated weighted sensitivities or risk exposures (row 1m),14,https://www.isda.org/a/hhkiE/ISDA-SIMM_v2.82512_PUBLIC.pdf,2026-10-02,8484d3de7dcb5280b6ad6458d051c50f8ccc3370bc279ae1c47a7bccb8064636,VERIFIED_PRIMARY,"two extractors agree (PyMuPDF, markitdown; sequence) + page image check"
2.8+2512,IR,delta_tenor_corr,1m,10y,0.2,fraction,"ISDA SIMM Methodology v2.8+2512 (based on v2.8+2512.2, 13 May 2026)",2.8+2512,2026-07-11,D.2,36,correlation matrix for aggregated weighted sensitivities or risk exposures (row 1m),14,https://www.isda.org/a/hhkiE/ISDA-SIMM_v2.82512_PUBLIC.pdf,2026-10-02,8484d3de7dcb5280b6ad6458d051c50f8ccc3370bc279ae1c47a7bccb8064636,VERIFIED_PRIMARY,"two extractors agree (PyMuPDF, markitdown; sequence) + page image check"
2.8+2512,IR,delta_tenor_corr,1m,15y,0.16,fraction,"ISDA SIMM Methodology v2.8+2512 (based on v2.8+2512.2, 13 May 2026)",2.8+2512,2026-07-11,D.2,36,correlation matrix for aggregated weighted sensitivities or risk exposures (row 1m),14,https://www.isda.org/a/hhkiE/ISDA-SIMM_v2.82512_PUBLIC.pdf,2026-10-02,8484d3de7dcb5280b6ad6458d051c50f8ccc3370bc279ae1c47a7bccb8064636,VERIFIED_PRIMARY,"two extractors agree (PyMuPDF, markitdown; sequence) + page image check"
2.8+2512,IR,delta_tenor_corr,1m,20y,0.14,fraction,"ISDA SIMM Methodology v2.8+2512 (based on v2.8+2512.2, 13 May 2026)",2.8+2512,2026-07-11,D.2,36,correlation matrix for aggregated weighted sensitivities or risk exposures (row 1m),14,https://www.isda.org/a/hhkiE/ISDA-SIMM_v2.82512_PUBLIC.pdf,2026-10-02,8484d3de7dcb5280b6ad6458d051c50f8ccc3370bc279ae1c47a7bccb8064636,VERIFIED_PRIMARY,"two extractors agree (PyMuPDF, markitdown; sequence) + page image check"
2.8+2512,IR,delta_tenor_corr,1m,30y,0.14,fraction,"ISDA SIMM Methodology v2.8+2512 (based on v2.8+2512.2, 13 May 2026)",2.8+2512,2026-07-11,D.2,36,correlation matrix for aggregated weighted sensitivities or risk exposures (row 1m),14,https://www.isda.org/a/hhkiE/ISDA-SIMM_v2.82512_PUBLIC.pdf,2026-10-02,8484d3de7dcb5280b6ad6458d051c50f8ccc3370bc279ae1c47a7bccb8064636,VERIFIED_PRIMARY,"two extractors agree (PyMuPDF, markitdown; sequence) + page image check"
2.8+2512,IR,delta_tenor_corr,3m,2w,0.65,fraction,"ISDA SIMM Methodology v2.8+2512 (based on v2.8+2512.2, 13 May 2026)",2.8+2512,2026-07-11,D.2,36,correlation matrix for aggregated weighted sensitivities or risk exposures (row 3m),14,https://www.isda.org/a/hhkiE/ISDA-SIMM_v2.82512_PUBLIC.pdf,2026-10-02,8484d3de7dcb5280b6ad6458d051c50f8ccc3370bc279ae1c47a7bccb8064636,VERIFIED_PRIMARY,"two extractors agree (PyMuPDF, markitdown; sequence) + page image check"
2.8+2512,IR,delta_tenor_corr,3m,1m,0.85,fraction,"ISDA SIMM Methodology v2.8+2512 (based on v2.8+2512.2, 13 May 2026)",2.8+2512,2026-07-11,D.2,36,correlation matrix for aggregated weighted sensitivities or risk exposures (row 3m),14,https://www.isda.org/a/hhkiE/ISDA-SIMM_v2.82512_PUBLIC.pdf,2026-10-02,8484d3de7dcb5280b6ad6458d051c50f8ccc3370bc279ae1c47a7bccb8064636,VERIFIED_PRIMARY,"two extractors agree (PyMuPDF, markitdown; sequence) + page image check"
2.8+2512,IR,delta_tenor_corr,3m,3m,1,fraction,"ISDA SIMM Methodology v2.8+2512 (based on v2.8+2512.2, 13 May 2026)",2.8+2512,2026-07-11,D.2,36,correlation matrix for aggregated weighted sensitivities or risk exposures (row 3m),14,https://www.isda.org/a/hhkiE/ISDA-SIMM_v2.82512_PUBLIC.pdf,2026-10-02,8484d3de7dcb5280b6ad6458d051c50f8ccc3370bc279ae1c47a7bccb8064636,VERIFIED_PRIMARY,"two extractors agree (PyMuPDF, markitdown; sequence) + page image check; diagonal blank in source, 1 by definition"
2.8+2512,IR,delta_tenor_corr,3m,6m,0.9,fraction,"ISDA SIMM Methodology v2.8+2512 (based on v2.8+2512.2, 13 May 2026)",2.8+2512,2026-07-11,D.2,36,correlation matrix for aggregated weighted sensitivities or risk exposures (row 3m),14,https://www.isda.org/a/hhkiE/ISDA-SIMM_v2.82512_PUBLIC.pdf,2026-10-02,8484d3de7dcb5280b6ad6458d051c50f8ccc3370bc279ae1c47a7bccb8064636,VERIFIED_PRIMARY,"two extractors agree (PyMuPDF, markitdown; sequence) + page image check"
2.8+2512,IR,delta_tenor_corr,3m,1y,0.69,fraction,"ISDA SIMM Methodology v2.8+2512 (based on v2.8+2512.2, 13 May 2026)",2.8+2512,2026-07-11,D.2,36,correlation matrix for aggregated weighted sensitivities or risk exposures (row 3m),14,https://www.isda.org/a/hhkiE/ISDA-SIMM_v2.82512_PUBLIC.pdf,2026-10-02,8484d3de7dcb5280b6ad6458d051c50f8ccc3370bc279ae1c47a7bccb8064636,VERIFIED_PRIMARY,"two extractors agree (PyMuPDF, markitdown; sequence) + page image check"
2.8+2512,IR,delta_tenor_corr,3m,2y,0.53,fraction,"ISDA SIMM Methodology v2.8+2512 (based on v2.8+2512.2, 13 May 2026)",2.8+2512,2026-07-11,D.2,36,correlation matrix for aggregated weighted sensitivities or risk exposures (row 3m),14,https://www.isda.org/a/hhkiE/ISDA-SIMM_v2.82512_PUBLIC.pdf,2026-10-02,8484d3de7dcb5280b6ad6458d051c50f8ccc3370bc279ae1c47a7bccb8064636,VERIFIED_PRIMARY,"two extractors agree (PyMuPDF, markitdown; sequence) + page image check"
2.8+2512,IR,delta_tenor_corr,3m,3y,0.46,fraction,"ISDA SIMM Methodology v2.8+2512 (based on v2.8+2512.2, 13 May 2026)",2.8+2512,2026-07-11,D.2,36,correlation matrix for aggregated weighted sensitivities or risk exposures (row 3m),14,https://www.isda.org/a/hhkiE/ISDA-SIMM_v2.82512_PUBLIC.pdf,2026-10-02,8484d3de7dcb5280b6ad6458d051c50f8ccc3370bc279ae1c47a7bccb8064636,VERIFIED_PRIMARY,"two extractors agree (PyMuPDF, markitdown; sequence) + page image check"
2.8+2512,IR,delta_tenor_corr,3m,5y,0.4,fraction,"ISDA SIMM Methodology v2.8+2512 (based on v2.8+2512.2, 13 May 2026)",2.8+2512,2026-07-11,D.2,36,correlation matrix for aggregated weighted sensitivities or risk exposures (row 3m),14,https://www.isda.org/a/hhkiE/ISDA-SIMM_v2.82512_PUBLIC.pdf,2026-10-02,8484d3de7dcb5280b6ad6458d051c50f8ccc3370bc279ae1c47a7bccb8064636,VERIFIED_PRIMARY,"two extractors agree (PyMuPDF, markitdown; sequence) + page image check"
2.8+2512,IR,delta_tenor_corr,3m,10y,0.34,fraction,"ISDA SIMM Methodology v2.8+2512 (based on v2.8+2512.2, 13 May 2026)",2.8+2512,2026-07-11,D.2,36,correlation matrix for aggregated weighted sensitivities or risk exposures (row 3m),14,https://www.isda.org/a/hhkiE/ISDA-SIMM_v2.82512_PUBLIC.pdf,2026-10-02,8484d3de7dcb5280b6ad6458d051c50f8ccc3370bc279ae1c47a7bccb8064636,VERIFIED_PRIMARY,"two extractors agree (PyMuPDF, markitdown; sequence) + page image check"
2.8+2512,IR,delta_tenor_corr,3m,15y,0.27,fraction,"ISDA SIMM Methodology v2.8+2512 (based on v2.8+2512.2, 13 May 2026)",2.8+2512,2026-07-11,D.2,36,correlation matrix for aggregated weighted sensitivities or risk exposures (row 3m),14,https://www.isda.org/a/hhkiE/ISDA-SIMM_v2.82512_PUBLIC.pdf,2026-10-02,8484d3de7dcb5280b6ad6458d051c50f8ccc3370bc279ae1c47a7bccb8064636,VERIFIED_PRIMARY,"two extractors agree (PyMuPDF, markitdown; sequence) + page image check"
2.8+2512,IR,delta_tenor_corr,3m,20y,0.25,fraction,"ISDA SIMM Methodology v2.8+2512 (based on v2.8+2512.2, 13 May 2026)",2.8+2512,2026-07-11,D.2,36,correlation matrix for aggregated weighted sensitivities or risk exposures (row 3m),14,https://www.isda.org/a/hhkiE/ISDA-SIMM_v2.82512_PUBLIC.pdf,2026-10-02,8484d3de7dcb5280b6ad6458d051c50f8ccc3370bc279ae1c47a7bccb8064636,VERIFIED_PRIMARY,"two extractors agree (PyMuPDF, markitdown; sequence) + page image check"
2.8+2512,IR,delta_tenor_corr,3m,30y,0.25,fraction,"ISDA SIMM Methodology v2.8+2512 (based on v2.8+2512.2, 13 May 2026)",2.8+2512,2026-07-11,D.2,36,correlation matrix for aggregated weighted sensitivities or risk exposures (row 3m),14,https://www.isda.org/a/hhkiE/ISDA-SIMM_v2.82512_PUBLIC.pdf,2026-10-02,8484d3de7dcb5280b6ad6458d051c50f8ccc3370bc279ae1c47a7bccb8064636,VERIFIED_PRIMARY,"two extractors agree (PyMuPDF, markitdown; sequence) + page image check"
2.8+2512,IR,delta_tenor_corr,6m,2w,0.54,fraction,"ISDA SIMM Methodology v2.8+2512 (based on v2.8+2512.2, 13 May 2026)",2.8+2512,2026-07-11,D.2,36,correlation matrix for aggregated weighted sensitivities or risk exposures (row 6m),14,https://www.isda.org/a/hhkiE/ISDA-SIMM_v2.82512_PUBLIC.pdf,2026-10-02,8484d3de7dcb5280b6ad6458d051c50f8ccc3370bc279ae1c47a7bccb8064636,VERIFIED_PRIMARY,"two extractors agree (PyMuPDF, markitdown; sequence) + page image check"
2.8+2512,IR,delta_tenor_corr,6m,1m,0.72,fraction,"ISDA SIMM Methodology v2.8+2512 (based on v2.8+2512.2, 13 May 2026)",2.8+2512,2026-07-11,D.2,36,correlation matrix for aggregated weighted sensitivities or risk exposures (row 6m),14,https://www.isda.org/a/hhkiE/ISDA-SIMM_v2.82512_PUBLIC.pdf,2026-10-02,8484d3de7dcb5280b6ad6458d051c50f8ccc3370bc279ae1c47a7bccb8064636,VERIFIED_PRIMARY,"two extractors agree (PyMuPDF, markitdown; sequence) + page image check"
2.8+2512,IR,delta_tenor_corr,6m,3m,0.9,fraction,"ISDA SIMM Methodology v2.8+2512 (based on v2.8+2512.2, 13 May 2026)",2.8+2512,2026-07-11,D.2,36,correlation matrix for aggregated weighted sensitivities or risk exposures (row 6m),14,https://www.isda.org/a/hhkiE/ISDA-SIMM_v2.82512_PUBLIC.pdf,2026-10-02,8484d3de7dcb5280b6ad6458d051c50f8ccc3370bc279ae1c47a7bccb8064636,VERIFIED_PRIMARY,"two extractors agree (PyMuPDF, markitdown; sequence) + page image check"
2.8+2512,IR,delta_tenor_corr,6m,6m,1,fraction,"ISDA SIMM Methodology v2.8+2512 (based on v2.8+2512.2, 13 May 2026)",2.8+2512,2026-07-11,D.2,36,correlation matrix for aggregated weighted sensitivities or risk exposures (row 6m),14,https://www.isda.org/a/hhkiE/ISDA-SIMM_v2.82512_PUBLIC.pdf,2026-10-02,8484d3de7dcb5280b6ad6458d051c50f8ccc3370bc279ae1c47a7bccb8064636,VERIFIED_PRIMARY,"two extractors agree (PyMuPDF, markitdown; sequence) + page image check; diagonal blank in source, 1 by definition"
2.8+2512,IR,delta_tenor_corr,6m,1y,0.86,fraction,"ISDA SIMM Methodology v2.8+2512 (based on v2.8+2512.2, 13 May 2026)",2.8+2512,2026-07-11,D.2,36,correlation matrix for aggregated weighted sensitivities or risk exposures (row 6m),14,https://www.isda.org/a/hhkiE/ISDA-SIMM_v2.82512_PUBLIC.pdf,2026-10-02,8484d3de7dcb5280b6ad6458d051c50f8ccc3370bc279ae1c47a7bccb8064636,VERIFIED_PRIMARY,"two extractors agree (PyMuPDF, markitdown; sequence) + page image check"
2.8+2512,IR,delta_tenor_corr,6m,2y,0.73,fraction,"ISDA SIMM Methodology v2.8+2512 (based on v2.8+2512.2, 13 May 2026)",2.8+2512,2026-07-11,D.2,36,correlation matrix for aggregated weighted sensitivities or risk exposures (row 6m),14,https://www.isda.org/a/hhkiE/ISDA-SIMM_v2.82512_PUBLIC.pdf,2026-10-02,8484d3de7dcb5280b6ad6458d051c50f8ccc3370bc279ae1c47a7bccb8064636,VERIFIED_PRIMARY,"two extractors agree (PyMuPDF, markitdown; sequence) + page image check"
2.8+2512,IR,delta_tenor_corr,6m,3y,0.65,fraction,"ISDA SIMM Methodology v2.8+2512 (based on v2.8+2512.2, 13 May 2026)",2.8+2512,2026-07-11,D.2,36,correlation matrix for aggregated weighted sensitivities or risk exposures (row 6m),14,https://www.isda.org/a/hhkiE/ISDA-SIMM_v2.82512_PUBLIC.pdf,2026-10-02,8484d3de7dcb5280b6ad6458d051c50f8ccc3370bc279ae1c47a7bccb8064636,VERIFIED_PRIMARY,"two extractors agree (PyMuPDF, markitdown; sequence) + page image check"
2.8+2512,IR,delta_tenor_corr,6m,5y,0.58,fraction,"ISDA SIMM Methodology v2.8+2512 (based on v2.8+2512.2, 13 May 2026)",2.8+2512,2026-07-11,D.2,36,correlation matrix for aggregated weighted sensitivities or risk exposures (row 6m),14,https://www.isda.org/a/hhkiE/ISDA-SIMM_v2.82512_PUBLIC.pdf,2026-10-02,8484d3de7dcb5280b6ad6458d051c50f8ccc3370bc279ae1c47a7bccb8064636,VERIFIED_PRIMARY,"two extractors agree (PyMuPDF, markitdown; sequence) + page image check"
2.8+2512,IR,delta_tenor_corr,6m,10y,0.52,fraction,"ISDA SIMM Methodology v2.8+2512 (based on v2.8+2512.2, 13 May 2026)",2.8+2512,2026-07-11,D.2,36,correlation matrix for aggregated weighted sensitivities or risk exposures (row 6m),14,https://www.isda.org/a/hhkiE/ISDA-SIMM_v2.82512_PUBLIC.pdf,2026-10-02,8484d3de7dcb5280b6ad6458d051c50f8ccc3370bc279ae1c47a7bccb8064636,VERIFIED_PRIMARY,"two extractors agree (PyMuPDF, markitdown; sequence) + page image check"
2.8+2512,IR,delta_tenor_corr,6m,15y,0.47,fraction,"ISDA SIMM Methodology v2.8+2512 (based on v2.8+2512.2, 13 May 2026)",2.8+2512,2026-07-11,D.2,36,correlation matrix for aggregated weighted sensitivities or risk exposures (row 6m),14,https://www.isda.org/a/hhkiE/ISDA-SIMM_v2.82512_PUBLIC.pdf,2026-10-02,8484d3de7dcb5280b6ad6458d051c50f8ccc3370bc279ae1c47a7bccb8064636,VERIFIED_PRIMARY,"two extractors agree (PyMuPDF, markitdown; sequence) + page image check"
2.8+2512,IR,delta_tenor_corr,6m,20y,0.44,fraction,"ISDA SIMM Methodology v2.8+2512 (based on v2.8+2512.2, 13 May 2026)",2.8+2512,2026-07-11,D.2,36,correlation matrix for aggregated weighted sensitivities or risk exposures (row 6m),14,https://www.isda.org/a/hhkiE/ISDA-SIMM_v2.82512_PUBLIC.pdf,2026-10-02,8484d3de7dcb5280b6ad6458d051c50f8ccc3370bc279ae1c47a7bccb8064636,VERIFIED_PRIMARY,"two extractors agree (PyMuPDF, markitdown; sequence) + page image check"
2.8+2512,IR,delta_tenor_corr,6m,30y,0.42,fraction,"ISDA SIMM Methodology v2.8+2512 (based on v2.8+2512.2, 13 May 2026)",2.8+2512,2026-07-11,D.2,36,correlation matrix for aggregated weighted sensitivities or risk exposures (row 6m),14,https://www.isda.org/a/hhkiE/ISDA-SIMM_v2.82512_PUBLIC.pdf,2026-10-02,8484d3de7dcb5280b6ad6458d051c50f8ccc3370bc279ae1c47a7bccb8064636,VERIFIED_PRIMARY,"two extractors agree (PyMuPDF, markitdown; sequence) + page image check"
2.8+2512,IR,delta_tenor_corr,1y,2w,0.4,fraction,"ISDA SIMM Methodology v2.8+2512 (based on v2.8+2512.2, 13 May 2026)",2.8+2512,2026-07-11,D.2,36,correlation matrix for aggregated weighted sensitivities or risk exposures (row 1y),15,https://www.isda.org/a/hhkiE/ISDA-SIMM_v2.82512_PUBLIC.pdf,2026-10-02,8484d3de7dcb5280b6ad6458d051c50f8ccc3370bc279ae1c47a7bccb8064636,VERIFIED_PRIMARY,"two extractors agree (PyMuPDF, markitdown; sequence) + page image check"
2.8+2512,IR,delta_tenor_corr,1y,1m,0.5,fraction,"ISDA SIMM Methodology v2.8+2512 (based on v2.8+2512.2, 13 May 2026)",2.8+2512,2026-07-11,D.2,36,correlation matrix for aggregated weighted sensitivities or risk exposures (row 1y),15,https://www.isda.org/a/hhkiE/ISDA-SIMM_v2.82512_PUBLIC.pdf,2026-10-02,8484d3de7dcb5280b6ad6458d051c50f8ccc3370bc279ae1c47a7bccb8064636,VERIFIED_PRIMARY,"two extractors agree (PyMuPDF, markitdown; sequence) + page image check"
2.8+2512,IR,delta_tenor_corr,1y,3m,0.69,fraction,"ISDA SIMM Methodology v2.8+2512 (based on v2.8+2512.2, 13 May 2026)",2.8+2512,2026-07-11,D.2,36,correlation matrix for aggregated weighted sensitivities or risk exposures (row 1y),15,https://www.isda.org/a/hhkiE/ISDA-SIMM_v2.82512_PUBLIC.pdf,2026-10-02,8484d3de7dcb5280b6ad6458d051c50f8ccc3370bc279ae1c47a7bccb8064636,VERIFIED_PRIMARY,"two extractors agree (PyMuPDF, markitdown; sequence) + page image check"
2.8+2512,IR,delta_tenor_corr,1y,6m,0.86,fraction,"ISDA SIMM Methodology v2.8+2512 (based on v2.8+2512.2, 13 May 2026)",2.8+2512,2026-07-11,D.2,36,correlation matrix for aggregated weighted sensitivities or risk exposures (row 1y),15,https://www.isda.org/a/hhkiE/ISDA-SIMM_v2.82512_PUBLIC.pdf,2026-10-02,8484d3de7dcb5280b6ad6458d051c50f8ccc3370bc279ae1c47a7bccb8064636,VERIFIED_PRIMARY,"two extractors agree (PyMuPDF, markitdown; sequence) + page image check"
2.8+2512,IR,delta_tenor_corr,1y,1y,1,fraction,"ISDA SIMM Methodology v2.8+2512 (based on v2.8+2512.2, 13 May 2026)",2.8+2512,2026-07-11,D.2,36,correlation matrix for aggregated weighted sensitivities or risk exposures (row 1y),15,https://www.isda.org/a/hhkiE/ISDA-SIMM_v2.82512_PUBLIC.pdf,2026-10-02,8484d3de7dcb5280b6ad6458d051c50f8ccc3370bc279ae1c47a7bccb8064636,VERIFIED_PRIMARY,"two extractors agree (PyMuPDF, markitdown; sequence) + page image check; diagonal blank in source, 1 by definition"
2.8+2512,IR,delta_tenor_corr,1y,2y,0.94,fraction,"ISDA SIMM Methodology v2.8+2512 (based on v2.8+2512.2, 13 May 2026)",2.8+2512,2026-07-11,D.2,36,correlation matrix for aggregated weighted sensitivities or risk exposures (row 1y),15,https://www.isda.org/a/hhkiE/ISDA-SIMM_v2.82512_PUBLIC.pdf,2026-10-02,8484d3de7dcb5280b6ad6458d051c50f8ccc3370bc279ae1c47a7bccb8064636,VERIFIED_PRIMARY,"two extractors agree (PyMuPDF, markitdown; sequence) + page image check"
2.8+2512,IR,delta_tenor_corr,1y,3y,0.87,fraction,"ISDA SIMM Methodology v2.8+2512 (based on v2.8+2512.2, 13 May 2026)",2.8+2512,2026-07-11,D.2,36,correlation matrix for aggregated weighted sensitivities or risk exposures (row 1y),15,https://www.isda.org/a/hhkiE/ISDA-SIMM_v2.82512_PUBLIC.pdf,2026-10-02,8484d3de7dcb5280b6ad6458d051c50f8ccc3370bc279ae1c47a7bccb8064636,VERIFIED_PRIMARY,"two extractors agree (PyMuPDF, markitdown; sequence) + page image check"
2.8+2512,IR,delta_tenor_corr,1y,5y,0.81,fraction,"ISDA SIMM Methodology v2.8+2512 (based on v2.8+2512.2, 13 May 2026)",2.8+2512,2026-07-11,D.2,36,correlation matrix for aggregated weighted sensitivities or risk exposures (row 1y),15,https://www.isda.org/a/hhkiE/ISDA-SIMM_v2.82512_PUBLIC.pdf,2026-10-02,8484d3de7dcb5280b6ad6458d051c50f8ccc3370bc279ae1c47a7bccb8064636,VERIFIED_PRIMARY,"two extractors agree (PyMuPDF, markitdown; sequence) + page image check"
2.8+2512,IR,delta_tenor_corr,1y,10y,0.73,fraction,"ISDA SIMM Methodology v2.8+2512 (based on v2.8+2512.2, 13 May 2026)",2.8+2512,2026-07-11,D.2,36,correlation matrix for aggregated weighted sensitivities or risk exposures (row 1y),15,https://www.isda.org/a/hhkiE/ISDA-SIMM_v2.82512_PUBLIC.pdf,2026-10-02,8484d3de7dcb5280b6ad6458d051c50f8ccc3370bc279ae1c47a7bccb8064636,VERIFIED_PRIMARY,"two extractors agree (PyMuPDF, markitdown; sequence) + page image check"
2.8+2512,IR,delta_tenor_corr,1y,15y,0.69,fraction,"ISDA SIMM Methodology v2.8+2512 (based on v2.8+2512.2, 13 May 2026)",2.8+2512,2026-07-11,D.2,36,correlation matrix for aggregated weighted sensitivities or risk exposures (row 1y),15,https://www.isda.org/a/hhkiE/ISDA-SIMM_v2.82512_PUBLIC.pdf,2026-10-02,8484d3de7dcb5280b6ad6458d051c50f8ccc3370bc279ae1c47a7bccb8064636,VERIFIED_PRIMARY,"two extractors agree (PyMuPDF, markitdown; sequence) + page image check"
2.8+2512,IR,delta_tenor_corr,1y,20y,0.64,fraction,"ISDA SIMM Methodology v2.8+2512 (based on v2.8+2512.2, 13 May 2026)",2.8+2512,2026-07-11,D.2,36,correlation matrix for aggregated weighted sensitivities or risk exposures (row 1y),15,https://www.isda.org/a/hhkiE/ISDA-SIMM_v2.82512_PUBLIC.pdf,2026-10-02,8484d3de7dcb5280b6ad6458d051c50f8ccc3370bc279ae1c47a7bccb8064636,VERIFIED_PRIMARY,"two extractors agree (PyMuPDF, markitdown; sequence) + page image check"
2.8+2512,IR,delta_tenor_corr,1y,30y,0.63,fraction,"ISDA SIMM Methodology v2.8+2512 (based on v2.8+2512.2, 13 May 2026)",2.8+2512,2026-07-11,D.2,36,correlation matrix for aggregated weighted sensitivities or risk exposures (row 1y),15,https://www.isda.org/a/hhkiE/ISDA-SIMM_v2.82512_PUBLIC.pdf,2026-10-02,8484d3de7dcb5280b6ad6458d051c50f8ccc3370bc279ae1c47a7bccb8064636,VERIFIED_PRIMARY,"two extractors agree (PyMuPDF, markitdown; sequence) + page image check"
2.8+2512,IR,delta_tenor_corr,2y,2w,0.29,fraction,"ISDA SIMM Methodology v2.8+2512 (based on v2.8+2512.2, 13 May 2026)",2.8+2512,2026-07-11,D.2,36,correlation matrix for aggregated weighted sensitivities or risk exposures (row 2y),15,https://www.isda.org/a/hhkiE/ISDA-SIMM_v2.82512_PUBLIC.pdf,2026-10-02,8484d3de7dcb5280b6ad6458d051c50f8ccc3370bc279ae1c47a7bccb8064636,VERIFIED_PRIMARY,"two extractors agree (PyMuPDF, markitdown; sequence) + page image check"
2.8+2512,IR,delta_tenor_corr,2y,1m,0.36,fraction,"ISDA SIMM Methodology v2.8+2512 (based on v2.8+2512.2, 13 May 2026)",2.8+2512,2026-07-11,D.2,36,correlation matrix for aggregated weighted sensitivities or risk exposures (row 2y),15,https://www.isda.org/a/hhkiE/ISDA-SIMM_v2.82512_PUBLIC.pdf,2026-10-02,8484d3de7dcb5280b6ad6458d051c50f8ccc3370bc279ae1c47a7bccb8064636,VERIFIED_PRIMARY,"two extractors agree (PyMuPDF, markitdown; sequence) + page image check"
2.8+2512,IR,delta_tenor_corr,2y,3m,0.53,fraction,"ISDA SIMM Methodology v2.8+2512 (based on v2.8+2512.2, 13 May 2026)",2.8+2512,2026-07-11,D.2,36,correlation matrix for aggregated weighted sensitivities or risk exposures (row 2y),15,https://www.isda.org/a/hhkiE/ISDA-SIMM_v2.82512_PUBLIC.pdf,2026-10-02,8484d3de7dcb5280b6ad6458d051c50f8ccc3370bc279ae1c47a7bccb8064636,VERIFIED_PRIMARY,"two extractors agree (PyMuPDF, markitdown; sequence) + page image check"
2.8+2512,IR,delta_tenor_corr,2y,6m,0.73,fraction,"ISDA SIMM Methodology v2.8+2512 (based on v2.8+2512.2, 13 May 2026)",2.8+2512,2026-07-11,D.2,36,correlation matrix for aggregated weighted sensitivities or risk exposures (row 2y),15,https://www.isda.org/a/hhkiE/ISDA-SIMM_v2.82512_PUBLIC.pdf,2026-10-02,8484d3de7dcb5280b6ad6458d051c50f8ccc3370bc279ae1c47a7bccb8064636,VERIFIED_PRIMARY,"two extractors agree (PyMuPDF, markitdown; sequence) + page image check"
2.8+2512,IR,delta_tenor_corr,2y,1y,0.94,fraction,"ISDA SIMM Methodology v2.8+2512 (based on v2.8+2512.2, 13 May 2026)",2.8+2512,2026-07-11,D.2,36,correlation matrix for aggregated weighted sensitivities or risk exposures (row 2y),15,https://www.isda.org/a/hhkiE/ISDA-SIMM_v2.82512_PUBLIC.pdf,2026-10-02,8484d3de7dcb5280b6ad6458d051c50f8ccc3370bc279ae1c47a7bccb8064636,VERIFIED_PRIMARY,"two extractors agree (PyMuPDF, markitdown; sequence) + page image check"
2.8+2512,IR,delta_tenor_corr,2y,2y,1,fraction,"ISDA SIMM Methodology v2.8+2512 (based on v2.8+2512.2, 13 May 2026)",2.8+2512,2026-07-11,D.2,36,correlation matrix for aggregated weighted sensitivities or risk exposures (row 2y),15,https://www.isda.org/a/hhkiE/ISDA-SIMM_v2.82512_PUBLIC.pdf,2026-10-02,8484d3de7dcb5280b6ad6458d051c50f8ccc3370bc279ae1c47a7bccb8064636,VERIFIED_PRIMARY,"two extractors agree (PyMuPDF, markitdown; sequence) + page image check; diagonal blank in source, 1 by definition"
2.8+2512,IR,delta_tenor_corr,2y,3y,0.97,fraction,"ISDA SIMM Methodology v2.8+2512 (based on v2.8+2512.2, 13 May 2026)",2.8+2512,2026-07-11,D.2,36,correlation matrix for aggregated weighted sensitivities or risk exposures (row 2y),15,https://www.isda.org/a/hhkiE/ISDA-SIMM_v2.82512_PUBLIC.pdf,2026-10-02,8484d3de7dcb5280b6ad6458d051c50f8ccc3370bc279ae1c47a7bccb8064636,VERIFIED_PRIMARY,"two extractors agree (PyMuPDF, markitdown; sequence) + page image check"
2.8+2512,IR,delta_tenor_corr,2y,5y,0.92,fraction,"ISDA SIMM Methodology v2.8+2512 (based on v2.8+2512.2, 13 May 2026)",2.8+2512,2026-07-11,D.2,36,correlation matrix for aggregated weighted sensitivities or risk exposures (row 2y),15,https://www.isda.org/a/hhkiE/ISDA-SIMM_v2.82512_PUBLIC.pdf,2026-10-02,8484d3de7dcb5280b6ad6458d051c50f8ccc3370bc279ae1c47a7bccb8064636,VERIFIED_PRIMARY,"two extractors agree (PyMuPDF, markitdown; sequence) + page image check"
2.8+2512,IR,delta_tenor_corr,2y,10y,0.86,fraction,"ISDA SIMM Methodology v2.8+2512 (based on v2.8+2512.2, 13 May 2026)",2.8+2512,2026-07-11,D.2,36,correlation matrix for aggregated weighted sensitivities or risk exposures (row 2y),15,https://www.isda.org/a/hhkiE/ISDA-SIMM_v2.82512_PUBLIC.pdf,2026-10-02,8484d3de7dcb5280b6ad6458d051c50f8ccc3370bc279ae1c47a7bccb8064636,VERIFIED_PRIMARY,"two extractors agree (PyMuPDF, markitdown; sequence) + page image check"
2.8+2512,IR,delta_tenor_corr,2y,15y,0.82,fraction,"ISDA SIMM Methodology v2.8+2512 (based on v2.8+2512.2, 13 May 2026)",2.8+2512,2026-07-11,D.2,36,correlation matrix for aggregated weighted sensitivities or risk exposures (row 2y),15,https://www.isda.org/a/hhkiE/ISDA-SIMM_v2.82512_PUBLIC.pdf,2026-10-02,8484d3de7dcb5280b6ad6458d051c50f8ccc3370bc279ae1c47a7bccb8064636,VERIFIED_PRIMARY,"two extractors agree (PyMuPDF, markitdown; sequence) + page image check"
2.8+2512,IR,delta_tenor_corr,2y,20y,0.77,fraction,"ISDA SIMM Methodology v2.8+2512 (based on v2.8+2512.2, 13 May 2026)",2.8+2512,2026-07-11,D.2,36,correlation matrix for aggregated weighted sensitivities or risk exposures (row 2y),15,https://www.isda.org/a/hhkiE/ISDA-SIMM_v2.82512_PUBLIC.pdf,2026-10-02,8484d3de7dcb5280b6ad6458d051c50f8ccc3370bc279ae1c47a7bccb8064636,VERIFIED_PRIMARY,"two extractors agree (PyMuPDF, markitdown; sequence) + page image check"
2.8+2512,IR,delta_tenor_corr,2y,30y,0.76,fraction,"ISDA SIMM Methodology v2.8+2512 (based on v2.8+2512.2, 13 May 2026)",2.8+2512,2026-07-11,D.2,36,correlation matrix for aggregated weighted sensitivities or risk exposures (row 2y),15,https://www.isda.org/a/hhkiE/ISDA-SIMM_v2.82512_PUBLIC.pdf,2026-10-02,8484d3de7dcb5280b6ad6458d051c50f8ccc3370bc279ae1c47a7bccb8064636,VERIFIED_PRIMARY,"two extractors agree (PyMuPDF, markitdown; sequence) + page image check"
2.8+2512,IR,delta_tenor_corr,3y,2w,0.25,fraction,"ISDA SIMM Methodology v2.8+2512 (based on v2.8+2512.2, 13 May 2026)",2.8+2512,2026-07-11,D.2,36,correlation matrix for aggregated weighted sensitivities or risk exposures (row 3y),15,https://www.isda.org/a/hhkiE/ISDA-SIMM_v2.82512_PUBLIC.pdf,2026-10-02,8484d3de7dcb5280b6ad6458d051c50f8ccc3370bc279ae1c47a7bccb8064636,VERIFIED_PRIMARY,"two extractors agree (PyMuPDF, markitdown; sequence) + page image check"
2.8+2512,IR,delta_tenor_corr,3y,1m,0.3,fraction,"ISDA SIMM Methodology v2.8+2512 (based on v2.8+2512.2, 13 May 2026)",2.8+2512,2026-07-11,D.2,36,correlation matrix for aggregated weighted sensitivities or risk exposures (row 3y),15,https://www.isda.org/a/hhkiE/ISDA-SIMM_v2.82512_PUBLIC.pdf,2026-10-02,8484d3de7dcb5280b6ad6458d051c50f8ccc3370bc279ae1c47a7bccb8064636,VERIFIED_PRIMARY,"two extractors agree (PyMuPDF, markitdown; sequence) + page image check"
2.8+2512,IR,delta_tenor_corr,3y,3m,0.46,fraction,"ISDA SIMM Methodology v2.8+2512 (based on v2.8+2512.2, 13 May 2026)",2.8+2512,2026-07-11,D.2,36,correlation matrix for aggregated weighted sensitivities or risk exposures (row 3y),15,https://www.isda.org/a/hhkiE/ISDA-SIMM_v2.82512_PUBLIC.pdf,2026-10-02,8484d3de7dcb5280b6ad6458d051c50f8ccc3370bc279ae1c47a7bccb8064636,VERIFIED_PRIMARY,"two extractors agree (PyMuPDF, markitdown; sequence) + page image check"
2.8+2512,IR,delta_tenor_corr,3y,6m,0.65,fraction,"ISDA SIMM Methodology v2.8+2512 (based on v2.8+2512.2, 13 May 2026)",2.8+2512,2026-07-11,D.2,36,correlation matrix for aggregated weighted sensitivities or risk exposures (row 3y),15,https://www.isda.org/a/hhkiE/ISDA-SIMM_v2.82512_PUBLIC.pdf,2026-10-02,8484d3de7dcb5280b6ad6458d051c50f8ccc3370bc279ae1c47a7bccb8064636,VERIFIED_PRIMARY,"two extractors agree (PyMuPDF, markitdown; sequence) + page image check"
2.8+2512,IR,delta_tenor_corr,3y,1y,0.87,fraction,"ISDA SIMM Methodology v2.8+2512 (based on v2.8+2512.2, 13 May 2026)",2.8+2512,2026-07-11,D.2,36,correlation matrix for aggregated weighted sensitivities or risk exposures (row 3y),15,https://www.isda.org/a/hhkiE/ISDA-SIMM_v2.82512_PUBLIC.pdf,2026-10-02,8484d3de7dcb5280b6ad6458d051c50f8ccc3370bc279ae1c47a7bccb8064636,VERIFIED_PRIMARY,"two extractors agree (PyMuPDF, markitdown; sequence) + page image check"
2.8+2512,IR,delta_tenor_corr,3y,2y,0.97,fraction,"ISDA SIMM Methodology v2.8+2512 (based on v2.8+2512.2, 13 May 2026)",2.8+2512,2026-07-11,D.2,36,correlation matrix for aggregated weighted sensitivities or risk exposures (row 3y),15,https://www.isda.org/a/hhkiE/ISDA-SIMM_v2.82512_PUBLIC.pdf,2026-10-02,8484d3de7dcb5280b6ad6458d051c50f8ccc3370bc279ae1c47a7bccb8064636,VERIFIED_PRIMARY,"two extractors agree (PyMuPDF, markitdown; sequence) + page image check"
2.8+2512,IR,delta_tenor_corr,3y,3y,1,fraction,"ISDA SIMM Methodology v2.8+2512 (based on v2.8+2512.2, 13 May 2026)",2.8+2512,2026-07-11,D.2,36,correlation matrix for aggregated weighted sensitivities or risk exposures (row 3y),15,https://www.isda.org/a/hhkiE/ISDA-SIMM_v2.82512_PUBLIC.pdf,2026-10-02,8484d3de7dcb5280b6ad6458d051c50f8ccc3370bc279ae1c47a7bccb8064636,VERIFIED_PRIMARY,"two extractors agree (PyMuPDF, markitdown; sequence) + page image check; diagonal blank in source, 1 by definition"
2.8+2512,IR,delta_tenor_corr,3y,5y,0.97,fraction,"ISDA SIMM Methodology v2.8+2512 (based on v2.8+2512.2, 13 May 2026)",2.8+2512,2026-07-11,D.2,36,correlation matrix for aggregated weighted sensitivities or risk exposures (row 3y),15,https://www.isda.org/a/hhkiE/ISDA-SIMM_v2.82512_PUBLIC.pdf,2026-10-02,8484d3de7dcb5280b6ad6458d051c50f8ccc3370bc279ae1c47a7bccb8064636,VERIFIED_PRIMARY,"two extractors agree (PyMuPDF, markitdown; sequence) + page image check"
2.8+2512,IR,delta_tenor_corr,3y,10y,0.91,fraction,"ISDA SIMM Methodology v2.8+2512 (based on v2.8+2512.2, 13 May 2026)",2.8+2512,2026-07-11,D.2,36,correlation matrix for aggregated weighted sensitivities or risk exposures (row 3y),15,https://www.isda.org/a/hhkiE/ISDA-SIMM_v2.82512_PUBLIC.pdf,2026-10-02,8484d3de7dcb5280b6ad6458d051c50f8ccc3370bc279ae1c47a7bccb8064636,VERIFIED_PRIMARY,"two extractors agree (PyMuPDF, markitdown; sequence) + page image check"
2.8+2512,IR,delta_tenor_corr,3y,15y,0.87,fraction,"ISDA SIMM Methodology v2.8+2512 (based on v2.8+2512.2, 13 May 2026)",2.8+2512,2026-07-11,D.2,36,correlation matrix for aggregated weighted sensitivities or risk exposures (row 3y),15,https://www.isda.org/a/hhkiE/ISDA-SIMM_v2.82512_PUBLIC.pdf,2026-10-02,8484d3de7dcb5280b6ad6458d051c50f8ccc3370bc279ae1c47a7bccb8064636,VERIFIED_PRIMARY,"two extractors agree (PyMuPDF, markitdown; sequence) + page image check"
2.8+2512,IR,delta_tenor_corr,3y,20y,0.82,fraction,"ISDA SIMM Methodology v2.8+2512 (based on v2.8+2512.2, 13 May 2026)",2.8+2512,2026-07-11,D.2,36,correlation matrix for aggregated weighted sensitivities or risk exposures (row 3y),15,https://www.isda.org/a/hhkiE/ISDA-SIMM_v2.82512_PUBLIC.pdf,2026-10-02,8484d3de7dcb5280b6ad6458d051c50f8ccc3370bc279ae1c47a7bccb8064636,VERIFIED_PRIMARY,"two extractors agree (PyMuPDF, markitdown; sequence) + page image check"
2.8+2512,IR,delta_tenor_corr,3y,30y,0.81,fraction,"ISDA SIMM Methodology v2.8+2512 (based on v2.8+2512.2, 13 May 2026)",2.8+2512,2026-07-11,D.2,36,correlation matrix for aggregated weighted sensitivities or risk exposures (row 3y),15,https://www.isda.org/a/hhkiE/ISDA-SIMM_v2.82512_PUBLIC.pdf,2026-10-02,8484d3de7dcb5280b6ad6458d051c50f8ccc3370bc279ae1c47a7bccb8064636,VERIFIED_PRIMARY,"two extractors agree (PyMuPDF, markitdown; sequence) + page image check"
2.8+2512,IR,delta_tenor_corr,5y,2w,0.22,fraction,"ISDA SIMM Methodology v2.8+2512 (based on v2.8+2512.2, 13 May 2026)",2.8+2512,2026-07-11,D.2,36,correlation matrix for aggregated weighted sensitivities or risk exposures (row 5y),15,https://www.isda.org/a/hhkiE/ISDA-SIMM_v2.82512_PUBLIC.pdf,2026-10-02,8484d3de7dcb5280b6ad6458d051c50f8ccc3370bc279ae1c47a7bccb8064636,VERIFIED_PRIMARY,"two extractors agree (PyMuPDF, markitdown; sequence) + page image check"
2.8+2512,IR,delta_tenor_corr,5y,1m,0.25,fraction,"ISDA SIMM Methodology v2.8+2512 (based on v2.8+2512.2, 13 May 2026)",2.8+2512,2026-07-11,D.2,36,correlation matrix for aggregated weighted sensitivities or risk exposures (row 5y),15,https://www.isda.org/a/hhkiE/ISDA-SIMM_v2.82512_PUBLIC.pdf,2026-10-02,8484d3de7dcb5280b6ad6458d051c50f8ccc3370bc279ae1c47a7bccb8064636,VERIFIED_PRIMARY,"two extractors agree (PyMuPDF, markitdown; sequence) + page image check"
2.8+2512,IR,delta_tenor_corr,5y,3m,0.4,fraction,"ISDA SIMM Methodology v2.8+2512 (based on v2.8+2512.2, 13 May 2026)",2.8+2512,2026-07-11,D.2,36,correlation matrix for aggregated weighted sensitivities or risk exposures (row 5y),15,https://www.isda.org/a/hhkiE/ISDA-SIMM_v2.82512_PUBLIC.pdf,2026-10-02,8484d3de7dcb5280b6ad6458d051c50f8ccc3370bc279ae1c47a7bccb8064636,VERIFIED_PRIMARY,"two extractors agree (PyMuPDF, markitdown; sequence) + page image check"
2.8+2512,IR,delta_tenor_corr,5y,6m,0.58,fraction,"ISDA SIMM Methodology v2.8+2512 (based on v2.8+2512.2, 13 May 2026)",2.8+2512,2026-07-11,D.2,36,correlation matrix for aggregated weighted sensitivities or risk exposures (row 5y),15,https://www.isda.org/a/hhkiE/ISDA-SIMM_v2.82512_PUBLIC.pdf,2026-10-02,8484d3de7dcb5280b6ad6458d051c50f8ccc3370bc279ae1c47a7bccb8064636,VERIFIED_PRIMARY,"two extractors agree (PyMuPDF, markitdown; sequence) + page image check"
2.8+2512,IR,delta_tenor_corr,5y,1y,0.81,fraction,"ISDA SIMM Methodology v2.8+2512 (based on v2.8+2512.2, 13 May 2026)",2.8+2512,2026-07-11,D.2,36,correlation matrix for aggregated weighted sensitivities or risk exposures (row 5y),15,https://www.isda.org/a/hhkiE/ISDA-SIMM_v2.82512_PUBLIC.pdf,2026-10-02,8484d3de7dcb5280b6ad6458d051c50f8ccc3370bc279ae1c47a7bccb8064636,VERIFIED_PRIMARY,"two extractors agree (PyMuPDF, markitdown; sequence) + page image check"
2.8+2512,IR,delta_tenor_corr,5y,2y,0.92,fraction,"ISDA SIMM Methodology v2.8+2512 (based on v2.8+2512.2, 13 May 2026)",2.8+2512,2026-07-11,D.2,36,correlation matrix for aggregated weighted sensitivities or risk exposures (row 5y),15,https://www.isda.org/a/hhkiE/ISDA-SIMM_v2.82512_PUBLIC.pdf,2026-10-02,8484d3de7dcb5280b6ad6458d051c50f8ccc3370bc279ae1c47a7bccb8064636,VERIFIED_PRIMARY,"two extractors agree (PyMuPDF, markitdown; sequence) + page image check"
2.8+2512,IR,delta_tenor_corr,5y,3y,0.97,fraction,"ISDA SIMM Methodology v2.8+2512 (based on v2.8+2512.2, 13 May 2026)",2.8+2512,2026-07-11,D.2,36,correlation matrix for aggregated weighted sensitivities or risk exposures (row 5y),15,https://www.isda.org/a/hhkiE/ISDA-SIMM_v2.82512_PUBLIC.pdf,2026-10-02,8484d3de7dcb5280b6ad6458d051c50f8ccc3370bc279ae1c47a7bccb8064636,VERIFIED_PRIMARY,"two extractors agree (PyMuPDF, markitdown; sequence) + page image check"
2.8+2512,IR,delta_tenor_corr,5y,5y,1,fraction,"ISDA SIMM Methodology v2.8+2512 (based on v2.8+2512.2, 13 May 2026)",2.8+2512,2026-07-11,D.2,36,correlation matrix for aggregated weighted sensitivities or risk exposures (row 5y),15,https://www.isda.org/a/hhkiE/ISDA-SIMM_v2.82512_PUBLIC.pdf,2026-10-02,8484d3de7dcb5280b6ad6458d051c50f8ccc3370bc279ae1c47a7bccb8064636,VERIFIED_PRIMARY,"two extractors agree (PyMuPDF, markitdown; sequence) + page image check; diagonal blank in source, 1 by definition"
2.8+2512,IR,delta_tenor_corr,5y,10y,0.96,fraction,"ISDA SIMM Methodology v2.8+2512 (based on v2.8+2512.2, 13 May 2026)",2.8+2512,2026-07-11,D.2,36,correlation matrix for aggregated weighted sensitivities or risk exposures (row 5y),15,https://www.isda.org/a/hhkiE/ISDA-SIMM_v2.82512_PUBLIC.pdf,2026-10-02,8484d3de7dcb5280b6ad6458d051c50f8ccc3370bc279ae1c47a7bccb8064636,VERIFIED_PRIMARY,"two extractors agree (PyMuPDF, markitdown; sequence) + page image check"
2.8+2512,IR,delta_tenor_corr,5y,15y,0.93,fraction,"ISDA SIMM Methodology v2.8+2512 (based on v2.8+2512.2, 13 May 2026)",2.8+2512,2026-07-11,D.2,36,correlation matrix for aggregated weighted sensitivities or risk exposures (row 5y),15,https://www.isda.org/a/hhkiE/ISDA-SIMM_v2.82512_PUBLIC.pdf,2026-10-02,8484d3de7dcb5280b6ad6458d051c50f8ccc3370bc279ae1c47a7bccb8064636,VERIFIED_PRIMARY,"two extractors agree (PyMuPDF, markitdown; sequence) + page image check"
2.8+2512,IR,delta_tenor_corr,5y,20y,0.89,fraction,"ISDA SIMM Methodology v2.8+2512 (based on v2.8+2512.2, 13 May 2026)",2.8+2512,2026-07-11,D.2,36,correlation matrix for aggregated weighted sensitivities or risk exposures (row 5y),15,https://www.isda.org/a/hhkiE/ISDA-SIMM_v2.82512_PUBLIC.pdf,2026-10-02,8484d3de7dcb5280b6ad6458d051c50f8ccc3370bc279ae1c47a7bccb8064636,VERIFIED_PRIMARY,"two extractors agree (PyMuPDF, markitdown; sequence) + page image check"
2.8+2512,IR,delta_tenor_corr,5y,30y,0.88,fraction,"ISDA SIMM Methodology v2.8+2512 (based on v2.8+2512.2, 13 May 2026)",2.8+2512,2026-07-11,D.2,36,correlation matrix for aggregated weighted sensitivities or risk exposures (row 5y),15,https://www.isda.org/a/hhkiE/ISDA-SIMM_v2.82512_PUBLIC.pdf,2026-10-02,8484d3de7dcb5280b6ad6458d051c50f8ccc3370bc279ae1c47a7bccb8064636,VERIFIED_PRIMARY,"two extractors agree (PyMuPDF, markitdown; sequence) + page image check"
2.8+2512,IR,delta_tenor_corr,10y,2w,0.17,fraction,"ISDA SIMM Methodology v2.8+2512 (based on v2.8+2512.2, 13 May 2026)",2.8+2512,2026-07-11,D.2,36,correlation matrix for aggregated weighted sensitivities or risk exposures (row 10y),15,https://www.isda.org/a/hhkiE/ISDA-SIMM_v2.82512_PUBLIC.pdf,2026-10-02,8484d3de7dcb5280b6ad6458d051c50f8ccc3370bc279ae1c47a7bccb8064636,VERIFIED_PRIMARY,"two extractors agree (PyMuPDF, markitdown; sequence) + page image check"
2.8+2512,IR,delta_tenor_corr,10y,1m,0.2,fraction,"ISDA SIMM Methodology v2.8+2512 (based on v2.8+2512.2, 13 May 2026)",2.8+2512,2026-07-11,D.2,36,correlation matrix for aggregated weighted sensitivities or risk exposures (row 10y),15,https://www.isda.org/a/hhkiE/ISDA-SIMM_v2.82512_PUBLIC.pdf,2026-10-02,8484d3de7dcb5280b6ad6458d051c50f8ccc3370bc279ae1c47a7bccb8064636,VERIFIED_PRIMARY,"two extractors agree (PyMuPDF, markitdown; sequence) + page image check"
2.8+2512,IR,delta_tenor_corr,10y,3m,0.34,fraction,"ISDA SIMM Methodology v2.8+2512 (based on v2.8+2512.2, 13 May 2026)",2.8+2512,2026-07-11,D.2,36,correlation matrix for aggregated weighted sensitivities or risk exposures (row 10y),15,https://www.isda.org/a/hhkiE/ISDA-SIMM_v2.82512_PUBLIC.pdf,2026-10-02,8484d3de7dcb5280b6ad6458d051c50f8ccc3370bc279ae1c47a7bccb8064636,VERIFIED_PRIMARY,"two extractors agree (PyMuPDF, markitdown; sequence) + page image check"
2.8+2512,IR,delta_tenor_corr,10y,6m,0.52,fraction,"ISDA SIMM Methodology v2.8+2512 (based on v2.8+2512.2, 13 May 2026)",2.8+2512,2026-07-11,D.2,36,correlation matrix for aggregated weighted sensitivities or risk exposures (row 10y),15,https://www.isda.org/a/hhkiE/ISDA-SIMM_v2.82512_PUBLIC.pdf,2026-10-02,8484d3de7dcb5280b6ad6458d051c50f8ccc3370bc279ae1c47a7bccb8064636,VERIFIED_PRIMARY,"two extractors agree (PyMuPDF, markitdown; sequence) + page image check"
2.8+2512,IR,delta_tenor_corr,10y,1y,0.73,fraction,"ISDA SIMM Methodology v2.8+2512 (based on v2.8+2512.2, 13 May 2026)",2.8+2512,2026-07-11,D.2,36,correlation matrix for aggregated weighted sensitivities or risk exposures (row 10y),15,https://www.isda.org/a/hhkiE/ISDA-SIMM_v2.82512_PUBLIC.pdf,2026-10-02,8484d3de7dcb5280b6ad6458d051c50f8ccc3370bc279ae1c47a7bccb8064636,VERIFIED_PRIMARY,"two extractors agree (PyMuPDF, markitdown; sequence) + page image check"
2.8+2512,IR,delta_tenor_corr,10y,2y,0.86,fraction,"ISDA SIMM Methodology v2.8+2512 (based on v2.8+2512.2, 13 May 2026)",2.8+2512,2026-07-11,D.2,36,correlation matrix for aggregated weighted sensitivities or risk exposures (row 10y),15,https://www.isda.org/a/hhkiE/ISDA-SIMM_v2.82512_PUBLIC.pdf,2026-10-02,8484d3de7dcb5280b6ad6458d051c50f8ccc3370bc279ae1c47a7bccb8064636,VERIFIED_PRIMARY,"two extractors agree (PyMuPDF, markitdown; sequence) + page image check"
2.8+2512,IR,delta_tenor_corr,10y,3y,0.91,fraction,"ISDA SIMM Methodology v2.8+2512 (based on v2.8+2512.2, 13 May 2026)",2.8+2512,2026-07-11,D.2,36,correlation matrix for aggregated weighted sensitivities or risk exposures (row 10y),15,https://www.isda.org/a/hhkiE/ISDA-SIMM_v2.82512_PUBLIC.pdf,2026-10-02,8484d3de7dcb5280b6ad6458d051c50f8ccc3370bc279ae1c47a7bccb8064636,VERIFIED_PRIMARY,"two extractors agree (PyMuPDF, markitdown; sequence) + page image check"
2.8+2512,IR,delta_tenor_corr,10y,5y,0.96,fraction,"ISDA SIMM Methodology v2.8+2512 (based on v2.8+2512.2, 13 May 2026)",2.8+2512,2026-07-11,D.2,36,correlation matrix for aggregated weighted sensitivities or risk exposures (row 10y),15,https://www.isda.org/a/hhkiE/ISDA-SIMM_v2.82512_PUBLIC.pdf,2026-10-02,8484d3de7dcb5280b6ad6458d051c50f8ccc3370bc279ae1c47a7bccb8064636,VERIFIED_PRIMARY,"two extractors agree (PyMuPDF, markitdown; sequence) + page image check"
2.8+2512,IR,delta_tenor_corr,10y,10y,1,fraction,"ISDA SIMM Methodology v2.8+2512 (based on v2.8+2512.2, 13 May 2026)",2.8+2512,2026-07-11,D.2,36,correlation matrix for aggregated weighted sensitivities or risk exposures (row 10y),15,https://www.isda.org/a/hhkiE/ISDA-SIMM_v2.82512_PUBLIC.pdf,2026-10-02,8484d3de7dcb5280b6ad6458d051c50f8ccc3370bc279ae1c47a7bccb8064636,VERIFIED_PRIMARY,"two extractors agree (PyMuPDF, markitdown; sequence) + page image check; diagonal blank in source, 1 by definition"
2.8+2512,IR,delta_tenor_corr,10y,15y,0.98,fraction,"ISDA SIMM Methodology v2.8+2512 (based on v2.8+2512.2, 13 May 2026)",2.8+2512,2026-07-11,D.2,36,correlation matrix for aggregated weighted sensitivities or risk exposures (row 10y),15,https://www.isda.org/a/hhkiE/ISDA-SIMM_v2.82512_PUBLIC.pdf,2026-10-02,8484d3de7dcb5280b6ad6458d051c50f8ccc3370bc279ae1c47a7bccb8064636,VERIFIED_PRIMARY,"two extractors agree (PyMuPDF, markitdown; sequence) + page image check"
2.8+2512,IR,delta_tenor_corr,10y,20y,0.95,fraction,"ISDA SIMM Methodology v2.8+2512 (based on v2.8+2512.2, 13 May 2026)",2.8+2512,2026-07-11,D.2,36,correlation matrix for aggregated weighted sensitivities or risk exposures (row 10y),15,https://www.isda.org/a/hhkiE/ISDA-SIMM_v2.82512_PUBLIC.pdf,2026-10-02,8484d3de7dcb5280b6ad6458d051c50f8ccc3370bc279ae1c47a7bccb8064636,VERIFIED_PRIMARY,"two extractors agree (PyMuPDF, markitdown; sequence) + page image check"
2.8+2512,IR,delta_tenor_corr,10y,30y,0.95,fraction,"ISDA SIMM Methodology v2.8+2512 (based on v2.8+2512.2, 13 May 2026)",2.8+2512,2026-07-11,D.2,36,correlation matrix for aggregated weighted sensitivities or risk exposures (row 10y),15,https://www.isda.org/a/hhkiE/ISDA-SIMM_v2.82512_PUBLIC.pdf,2026-10-02,8484d3de7dcb5280b6ad6458d051c50f8ccc3370bc279ae1c47a7bccb8064636,VERIFIED_PRIMARY,"two extractors agree (PyMuPDF, markitdown; sequence) + page image check"
2.8+2512,IR,delta_tenor_corr,15y,2w,0.16,fraction,"ISDA SIMM Methodology v2.8+2512 (based on v2.8+2512.2, 13 May 2026)",2.8+2512,2026-07-11,D.2,36,correlation matrix for aggregated weighted sensitivities or risk exposures (row 15y),15,https://www.isda.org/a/hhkiE/ISDA-SIMM_v2.82512_PUBLIC.pdf,2026-10-02,8484d3de7dcb5280b6ad6458d051c50f8ccc3370bc279ae1c47a7bccb8064636,VERIFIED_PRIMARY,"two extractors agree (PyMuPDF, markitdown; sequence) + page image check"
2.8+2512,IR,delta_tenor_corr,15y,1m,0.16,fraction,"ISDA SIMM Methodology v2.8+2512 (based on v2.8+2512.2, 13 May 2026)",2.8+2512,2026-07-11,D.2,36,correlation matrix for aggregated weighted sensitivities or risk exposures (row 15y),15,https://www.isda.org/a/hhkiE/ISDA-SIMM_v2.82512_PUBLIC.pdf,2026-10-02,8484d3de7dcb5280b6ad6458d051c50f8ccc3370bc279ae1c47a7bccb8064636,VERIFIED_PRIMARY,"two extractors agree (PyMuPDF, markitdown; sequence) + page image check"
2.8+2512,IR,delta_tenor_corr,15y,3m,0.27,fraction,"ISDA SIMM Methodology v2.8+2512 (based on v2.8+2512.2, 13 May 2026)",2.8+2512,2026-07-11,D.2,36,correlation matrix for aggregated weighted sensitivities or risk exposures (row 15y),15,https://www.isda.org/a/hhkiE/ISDA-SIMM_v2.82512_PUBLIC.pdf,2026-10-02,8484d3de7dcb5280b6ad6458d051c50f8ccc3370bc279ae1c47a7bccb8064636,VERIFIED_PRIMARY,"two extractors agree (PyMuPDF, markitdown; sequence) + page image check"
2.8+2512,IR,delta_tenor_corr,15y,6m,0.47,fraction,"ISDA SIMM Methodology v2.8+2512 (based on v2.8+2512.2, 13 May 2026)",2.8+2512,2026-07-11,D.2,36,correlation matrix for aggregated weighted sensitivities or risk exposures (row 15y),15,https://www.isda.org/a/hhkiE/ISDA-SIMM_v2.82512_PUBLIC.pdf,2026-10-02,8484d3de7dcb5280b6ad6458d051c50f8ccc3370bc279ae1c47a7bccb8064636,VERIFIED_PRIMARY,"two extractors agree (PyMuPDF, markitdown; sequence) + page image check"
2.8+2512,IR,delta_tenor_corr,15y,1y,0.69,fraction,"ISDA SIMM Methodology v2.8+2512 (based on v2.8+2512.2, 13 May 2026)",2.8+2512,2026-07-11,D.2,36,correlation matrix for aggregated weighted sensitivities or risk exposures (row 15y),15,https://www.isda.org/a/hhkiE/ISDA-SIMM_v2.82512_PUBLIC.pdf,2026-10-02,8484d3de7dcb5280b6ad6458d051c50f8ccc3370bc279ae1c47a7bccb8064636,VERIFIED_PRIMARY,"two extractors agree (PyMuPDF, markitdown; sequence) + page image check"
2.8+2512,IR,delta_tenor_corr,15y,2y,0.82,fraction,"ISDA SIMM Methodology v2.8+2512 (based on v2.8+2512.2, 13 May 2026)",2.8+2512,2026-07-11,D.2,36,correlation matrix for aggregated weighted sensitivities or risk exposures (row 15y),15,https://www.isda.org/a/hhkiE/ISDA-SIMM_v2.82512_PUBLIC.pdf,2026-10-02,8484d3de7dcb5280b6ad6458d051c50f8ccc3370bc279ae1c47a7bccb8064636,VERIFIED_PRIMARY,"two extractors agree (PyMuPDF, markitdown; sequence) + page image check"
2.8+2512,IR,delta_tenor_corr,15y,3y,0.87,fraction,"ISDA SIMM Methodology v2.8+2512 (based on v2.8+2512.2, 13 May 2026)",2.8+2512,2026-07-11,D.2,36,correlation matrix for aggregated weighted sensitivities or risk exposures (row 15y),15,https://www.isda.org/a/hhkiE/ISDA-SIMM_v2.82512_PUBLIC.pdf,2026-10-02,8484d3de7dcb5280b6ad6458d051c50f8ccc3370bc279ae1c47a7bccb8064636,VERIFIED_PRIMARY,"two extractors agree (PyMuPDF, markitdown; sequence) + page image check"
2.8+2512,IR,delta_tenor_corr,15y,5y,0.93,fraction,"ISDA SIMM Methodology v2.8+2512 (based on v2.8+2512.2, 13 May 2026)",2.8+2512,2026-07-11,D.2,36,correlation matrix for aggregated weighted sensitivities or risk exposures (row 15y),15,https://www.isda.org/a/hhkiE/ISDA-SIMM_v2.82512_PUBLIC.pdf,2026-10-02,8484d3de7dcb5280b6ad6458d051c50f8ccc3370bc279ae1c47a7bccb8064636,VERIFIED_PRIMARY,"two extractors agree (PyMuPDF, markitdown; sequence) + page image check"
2.8+2512,IR,delta_tenor_corr,15y,10y,0.98,fraction,"ISDA SIMM Methodology v2.8+2512 (based on v2.8+2512.2, 13 May 2026)",2.8+2512,2026-07-11,D.2,36,correlation matrix for aggregated weighted sensitivities or risk exposures (row 15y),15,https://www.isda.org/a/hhkiE/ISDA-SIMM_v2.82512_PUBLIC.pdf,2026-10-02,8484d3de7dcb5280b6ad6458d051c50f8ccc3370bc279ae1c47a7bccb8064636,VERIFIED_PRIMARY,"two extractors agree (PyMuPDF, markitdown; sequence) + page image check"
2.8+2512,IR,delta_tenor_corr,15y,15y,1,fraction,"ISDA SIMM Methodology v2.8+2512 (based on v2.8+2512.2, 13 May 2026)",2.8+2512,2026-07-11,D.2,36,correlation matrix for aggregated weighted sensitivities or risk exposures (row 15y),15,https://www.isda.org/a/hhkiE/ISDA-SIMM_v2.82512_PUBLIC.pdf,2026-10-02,8484d3de7dcb5280b6ad6458d051c50f8ccc3370bc279ae1c47a7bccb8064636,VERIFIED_PRIMARY,"two extractors agree (PyMuPDF, markitdown; sequence) + page image check; diagonal blank in source, 1 by definition"
2.8+2512,IR,delta_tenor_corr,15y,20y,0.98,fraction,"ISDA SIMM Methodology v2.8+2512 (based on v2.8+2512.2, 13 May 2026)",2.8+2512,2026-07-11,D.2,36,correlation matrix for aggregated weighted sensitivities or risk exposures (row 15y),15,https://www.isda.org/a/hhkiE/ISDA-SIMM_v2.82512_PUBLIC.pdf,2026-10-02,8484d3de7dcb5280b6ad6458d051c50f8ccc3370bc279ae1c47a7bccb8064636,VERIFIED_PRIMARY,"two extractors agree (PyMuPDF, markitdown; sequence) + page image check"
2.8+2512,IR,delta_tenor_corr,15y,30y,0.97,fraction,"ISDA SIMM Methodology v2.8+2512 (based on v2.8+2512.2, 13 May 2026)",2.8+2512,2026-07-11,D.2,36,correlation matrix for aggregated weighted sensitivities or risk exposures (row 15y),15,https://www.isda.org/a/hhkiE/ISDA-SIMM_v2.82512_PUBLIC.pdf,2026-10-02,8484d3de7dcb5280b6ad6458d051c50f8ccc3370bc279ae1c47a7bccb8064636,VERIFIED_PRIMARY,"two extractors agree (PyMuPDF, markitdown; sequence) + page image check"
2.8+2512,IR,delta_tenor_corr,20y,2w,0.14,fraction,"ISDA SIMM Methodology v2.8+2512 (based on v2.8+2512.2, 13 May 2026)",2.8+2512,2026-07-11,D.2,36,correlation matrix for aggregated weighted sensitivities or risk exposures (row 20y),15,https://www.isda.org/a/hhkiE/ISDA-SIMM_v2.82512_PUBLIC.pdf,2026-10-02,8484d3de7dcb5280b6ad6458d051c50f8ccc3370bc279ae1c47a7bccb8064636,VERIFIED_PRIMARY,"two extractors agree (PyMuPDF, markitdown; sequence) + page image check"
2.8+2512,IR,delta_tenor_corr,20y,1m,0.14,fraction,"ISDA SIMM Methodology v2.8+2512 (based on v2.8+2512.2, 13 May 2026)",2.8+2512,2026-07-11,D.2,36,correlation matrix for aggregated weighted sensitivities or risk exposures (row 20y),15,https://www.isda.org/a/hhkiE/ISDA-SIMM_v2.82512_PUBLIC.pdf,2026-10-02,8484d3de7dcb5280b6ad6458d051c50f8ccc3370bc279ae1c47a7bccb8064636,VERIFIED_PRIMARY,"two extractors agree (PyMuPDF, markitdown; sequence) + page image check"
2.8+2512,IR,delta_tenor_corr,20y,3m,0.25,fraction,"ISDA SIMM Methodology v2.8+2512 (based on v2.8+2512.2, 13 May 2026)",2.8+2512,2026-07-11,D.2,36,correlation matrix for aggregated weighted sensitivities or risk exposures (row 20y),15,https://www.isda.org/a/hhkiE/ISDA-SIMM_v2.82512_PUBLIC.pdf,2026-10-02,8484d3de7dcb5280b6ad6458d051c50f8ccc3370bc279ae1c47a7bccb8064636,VERIFIED_PRIMARY,"two extractors agree (PyMuPDF, markitdown; sequence) + page image check"
2.8+2512,IR,delta_tenor_corr,20y,6m,0.44,fraction,"ISDA SIMM Methodology v2.8+2512 (based on v2.8+2512.2, 13 May 2026)",2.8+2512,2026-07-11,D.2,36,correlation matrix for aggregated weighted sensitivities or risk exposures (row 20y),15,https://www.isda.org/a/hhkiE/ISDA-SIMM_v2.82512_PUBLIC.pdf,2026-10-02,8484d3de7dcb5280b6ad6458d051c50f8ccc3370bc279ae1c47a7bccb8064636,VERIFIED_PRIMARY,"two extractors agree (PyMuPDF, markitdown; sequence) + page image check"
2.8+2512,IR,delta_tenor_corr,20y,1y,0.64,fraction,"ISDA SIMM Methodology v2.8+2512 (based on v2.8+2512.2, 13 May 2026)",2.8+2512,2026-07-11,D.2,36,correlation matrix for aggregated weighted sensitivities or risk exposures (row 20y),15,https://www.isda.org/a/hhkiE/ISDA-SIMM_v2.82512_PUBLIC.pdf,2026-10-02,8484d3de7dcb5280b6ad6458d051c50f8ccc3370bc279ae1c47a7bccb8064636,VERIFIED_PRIMARY,"two extractors agree (PyMuPDF, markitdown; sequence) + page image check"
2.8+2512,IR,delta_tenor_corr,20y,2y,0.77,fraction,"ISDA SIMM Methodology v2.8+2512 (based on v2.8+2512.2, 13 May 2026)",2.8+2512,2026-07-11,D.2,36,correlation matrix for aggregated weighted sensitivities or risk exposures (row 20y),15,https://www.isda.org/a/hhkiE/ISDA-SIMM_v2.82512_PUBLIC.pdf,2026-10-02,8484d3de7dcb5280b6ad6458d051c50f8ccc3370bc279ae1c47a7bccb8064636,VERIFIED_PRIMARY,"two extractors agree (PyMuPDF, markitdown; sequence) + page image check"
2.8+2512,IR,delta_tenor_corr,20y,3y,0.82,fraction,"ISDA SIMM Methodology v2.8+2512 (based on v2.8+2512.2, 13 May 2026)",2.8+2512,2026-07-11,D.2,36,correlation matrix for aggregated weighted sensitivities or risk exposures (row 20y),15,https://www.isda.org/a/hhkiE/ISDA-SIMM_v2.82512_PUBLIC.pdf,2026-10-02,8484d3de7dcb5280b6ad6458d051c50f8ccc3370bc279ae1c47a7bccb8064636,VERIFIED_PRIMARY,"two extractors agree (PyMuPDF, markitdown; sequence) + page image check"
2.8+2512,IR,delta_tenor_corr,20y,5y,0.89,fraction,"ISDA SIMM Methodology v2.8+2512 (based on v2.8+2512.2, 13 May 2026)",2.8+2512,2026-07-11,D.2,36,correlation matrix for aggregated weighted sensitivities or risk exposures (row 20y),15,https://www.isda.org/a/hhkiE/ISDA-SIMM_v2.82512_PUBLIC.pdf,2026-10-02,8484d3de7dcb5280b6ad6458d051c50f8ccc3370bc279ae1c47a7bccb8064636,VERIFIED_PRIMARY,"two extractors agree (PyMuPDF, markitdown; sequence) + page image check"
2.8+2512,IR,delta_tenor_corr,20y,10y,0.95,fraction,"ISDA SIMM Methodology v2.8+2512 (based on v2.8+2512.2, 13 May 2026)",2.8+2512,2026-07-11,D.2,36,correlation matrix for aggregated weighted sensitivities or risk exposures (row 20y),15,https://www.isda.org/a/hhkiE/ISDA-SIMM_v2.82512_PUBLIC.pdf,2026-10-02,8484d3de7dcb5280b6ad6458d051c50f8ccc3370bc279ae1c47a7bccb8064636,VERIFIED_PRIMARY,"two extractors agree (PyMuPDF, markitdown; sequence) + page image check"
2.8+2512,IR,delta_tenor_corr,20y,15y,0.98,fraction,"ISDA SIMM Methodology v2.8+2512 (based on v2.8+2512.2, 13 May 2026)",2.8+2512,2026-07-11,D.2,36,correlation matrix for aggregated weighted sensitivities or risk exposures (row 20y),15,https://www.isda.org/a/hhkiE/ISDA-SIMM_v2.82512_PUBLIC.pdf,2026-10-02,8484d3de7dcb5280b6ad6458d051c50f8ccc3370bc279ae1c47a7bccb8064636,VERIFIED_PRIMARY,"two extractors agree (PyMuPDF, markitdown; sequence) + page image check"
2.8+2512,IR,delta_tenor_corr,20y,20y,1,fraction,"ISDA SIMM Methodology v2.8+2512 (based on v2.8+2512.2, 13 May 2026)",2.8+2512,2026-07-11,D.2,36,correlation matrix for aggregated weighted sensitivities or risk exposures (row 20y),15,https://www.isda.org/a/hhkiE/ISDA-SIMM_v2.82512_PUBLIC.pdf,2026-10-02,8484d3de7dcb5280b6ad6458d051c50f8ccc3370bc279ae1c47a7bccb8064636,VERIFIED_PRIMARY,"two extractors agree (PyMuPDF, markitdown; sequence) + page image check; diagonal blank in source, 1 by definition"
2.8+2512,IR,delta_tenor_corr,20y,30y,0.98,fraction,"ISDA SIMM Methodology v2.8+2512 (based on v2.8+2512.2, 13 May 2026)",2.8+2512,2026-07-11,D.2,36,correlation matrix for aggregated weighted sensitivities or risk exposures (row 20y),15,https://www.isda.org/a/hhkiE/ISDA-SIMM_v2.82512_PUBLIC.pdf,2026-10-02,8484d3de7dcb5280b6ad6458d051c50f8ccc3370bc279ae1c47a7bccb8064636,VERIFIED_PRIMARY,"two extractors agree (PyMuPDF, markitdown; sequence) + page image check"
2.8+2512,IR,delta_tenor_corr,30y,2w,0.14,fraction,"ISDA SIMM Methodology v2.8+2512 (based on v2.8+2512.2, 13 May 2026)",2.8+2512,2026-07-11,D.2,36,correlation matrix for aggregated weighted sensitivities or risk exposures (row 30y),15,https://www.isda.org/a/hhkiE/ISDA-SIMM_v2.82512_PUBLIC.pdf,2026-10-02,8484d3de7dcb5280b6ad6458d051c50f8ccc3370bc279ae1c47a7bccb8064636,VERIFIED_PRIMARY,"two extractors agree (PyMuPDF, markitdown; sequence) + page image check"
2.8+2512,IR,delta_tenor_corr,30y,1m,0.14,fraction,"ISDA SIMM Methodology v2.8+2512 (based on v2.8+2512.2, 13 May 2026)",2.8+2512,2026-07-11,D.2,36,correlation matrix for aggregated weighted sensitivities or risk exposures (row 30y),15,https://www.isda.org/a/hhkiE/ISDA-SIMM_v2.82512_PUBLIC.pdf,2026-10-02,8484d3de7dcb5280b6ad6458d051c50f8ccc3370bc279ae1c47a7bccb8064636,VERIFIED_PRIMARY,"two extractors agree (PyMuPDF, markitdown; sequence) + page image check"
2.8+2512,IR,delta_tenor_corr,30y,3m,0.25,fraction,"ISDA SIMM Methodology v2.8+2512 (based on v2.8+2512.2, 13 May 2026)",2.8+2512,2026-07-11,D.2,36,correlation matrix for aggregated weighted sensitivities or risk exposures (row 30y),15,https://www.isda.org/a/hhkiE/ISDA-SIMM_v2.82512_PUBLIC.pdf,2026-10-02,8484d3de7dcb5280b6ad6458d051c50f8ccc3370bc279ae1c47a7bccb8064636,VERIFIED_PRIMARY,"two extractors agree (PyMuPDF, markitdown; sequence) + page image check"
2.8+2512,IR,delta_tenor_corr,30y,6m,0.42,fraction,"ISDA SIMM Methodology v2.8+2512 (based on v2.8+2512.2, 13 May 2026)",2.8+2512,2026-07-11,D.2,36,correlation matrix for aggregated weighted sensitivities or risk exposures (row 30y),15,https://www.isda.org/a/hhkiE/ISDA-SIMM_v2.82512_PUBLIC.pdf,2026-10-02,8484d3de7dcb5280b6ad6458d051c50f8ccc3370bc279ae1c47a7bccb8064636,VERIFIED_PRIMARY,"two extractors agree (PyMuPDF, markitdown; sequence) + page image check"
2.8+2512,IR,delta_tenor_corr,30y,1y,0.63,fraction,"ISDA SIMM Methodology v2.8+2512 (based on v2.8+2512.2, 13 May 2026)",2.8+2512,2026-07-11,D.2,36,correlation matrix for aggregated weighted sensitivities or risk exposures (row 30y),15,https://www.isda.org/a/hhkiE/ISDA-SIMM_v2.82512_PUBLIC.pdf,2026-10-02,8484d3de7dcb5280b6ad6458d051c50f8ccc3370bc279ae1c47a7bccb8064636,VERIFIED_PRIMARY,"two extractors agree (PyMuPDF, markitdown; sequence) + page image check"
2.8+2512,IR,delta_tenor_corr,30y,2y,0.76,fraction,"ISDA SIMM Methodology v2.8+2512 (based on v2.8+2512.2, 13 May 2026)",2.8+2512,2026-07-11,D.2,36,correlation matrix for aggregated weighted sensitivities or risk exposures (row 30y),15,https://www.isda.org/a/hhkiE/ISDA-SIMM_v2.82512_PUBLIC.pdf,2026-10-02,8484d3de7dcb5280b6ad6458d051c50f8ccc3370bc279ae1c47a7bccb8064636,VERIFIED_PRIMARY,"two extractors agree (PyMuPDF, markitdown; sequence) + page image check"
2.8+2512,IR,delta_tenor_corr,30y,3y,0.81,fraction,"ISDA SIMM Methodology v2.8+2512 (based on v2.8+2512.2, 13 May 2026)",2.8+2512,2026-07-11,D.2,36,correlation matrix for aggregated weighted sensitivities or risk exposures (row 30y),15,https://www.isda.org/a/hhkiE/ISDA-SIMM_v2.82512_PUBLIC.pdf,2026-10-02,8484d3de7dcb5280b6ad6458d051c50f8ccc3370bc279ae1c47a7bccb8064636,VERIFIED_PRIMARY,"two extractors agree (PyMuPDF, markitdown; sequence) + page image check"
2.8+2512,IR,delta_tenor_corr,30y,5y,0.88,fraction,"ISDA SIMM Methodology v2.8+2512 (based on v2.8+2512.2, 13 May 2026)",2.8+2512,2026-07-11,D.2,36,correlation matrix for aggregated weighted sensitivities or risk exposures (row 30y),15,https://www.isda.org/a/hhkiE/ISDA-SIMM_v2.82512_PUBLIC.pdf,2026-10-02,8484d3de7dcb5280b6ad6458d051c50f8ccc3370bc279ae1c47a7bccb8064636,VERIFIED_PRIMARY,"two extractors agree (PyMuPDF, markitdown; sequence) + page image check"
2.8+2512,IR,delta_tenor_corr,30y,10y,0.95,fraction,"ISDA SIMM Methodology v2.8+2512 (based on v2.8+2512.2, 13 May 2026)",2.8+2512,2026-07-11,D.2,36,correlation matrix for aggregated weighted sensitivities or risk exposures (row 30y),15,https://www.isda.org/a/hhkiE/ISDA-SIMM_v2.82512_PUBLIC.pdf,2026-10-02,8484d3de7dcb5280b6ad6458d051c50f8ccc3370bc279ae1c47a7bccb8064636,VERIFIED_PRIMARY,"two extractors agree (PyMuPDF, markitdown; sequence) + page image check"
2.8+2512,IR,delta_tenor_corr,30y,15y,0.97,fraction,"ISDA SIMM Methodology v2.8+2512 (based on v2.8+2512.2, 13 May 2026)",2.8+2512,2026-07-11,D.2,36,correlation matrix for aggregated weighted sensitivities or risk exposures (row 30y),15,https://www.isda.org/a/hhkiE/ISDA-SIMM_v2.82512_PUBLIC.pdf,2026-10-02,8484d3de7dcb5280b6ad6458d051c50f8ccc3370bc279ae1c47a7bccb8064636,VERIFIED_PRIMARY,"two extractors agree (PyMuPDF, markitdown; sequence) + page image check"
2.8+2512,IR,delta_tenor_corr,30y,20y,0.98,fraction,"ISDA SIMM Methodology v2.8+2512 (based on v2.8+2512.2, 13 May 2026)",2.8+2512,2026-07-11,D.2,36,correlation matrix for aggregated weighted sensitivities or risk exposures (row 30y),15,https://www.isda.org/a/hhkiE/ISDA-SIMM_v2.82512_PUBLIC.pdf,2026-10-02,8484d3de7dcb5280b6ad6458d051c50f8ccc3370bc279ae1c47a7bccb8064636,VERIFIED_PRIMARY,"two extractors agree (PyMuPDF, markitdown; sequence) + page image check"
2.8+2512,IR,delta_tenor_corr,30y,30y,1,fraction,"ISDA SIMM Methodology v2.8+2512 (based on v2.8+2512.2, 13 May 2026)",2.8+2512,2026-07-11,D.2,36,correlation matrix for aggregated weighted sensitivities or risk exposures (row 30y),15,https://www.isda.org/a/hhkiE/ISDA-SIMM_v2.82512_PUBLIC.pdf,2026-10-02,8484d3de7dcb5280b6ad6458d051c50f8ccc3370bc279ae1c47a7bccb8064636,VERIFIED_PRIMARY,"two extractors agree (PyMuPDF, markitdown; sequence) + page image check; diagonal blank in source, 1 by definition"
2.8+2512,IR,subcurve_phi,,,0.981,fraction,"ISDA SIMM Methodology v2.8+2512 (based on v2.8+2512.2, 13 May 2026)",2.8+2512,2026-07-11,D.2,36,text under matrix (to one decimal place),15,https://www.isda.org/a/hhkiE/ISDA-SIMM_v2.82512_PUBLIC.pdf,2026-10-02,8484d3de7dcb5280b6ad6458d051c50f8ccc3370bc279ae1c47a7bccb8064636,VERIFIED_PRIMARY,"two extractors agree (PyMuPDF, markitdown; sequence) + page image check"
2.8+2512,IR,inflation_yield_corr,,,0.42,fraction,"ISDA SIMM Methodology v2.8+2512 (based on v2.8+2512.2, 13 May 2026)",2.8+2512,2026-07-11,D.2,36,text under matrix,15,https://www.isda.org/a/hhkiE/ISDA-SIMM_v2.82512_PUBLIC.pdf,2026-10-02,8484d3de7dcb5280b6ad6458d051c50f8ccc3370bc279ae1c47a7bccb8064636,VERIFIED_PRIMARY,"two extractors agree (PyMuPDF, markitdown; sequence) + page image check"
2.8+2512,IR,inflation_vol_ir_vol_corr,,,0.42,fraction,"ISDA SIMM Methodology v2.8+2512 (based on v2.8+2512.2, 13 May 2026)",2.8+2512,2026-07-11,D.2,36,same sentence: inflation vol vs IR vol,15,https://www.isda.org/a/hhkiE/ISDA-SIMM_v2.82512_PUBLIC.pdf,2026-10-02,8484d3de7dcb5280b6ad6458d051c50f8ccc3370bc279ae1c47a7bccb8064636,VERIFIED_PRIMARY,"two extractors agree (PyMuPDF, markitdown; sequence) + page image check"
2.8+2512,IR,xccy_basis_yield_corr,,,-0.01,fraction,"ISDA SIMM Methodology v2.8+2512 (based on v2.8+2512.2, 13 May 2026)",2.8+2512,2026-07-11,D.2,36,"text under matrix (vs yield or inflation, same currency)",15,https://www.isda.org/a/hhkiE/ISDA-SIMM_v2.82512_PUBLIC.pdf,2026-10-02,8484d3de7dcb5280b6ad6458d051c50f8ccc3370bc279ae1c47a7bccb8064636,VERIFIED_PRIMARY,"two extractors agree (PyMuPDF, markitdown; sequence) + page image check"
2.8+2512,IR,gamma,,,0.35,fraction,"ISDA SIMM Methodology v2.8+2512 (based on v2.8+2512.2, 13 May 2026)",2.8+2512,2026-07-11,D.2,37,text of paragraph 37 (no table),15,https://www.isda.org/a/hhkiE/ISDA-SIMM_v2.82512_PUBLIC.pdf,2026-10-02,8484d3de7dcb5280b6ad6458d051c50f8ccc3370bc279ae1c47a7bccb8064636,VERIFIED_PRIMARY,"two extractors agree (PyMuPDF, markitdown; sequence) + page image check"
2.8+2512,IR,delta_ct,high,,71,USD mm per bp,"ISDA SIMM Methodology v2.8+2512 (based on v2.8+2512.2, 13 May 2026)",2.8+2512,2026-07-11,J.1,74,text of paragraph 74 (no table),26,https://www.isda.org/a/hhkiE/ISDA-SIMM_v2.82512_PUBLIC.pdf,2026-10-02,8484d3de7dcb5280b6ad6458d051c50f8ccc3370bc279ae1c47a7bccb8064636,VERIFIED_PRIMARY,"two extractors agree (PyMuPDF, markitdown; sequence) + page image check"
2.8+2512,IR,delta_ct,regular_well_traded,,220,USD mm per bp,"ISDA SIMM Methodology v2.8+2512 (based on v2.8+2512.2, 13 May 2026)",2.8+2512,2026-07-11,J.1,74,text of paragraph 74 (no table),26,https://www.isda.org/a/hhkiE/ISDA-SIMM_v2.82512_PUBLIC.pdf,2026-10-02,8484d3de7dcb5280b6ad6458d051c50f8ccc3370bc279ae1c47a7bccb8064636,VERIFIED_PRIMARY,"two extractors agree (PyMuPDF, markitdown; sequence) + page image check"
2.8+2512,IR,delta_ct,regular_less_well_traded,,110,USD mm per bp,"ISDA SIMM Methodology v2.8+2512 (based on v2.8+2512.2, 13 May 2026)",2.8+2512,2026-07-11,J.1,74,text of paragraph 74 (no table),26,https://www.isda.org/a/hhkiE/ISDA-SIMM_v2.82512_PUBLIC.pdf,2026-10-02,8484d3de7dcb5280b6ad6458d051c50f8ccc3370bc279ae1c47a7bccb8064636,VERIFIED_PRIMARY,"two extractors agree (PyMuPDF, markitdown; sequence) + page image check"
2.8+2512,IR,delta_ct,low,,370,USD mm per bp,"ISDA SIMM Methodology v2.8+2512 (based on v2.8+2512.2, 13 May 2026)",2.8+2512,2026-07-11,J.1,74,text of paragraph 74 (no table),26,https://www.isda.org/a/hhkiE/ISDA-SIMM_v2.82512_PUBLIC.pdf,2026-10-02,8484d3de7dcb5280b6ad6458d051c50f8ccc3370bc279ae1c47a7bccb8064636,VERIFIED_PRIMARY,"two extractors agree (PyMuPDF, markitdown; sequence) + page image check"
2.8+2512,IR,vega_ct,high,,160,USD mm,"ISDA SIMM Methodology v2.8+2512 (based on v2.8+2512.2, 13 May 2026)",2.8+2512,2026-07-11,J.6,81,text of paragraph 81 (no table),27,https://www.isda.org/a/hhkiE/ISDA-SIMM_v2.82512_PUBLIC.pdf,2026-10-02,8484d3de7dcb5280b6ad6458d051c50f8ccc3370bc279ae1c47a7bccb8064636,VERIFIED_PRIMARY,"two extractors agree (PyMuPDF, markitdown; sequence) + page image check"
2.8+2512,IR,vega_ct,regular_well_traded,,3800,USD mm,"ISDA SIMM Methodology v2.8+2512 (based on v2.8+2512.2, 13 May 2026)",2.8+2512,2026-07-11,J.6,81,text of paragraph 81 (no table),27,https://www.isda.org/a/hhkiE/ISDA-SIMM_v2.82512_PUBLIC.pdf,2026-10-02,8484d3de7dcb5280b6ad6458d051c50f8ccc3370bc279ae1c47a7bccb8064636,VERIFIED_PRIMARY,"two extractors agree (PyMuPDF, markitdown; sequence) + page image check"
2.8+2512,IR,vega_ct,regular_less_well_traded,,520,USD mm,"ISDA SIMM Methodology v2.8+2512 (based on v2.8+2512.2, 13 May 2026)",2.8+2512,2026-07-11,J.6,81,text of paragraph 81 (no table),27,https://www.isda.org/a/hhkiE/ISDA-SIMM_v2.82512_PUBLIC.pdf,2026-10-02,8484d3de7dcb5280b6ad6458d051c50f8ccc3370bc279ae1c47a7bccb8064636,VERIFIED_PRIMARY,"two extractors agree (PyMuPDF, markitdown; sequence) + page image check"
2.8+2512,IR,vega_ct,low,,1100,USD mm,"ISDA SIMM Methodology v2.8+2512 (based on v2.8+2512.2, 13 May 2026)",2.8+2512,2026-07-11,J.6,81,text of paragraph 81 (no table),27,https://www.isda.org/a/hhkiE/ISDA-SIMM_v2.82512_PUBLIC.pdf,2026-10-02,8484d3de7dcb5280b6ad6458d051c50f8ccc3370bc279ae1c47a7bccb8064636,VERIFIED_PRIMARY,"two extractors agree (PyMuPDF, markitdown; sequence) + page image check"
2.8+2512,IR,ct_group_member,regular_well_traded,USD,1,membership,"ISDA SIMM Methodology v2.8+2512 (based on v2.8+2512.2, 13 May 2026)",2.8+2512,2026-07-11,J.1,75(2),text of paragraph 75(2) (no table),26,https://www.isda.org/a/hhkiE/ISDA-SIMM_v2.82512_PUBLIC.pdf,2026-10-02,8484d3de7dcb5280b6ad6458d051c50f8ccc3370bc279ae1c47a7bccb8064636,VERIFIED_PRIMARY,"two extractors agree (PyMuPDF, markitdown; sequence) + page image check"
2.8+2512,IR,ct_group_member,regular_well_traded,EUR,1,membership,"ISDA SIMM Methodology v2.8+2512 (based on v2.8+2512.2, 13 May 2026)",2.8+2512,2026-07-11,J.1,75(2),text of paragraph 75(2) (no table),26,https://www.isda.org/a/hhkiE/ISDA-SIMM_v2.82512_PUBLIC.pdf,2026-10-02,8484d3de7dcb5280b6ad6458d051c50f8ccc3370bc279ae1c47a7bccb8064636,VERIFIED_PRIMARY,"two extractors agree (PyMuPDF, markitdown; sequence) + page image check"
2.8+2512,IR,ct_group_member,regular_well_traded,GBP,1,membership,"ISDA SIMM Methodology v2.8+2512 (based on v2.8+2512.2, 13 May 2026)",2.8+2512,2026-07-11,J.1,75(2),text of paragraph 75(2) (no table),26,https://www.isda.org/a/hhkiE/ISDA-SIMM_v2.82512_PUBLIC.pdf,2026-10-02,8484d3de7dcb5280b6ad6458d051c50f8ccc3370bc279ae1c47a7bccb8064636,VERIFIED_PRIMARY,"two extractors agree (PyMuPDF, markitdown; sequence) + page image check"
2.8+2512,IR,ct_group_member,regular_less_well_traded,AUD,1,membership,"ISDA SIMM Methodology v2.8+2512 (based on v2.8+2512.2, 13 May 2026)",2.8+2512,2026-07-11,J.1,75(3),text of paragraph 75(3) (no table),26,https://www.isda.org/a/hhkiE/ISDA-SIMM_v2.82512_PUBLIC.pdf,2026-10-02,8484d3de7dcb5280b6ad6458d051c50f8ccc3370bc279ae1c47a7bccb8064636,VERIFIED_PRIMARY,"two extractors agree (PyMuPDF, markitdown; sequence) + page image check"
2.8+2512,IR,ct_group_member,regular_less_well_traded,CAD,1,membership,"ISDA SIMM Methodology v2.8+2512 (based on v2.8+2512.2, 13 May 2026)",2.8+2512,2026-07-11,J.1,75(3),text of paragraph 75(3) (no table),26,https://www.isda.org/a/hhkiE/ISDA-SIMM_v2.82512_PUBLIC.pdf,2026-10-02,8484d3de7dcb5280b6ad6458d051c50f8ccc3370bc279ae1c47a7bccb8064636,VERIFIED_PRIMARY,"two extractors agree (PyMuPDF, markitdown; sequence) + page image check"
2.8+2512,IR,ct_group_member,regular_less_well_traded,CHF,1,membership,"ISDA SIMM Methodology v2.8+2512 (based on v2.8+2512.2, 13 May 2026)",2.8+2512,2026-07-11,J.1,75(3),text of paragraph 75(3) (no table),26,https://www.isda.org/a/hhkiE/ISDA-SIMM_v2.82512_PUBLIC.pdf,2026-10-02,8484d3de7dcb5280b6ad6458d051c50f8ccc3370bc279ae1c47a7bccb8064636,VERIFIED_PRIMARY,"two extractors agree (PyMuPDF, markitdown; sequence) + page image check"
2.8+2512,IR,ct_group_member,regular_less_well_traded,DKK,1,membership,"ISDA SIMM Methodology v2.8+2512 (based on v2.8+2512.2, 13 May 2026)",2.8+2512,2026-07-11,J.1,75(3),text of paragraph 75(3) (no table),26,https://www.isda.org/a/hhkiE/ISDA-SIMM_v2.82512_PUBLIC.pdf,2026-10-02,8484d3de7dcb5280b6ad6458d051c50f8ccc3370bc279ae1c47a7bccb8064636,VERIFIED_PRIMARY,"two extractors agree (PyMuPDF, markitdown; sequence) + page image check"
2.8+2512,IR,ct_group_member,regular_less_well_traded,HKD,1,membership,"ISDA SIMM Methodology v2.8+2512 (based on v2.8+2512.2, 13 May 2026)",2.8+2512,2026-07-11,J.1,75(3),text of paragraph 75(3) (no table),26,https://www.isda.org/a/hhkiE/ISDA-SIMM_v2.82512_PUBLIC.pdf,2026-10-02,8484d3de7dcb5280b6ad6458d051c50f8ccc3370bc279ae1c47a7bccb8064636,VERIFIED_PRIMARY,"two extractors agree (PyMuPDF, markitdown; sequence) + page image check"
2.8+2512,IR,ct_group_member,regular_less_well_traded,KRW,1,membership,"ISDA SIMM Methodology v2.8+2512 (based on v2.8+2512.2, 13 May 2026)",2.8+2512,2026-07-11,J.1,75(3),text of paragraph 75(3) (no table),26,https://www.isda.org/a/hhkiE/ISDA-SIMM_v2.82512_PUBLIC.pdf,2026-10-02,8484d3de7dcb5280b6ad6458d051c50f8ccc3370bc279ae1c47a7bccb8064636,VERIFIED_PRIMARY,"two extractors agree (PyMuPDF, markitdown; sequence) + page image check"
2.8+2512,IR,ct_group_member,regular_less_well_traded,NOK,1,membership,"ISDA SIMM Methodology v2.8+2512 (based on v2.8+2512.2, 13 May 2026)",2.8+2512,2026-07-11,J.1,75(3),text of paragraph 75(3) (no table),26,https://www.isda.org/a/hhkiE/ISDA-SIMM_v2.82512_PUBLIC.pdf,2026-10-02,8484d3de7dcb5280b6ad6458d051c50f8ccc3370bc279ae1c47a7bccb8064636,VERIFIED_PRIMARY,"two extractors agree (PyMuPDF, markitdown; sequence) + page image check"
2.8+2512,IR,ct_group_member,regular_less_well_traded,NZD,1,membership,"ISDA SIMM Methodology v2.8+2512 (based on v2.8+2512.2, 13 May 2026)",2.8+2512,2026-07-11,J.1,75(3),text of paragraph 75(3) (no table),26,https://www.isda.org/a/hhkiE/ISDA-SIMM_v2.82512_PUBLIC.pdf,2026-10-02,8484d3de7dcb5280b6ad6458d051c50f8ccc3370bc279ae1c47a7bccb8064636,VERIFIED_PRIMARY,"two extractors agree (PyMuPDF, markitdown; sequence) + page image check"
2.8+2512,IR,ct_group_member,regular_less_well_traded,SEK,1,membership,"ISDA SIMM Methodology v2.8+2512 (based on v2.8+2512.2, 13 May 2026)",2.8+2512,2026-07-11,J.1,75(3),text of paragraph 75(3) (no table),26,https://www.isda.org/a/hhkiE/ISDA-SIMM_v2.82512_PUBLIC.pdf,2026-10-02,8484d3de7dcb5280b6ad6458d051c50f8ccc3370bc279ae1c47a7bccb8064636,VERIFIED_PRIMARY,"two extractors agree (PyMuPDF, markitdown; sequence) + page image check"
2.8+2512,IR,ct_group_member,regular_less_well_traded,SGD,1,membership,"ISDA SIMM Methodology v2.8+2512 (based on v2.8+2512.2, 13 May 2026)",2.8+2512,2026-07-11,J.1,75(3),text of paragraph 75(3) (no table),26,https://www.isda.org/a/hhkiE/ISDA-SIMM_v2.82512_PUBLIC.pdf,2026-10-02,8484d3de7dcb5280b6ad6458d051c50f8ccc3370bc279ae1c47a7bccb8064636,VERIFIED_PRIMARY,"two extractors agree (PyMuPDF, markitdown; sequence) + page image check"
2.8+2512,IR,ct_group_member,regular_less_well_traded,TWD,1,membership,"ISDA SIMM Methodology v2.8+2512 (based on v2.8+2512.2, 13 May 2026)",2.8+2512,2026-07-11,J.1,75(3),text of paragraph 75(3) (no table),26,https://www.isda.org/a/hhkiE/ISDA-SIMM_v2.82512_PUBLIC.pdf,2026-10-02,8484d3de7dcb5280b6ad6458d051c50f8ccc3370bc279ae1c47a7bccb8064636,VERIFIED_PRIMARY,"two extractors agree (PyMuPDF, markitdown; sequence) + page image check"
2.8+2512,IR,ct_group_member,low,JPY,1,membership,"ISDA SIMM Methodology v2.8+2512 (based on v2.8+2512.2, 13 May 2026)",2.8+2512,2026-07-11,J.1,75(4),text of paragraph 75(4) (no table),26,https://www.isda.org/a/hhkiE/ISDA-SIMM_v2.82512_PUBLIC.pdf,2026-10-02,8484d3de7dcb5280b6ad6458d051c50f8ccc3370bc279ae1c47a7bccb8064636,VERIFIED_PRIMARY,"two extractors agree (PyMuPDF, markitdown; sequence) + page image check"
2.8+2512,IR,ct_group_member,high,ALL_OTHER,1,membership,"ISDA SIMM Methodology v2.8+2512 (based on v2.8+2512.2, 13 May 2026)",2.8+2512,2026-07-11,J.1,75(1),all other currencies,26,https://www.isda.org/a/hhkiE/ISDA-SIMM_v2.82512_PUBLIC.pdf,2026-10-02,8484d3de7dcb5280b6ad6458d051c50f8ccc3370bc279ae1c47a7bccb8064636,VERIFIED_PRIMARY,"two extractors agree (PyMuPDF, markitdown; sequence) + page image check"
2.8+2512,FX,high_vol_member,high,ARS,1,membership,"ISDA SIMM Methodology v2.8+2512 (based on v2.8+2512.2, 13 May 2026)",2.8+2512,2026-07-11,I.1,67,text of paragraph 67 (no table),24,https://www.isda.org/a/hhkiE/ISDA-SIMM_v2.82512_PUBLIC.pdf,2026-10-02,8484d3de7dcb5280b6ad6458d051c50f8ccc3370bc279ae1c47a7bccb8064636,VERIFIED_PRIMARY,"two extractors agree (PyMuPDF, markitdown; sequence) + page image check"
2.8+2512,FX,high_vol_member,high,EGP,1,membership,"ISDA SIMM Methodology v2.8+2512 (based on v2.8+2512.2, 13 May 2026)",2.8+2512,2026-07-11,I.1,67,text of paragraph 67 (no table),24,https://www.isda.org/a/hhkiE/ISDA-SIMM_v2.82512_PUBLIC.pdf,2026-10-02,8484d3de7dcb5280b6ad6458d051c50f8ccc3370bc279ae1c47a7bccb8064636,VERIFIED_PRIMARY,"two extractors agree (PyMuPDF, markitdown; sequence) + page image check"
2.8+2512,FX,high_vol_member,high,ETB,1,membership,"ISDA SIMM Methodology v2.8+2512 (based on v2.8+2512.2, 13 May 2026)",2.8+2512,2026-07-11,I.1,67,text of paragraph 67 (no table),24,https://www.isda.org/a/hhkiE/ISDA-SIMM_v2.82512_PUBLIC.pdf,2026-10-02,8484d3de7dcb5280b6ad6458d051c50f8ccc3370bc279ae1c47a7bccb8064636,VERIFIED_PRIMARY,"two extractors agree (PyMuPDF, markitdown; sequence) + page image check"
2.8+2512,FX,high_vol_member,high,GHS,1,membership,"ISDA SIMM Methodology v2.8+2512 (based on v2.8+2512.2, 13 May 2026)",2.8+2512,2026-07-11,I.1,67,text of paragraph 67 (no table),24,https://www.isda.org/a/hhkiE/ISDA-SIMM_v2.82512_PUBLIC.pdf,2026-10-02,8484d3de7dcb5280b6ad6458d051c50f8ccc3370bc279ae1c47a7bccb8064636,VERIFIED_PRIMARY,"two extractors agree (PyMuPDF, markitdown; sequence) + page image check"
2.8+2512,FX,high_vol_member,high,ISK,1,membership,"ISDA SIMM Methodology v2.8+2512 (based on v2.8+2512.2, 13 May 2026)",2.8+2512,2026-07-11,I.1,67,text of paragraph 67 (no table),24,https://www.isda.org/a/hhkiE/ISDA-SIMM_v2.82512_PUBLIC.pdf,2026-10-02,8484d3de7dcb5280b6ad6458d051c50f8ccc3370bc279ae1c47a7bccb8064636,VERIFIED_PRIMARY,"two extractors agree (PyMuPDF, markitdown; sequence) + page image check"
2.8+2512,FX,high_vol_member,high,LBP,1,membership,"ISDA SIMM Methodology v2.8+2512 (based on v2.8+2512.2, 13 May 2026)",2.8+2512,2026-07-11,I.1,67,text of paragraph 67 (no table),24,https://www.isda.org/a/hhkiE/ISDA-SIMM_v2.82512_PUBLIC.pdf,2026-10-02,8484d3de7dcb5280b6ad6458d051c50f8ccc3370bc279ae1c47a7bccb8064636,VERIFIED_PRIMARY,"two extractors agree (PyMuPDF, markitdown; sequence) + page image check"
2.8+2512,FX,high_vol_member,high,NGN,1,membership,"ISDA SIMM Methodology v2.8+2512 (based on v2.8+2512.2, 13 May 2026)",2.8+2512,2026-07-11,I.1,67,text of paragraph 67 (no table),24,https://www.isda.org/a/hhkiE/ISDA-SIMM_v2.82512_PUBLIC.pdf,2026-10-02,8484d3de7dcb5280b6ad6458d051c50f8ccc3370bc279ae1c47a7bccb8064636,VERIFIED_PRIMARY,"two extractors agree (PyMuPDF, markitdown; sequence) + page image check"
2.8+2512,FX,high_vol_member,high,SCR,1,membership,"ISDA SIMM Methodology v2.8+2512 (based on v2.8+2512.2, 13 May 2026)",2.8+2512,2026-07-11,I.1,67,text of paragraph 67 (no table),24,https://www.isda.org/a/hhkiE/ISDA-SIMM_v2.82512_PUBLIC.pdf,2026-10-02,8484d3de7dcb5280b6ad6458d051c50f8ccc3370bc279ae1c47a7bccb8064636,VERIFIED_PRIMARY,"two extractors agree (PyMuPDF, markitdown; sequence) + page image check"
2.8+2512,FX,high_vol_member,high,ZMW,1,membership,"ISDA SIMM Methodology v2.8+2512 (based on v2.8+2512.2, 13 May 2026)",2.8+2512,2026-07-11,I.1,67,text of paragraph 67 (no table),24,https://www.isda.org/a/hhkiE/ISDA-SIMM_v2.82512_PUBLIC.pdf,2026-10-02,8484d3de7dcb5280b6ad6458d051c50f8ccc3370bc279ae1c47a7bccb8064636,VERIFIED_PRIMARY,"two extractors agree (PyMuPDF, markitdown; sequence) + page image check"
2.8+2512,FX,high_vol_member,regular,ALL_OTHER,1,membership,"ISDA SIMM Methodology v2.8+2512 (based on v2.8+2512.2, 13 May 2026)",2.8+2512,2026-07-11,I.1,68,all other currencies,24,https://www.isda.org/a/hhkiE/ISDA-SIMM_v2.82512_PUBLIC.pdf,2026-10-02,8484d3de7dcb5280b6ad6458d051c50f8ccc3370bc279ae1c47a7bccb8064636,VERIFIED_PRIMARY,"two extractors agree (PyMuPDF, markitdown; sequence) + page image check"
2.8+2512,FX,delta_rw,regular,regular,7.4,multiplier of per-1% sensitivity,"ISDA SIMM Methodology v2.8+2512 (based on v2.8+2512.2, 13 May 2026)",2.8+2512,2026-07-11,I.1,69,"FX risk weight table (key1=FX vol group of the given currency, key2=FX vol group of the calculation currency)",24,https://www.isda.org/a/hhkiE/ISDA-SIMM_v2.82512_PUBLIC.pdf,2026-10-02,8484d3de7dcb5280b6ad6458d051c50f8ccc3370bc279ae1c47a7bccb8064636,VERIFIED_PRIMARY,"two extractors agree (PyMuPDF, markitdown; sequence) + page image check"
2.8+2512,FX,delta_rw,regular,high,31.7,multiplier of per-1% sensitivity,"ISDA SIMM Methodology v2.8+2512 (based on v2.8+2512.2, 13 May 2026)",2.8+2512,2026-07-11,I.1,69,"FX risk weight table (key1=FX vol group of the given currency, key2=FX vol group of the calculation currency)",24,https://www.isda.org/a/hhkiE/ISDA-SIMM_v2.82512_PUBLIC.pdf,2026-10-02,8484d3de7dcb5280b6ad6458d051c50f8ccc3370bc279ae1c47a7bccb8064636,VERIFIED_PRIMARY,"two extractors agree (PyMuPDF, markitdown; sequence) + page image check"
2.8+2512,FX,delta_rw,high,regular,31.7,multiplier of per-1% sensitivity,"ISDA SIMM Methodology v2.8+2512 (based on v2.8+2512.2, 13 May 2026)",2.8+2512,2026-07-11,I.1,69,"FX risk weight table (key1=FX vol group of the given currency, key2=FX vol group of the calculation currency)",24,https://www.isda.org/a/hhkiE/ISDA-SIMM_v2.82512_PUBLIC.pdf,2026-10-02,8484d3de7dcb5280b6ad6458d051c50f8ccc3370bc279ae1c47a7bccb8064636,VERIFIED_PRIMARY,"two extractors agree (PyMuPDF, markitdown; sequence) + page image check"
2.8+2512,FX,delta_rw,high,high,31.7,multiplier of per-1% sensitivity,"ISDA SIMM Methodology v2.8+2512 (based on v2.8+2512.2, 13 May 2026)",2.8+2512,2026-07-11,I.1,69,"FX risk weight table (key1=FX vol group of the given currency, key2=FX vol group of the calculation currency)",24,https://www.isda.org/a/hhkiE/ISDA-SIMM_v2.82512_PUBLIC.pdf,2026-10-02,8484d3de7dcb5280b6ad6458d051c50f8ccc3370bc279ae1c47a7bccb8064636,VERIFIED_PRIMARY,"two extractors agree (PyMuPDF, markitdown; sequence) + page image check"
2.8+2512,FX,hvr,,,0.67,ratio,"ISDA SIMM Methodology v2.8+2512 (based on v2.8+2512.2, 13 May 2026)",2.8+2512,2026-07-11,I.1,70,text of paragraph 70 (no table),24,https://www.isda.org/a/hhkiE/ISDA-SIMM_v2.82512_PUBLIC.pdf,2026-10-02,8484d3de7dcb5280b6ad6458d051c50f8ccc3370bc279ae1c47a7bccb8064636,VERIFIED_PRIMARY,"two extractors agree (PyMuPDF, markitdown; sequence) + page image check"
2.8+2512,FX,vega_rw,,,0.33,ratio,"ISDA SIMM Methodology v2.8+2512 (based on v2.8+2512.2, 13 May 2026)",2.8+2512,2026-07-11,I.1,71,text of paragraph 71 (no table),24,https://www.isda.org/a/hhkiE/ISDA-SIMM_v2.82512_PUBLIC.pdf,2026-10-02,8484d3de7dcb5280b6ad6458d051c50f8ccc3370bc279ae1c47a7bccb8064636,VERIFIED_PRIMARY,"two extractors agree (PyMuPDF, markitdown; sequence) + page image check"
2.8+2512,FX,delta_corr_calc_regular,regular,regular,0.5,fraction,"ISDA SIMM Methodology v2.8+2512 (based on v2.8+2512.2, 13 May 2026)",2.8+2512,2026-07-11,I.2,72,"FX correlation table, calculation currency in the regular FX vol group (key1, key2 = FX vol groups of the two risk factors)",24,https://www.isda.org/a/hhkiE/ISDA-SIMM_v2.82512_PUBLIC.pdf,2026-10-02,8484d3de7dcb5280b6ad6458d051c50f8ccc3370bc279ae1c47a7bccb8064636,VERIFIED_PRIMARY,"two extractors agree (PyMuPDF, markitdown; sequence) + page image check"
2.8+2512,FX,delta_corr_calc_regular,regular,high,0.12,fraction,"ISDA SIMM Methodology v2.8+2512 (based on v2.8+2512.2, 13 May 2026)",2.8+2512,2026-07-11,I.2,72,"FX correlation table, calculation currency in the regular FX vol group (key1, key2 = FX vol groups of the two risk factors)",24,https://www.isda.org/a/hhkiE/ISDA-SIMM_v2.82512_PUBLIC.pdf,2026-10-02,8484d3de7dcb5280b6ad6458d051c50f8ccc3370bc279ae1c47a7bccb8064636,VERIFIED_PRIMARY,"two extractors agree (PyMuPDF, markitdown; sequence) + page image check"
2.8+2512,FX,delta_corr_calc_regular,high,regular,0.12,fraction,"ISDA SIMM Methodology v2.8+2512 (based on v2.8+2512.2, 13 May 2026)",2.8+2512,2026-07-11,I.2,72,"FX correlation table, calculation currency in the regular FX vol group (key1, key2 = FX vol groups of the two risk factors)",24,https://www.isda.org/a/hhkiE/ISDA-SIMM_v2.82512_PUBLIC.pdf,2026-10-02,8484d3de7dcb5280b6ad6458d051c50f8ccc3370bc279ae1c47a7bccb8064636,VERIFIED_PRIMARY,"two extractors agree (PyMuPDF, markitdown; sequence) + page image check"
2.8+2512,FX,delta_corr_calc_regular,high,high,0.03,fraction,"ISDA SIMM Methodology v2.8+2512 (based on v2.8+2512.2, 13 May 2026)",2.8+2512,2026-07-11,I.2,72,"FX correlation table, calculation currency in the regular FX vol group (key1, key2 = FX vol groups of the two risk factors)",24,https://www.isda.org/a/hhkiE/ISDA-SIMM_v2.82512_PUBLIC.pdf,2026-10-02,8484d3de7dcb5280b6ad6458d051c50f8ccc3370bc279ae1c47a7bccb8064636,VERIFIED_PRIMARY,"two extractors agree (PyMuPDF, markitdown; sequence) + page image check"
2.8+2512,FX,delta_corr_calc_high,regular,regular,0.97,fraction,"ISDA SIMM Methodology v2.8+2512 (based on v2.8+2512.2, 13 May 2026)",2.8+2512,2026-07-11,I.2,72,"FX correlation table, calculation currency in the high FX vol group (key1, key2 = FX vol groups of the two risk factors)",25,https://www.isda.org/a/hhkiE/ISDA-SIMM_v2.82512_PUBLIC.pdf,2026-10-02,8484d3de7dcb5280b6ad6458d051c50f8ccc3370bc279ae1c47a7bccb8064636,VERIFIED_PRIMARY,"two extractors agree (PyMuPDF, markitdown; sequence) + page image check"
2.8+2512,FX,delta_corr_calc_high,regular,high,0.7,fraction,"ISDA SIMM Methodology v2.8+2512 (based on v2.8+2512.2, 13 May 2026)",2.8+2512,2026-07-11,I.2,72,"FX correlation table, calculation currency in the high FX vol group (key1, key2 = FX vol groups of the two risk factors)",25,https://www.isda.org/a/hhkiE/ISDA-SIMM_v2.82512_PUBLIC.pdf,2026-10-02,8484d3de7dcb5280b6ad6458d051c50f8ccc3370bc279ae1c47a7bccb8064636,VERIFIED_PRIMARY,"two extractors agree (PyMuPDF, markitdown; sequence) + page image check"
2.8+2512,FX,delta_corr_calc_high,high,regular,0.7,fraction,"ISDA SIMM Methodology v2.8+2512 (based on v2.8+2512.2, 13 May 2026)",2.8+2512,2026-07-11,I.2,72,"FX correlation table, calculation currency in the high FX vol group (key1, key2 = FX vol groups of the two risk factors)",25,https://www.isda.org/a/hhkiE/ISDA-SIMM_v2.82512_PUBLIC.pdf,2026-10-02,8484d3de7dcb5280b6ad6458d051c50f8ccc3370bc279ae1c47a7bccb8064636,VERIFIED_PRIMARY,"two extractors agree (PyMuPDF, markitdown; sequence) + page image check"
2.8+2512,FX,delta_corr_calc_high,high,high,0.5,fraction,"ISDA SIMM Methodology v2.8+2512 (based on v2.8+2512.2, 13 May 2026)",2.8+2512,2026-07-11,I.2,72,"FX correlation table, calculation currency in the high FX vol group (key1, key2 = FX vol groups of the two risk factors)",25,https://www.isda.org/a/hhkiE/ISDA-SIMM_v2.82512_PUBLIC.pdf,2026-10-02,8484d3de7dcb5280b6ad6458d051c50f8ccc3370bc279ae1c47a7bccb8064636,VERIFIED_PRIMARY,"two extractors agree (PyMuPDF, markitdown; sequence) + page image check"
2.8+2512,FX,vol_curvature_corr,,,0.5,fraction,"ISDA SIMM Methodology v2.8+2512 (based on v2.8+2512.2, 13 May 2026)",2.8+2512,2026-07-11,I.2,73,text of paragraph 73 (no table),25,https://www.isda.org/a/hhkiE/ISDA-SIMM_v2.82512_PUBLIC.pdf,2026-10-02,8484d3de7dcb5280b6ad6458d051c50f8ccc3370bc279ae1c47a7bccb8064636,VERIFIED_PRIMARY,"two extractors agree (PyMuPDF, markitdown; sequence) + page image check"
2.8+2512,FX,delta_ct,Category 1,,2100,USD mm per percent,"ISDA SIMM Methodology v2.8+2512 (based on v2.8+2512.2, 13 May 2026)",2.8+2512,2026-07-11,J.5,79,text of paragraph 79 (no table),27,https://www.isda.org/a/hhkiE/ISDA-SIMM_v2.82512_PUBLIC.pdf,2026-10-02,8484d3de7dcb5280b6ad6458d051c50f8ccc3370bc279ae1c47a7bccb8064636,VERIFIED_PRIMARY,"two extractors agree (PyMuPDF, markitdown; sequence) + page image check"
2.8+2512,FX,delta_ct,Category 2,,710,USD mm per percent,"ISDA SIMM Methodology v2.8+2512 (based on v2.8+2512.2, 13 May 2026)",2.8+2512,2026-07-11,J.5,79,text of paragraph 79 (no table),27,https://www.isda.org/a/hhkiE/ISDA-SIMM_v2.82512_PUBLIC.pdf,2026-10-02,8484d3de7dcb5280b6ad6458d051c50f8ccc3370bc279ae1c47a7bccb8064636,VERIFIED_PRIMARY,"two extractors agree (PyMuPDF, markitdown; sequence) + page image check"
2.8+2512,FX,delta_ct,Category 3,,120,USD mm per percent,"ISDA SIMM Methodology v2.8+2512 (based on v2.8+2512.2, 13 May 2026)",2.8+2512,2026-07-11,J.5,79,text of paragraph 79 (no table),27,https://www.isda.org/a/hhkiE/ISDA-SIMM_v2.82512_PUBLIC.pdf,2026-10-02,8484d3de7dcb5280b6ad6458d051c50f8ccc3370bc279ae1c47a7bccb8064636,VERIFIED_PRIMARY,"two extractors agree (PyMuPDF, markitdown; sequence) + page image check"
2.8+2512,FX,vega_ct,Category 1,Category 1,2900,USD mm,"ISDA SIMM Methodology v2.8+2512 (based on v2.8+2512.2, 13 May 2026)",2.8+2512,2026-07-11,J.10,86,text of paragraph 86 (no table),28,https://www.isda.org/a/hhkiE/ISDA-SIMM_v2.82512_PUBLIC.pdf,2026-10-02,8484d3de7dcb5280b6ad6458d051c50f8ccc3370bc279ae1c47a7bccb8064636,VERIFIED_PRIMARY,"two extractors agree (PyMuPDF, markitdown; multiset) + page image check; markitdown row order differs in this table (multiset equal); pair labels from PyMuPDF"
2.8+2512,FX,vega_ct,Category 1,Category 2,1500,USD mm,"ISDA SIMM Methodology v2.8+2512 (based on v2.8+2512.2, 13 May 2026)",2.8+2512,2026-07-11,J.10,86,text of paragraph 86 (no table),28,https://www.isda.org/a/hhkiE/ISDA-SIMM_v2.82512_PUBLIC.pdf,2026-10-02,8484d3de7dcb5280b6ad6458d051c50f8ccc3370bc279ae1c47a7bccb8064636,VERIFIED_PRIMARY,"two extractors agree (PyMuPDF, markitdown; multiset) + page image check; markitdown row order differs in this table (multiset equal); pair labels from PyMuPDF"
2.8+2512,FX,vega_ct,Category 1,Category 3,840,USD mm,"ISDA SIMM Methodology v2.8+2512 (based on v2.8+2512.2, 13 May 2026)",2.8+2512,2026-07-11,J.10,86,text of paragraph 86 (no table),28,https://www.isda.org/a/hhkiE/ISDA-SIMM_v2.82512_PUBLIC.pdf,2026-10-02,8484d3de7dcb5280b6ad6458d051c50f8ccc3370bc279ae1c47a7bccb8064636,VERIFIED_PRIMARY,"two extractors agree (PyMuPDF, markitdown; multiset) + page image check; markitdown row order differs in this table (multiset equal); pair labels from PyMuPDF"
2.8+2512,FX,vega_ct,Category 2,Category 2,760,USD mm,"ISDA SIMM Methodology v2.8+2512 (based on v2.8+2512.2, 13 May 2026)",2.8+2512,2026-07-11,J.10,86,text of paragraph 86 (no table),28,https://www.isda.org/a/hhkiE/ISDA-SIMM_v2.82512_PUBLIC.pdf,2026-10-02,8484d3de7dcb5280b6ad6458d051c50f8ccc3370bc279ae1c47a7bccb8064636,VERIFIED_PRIMARY,"two extractors agree (PyMuPDF, markitdown; multiset) + page image check; markitdown row order differs in this table (multiset equal); pair labels from PyMuPDF"
2.8+2512,FX,vega_ct,Category 2,Category 3,490,USD mm,"ISDA SIMM Methodology v2.8+2512 (based on v2.8+2512.2, 13 May 2026)",2.8+2512,2026-07-11,J.10,86,text of paragraph 86 (no table),28,https://www.isda.org/a/hhkiE/ISDA-SIMM_v2.82512_PUBLIC.pdf,2026-10-02,8484d3de7dcb5280b6ad6458d051c50f8ccc3370bc279ae1c47a7bccb8064636,VERIFIED_PRIMARY,"two extractors agree (PyMuPDF, markitdown; multiset) + page image check; markitdown row order differs in this table (multiset equal); pair labels from PyMuPDF"
2.8+2512,FX,vega_ct,Category 3,Category 3,310,USD mm,"ISDA SIMM Methodology v2.8+2512 (based on v2.8+2512.2, 13 May 2026)",2.8+2512,2026-07-11,J.10,86,text of paragraph 86 (no table),28,https://www.isda.org/a/hhkiE/ISDA-SIMM_v2.82512_PUBLIC.pdf,2026-10-02,8484d3de7dcb5280b6ad6458d051c50f8ccc3370bc279ae1c47a7bccb8064636,VERIFIED_PRIMARY,"two extractors agree (PyMuPDF, markitdown; multiset) + page image check; markitdown row order differs in this table (multiset equal); pair labels from PyMuPDF"
2.8+2512,FX,ct_category_member,Category 1,USD,1,membership,"ISDA SIMM Methodology v2.8+2512 (based on v2.8+2512.2, 13 May 2026)",2.8+2512,2026-07-11,J.5,80,text of paragraph 80 (no table),27,https://www.isda.org/a/hhkiE/ISDA-SIMM_v2.82512_PUBLIC.pdf,2026-10-02,8484d3de7dcb5280b6ad6458d051c50f8ccc3370bc279ae1c47a7bccb8064636,VERIFIED_PRIMARY,"two extractors agree (PyMuPDF, markitdown; sequence) + page image check"
2.8+2512,FX,ct_category_member,Category 1,EUR,1,membership,"ISDA SIMM Methodology v2.8+2512 (based on v2.8+2512.2, 13 May 2026)",2.8+2512,2026-07-11,J.5,80,text of paragraph 80 (no table),27,https://www.isda.org/a/hhkiE/ISDA-SIMM_v2.82512_PUBLIC.pdf,2026-10-02,8484d3de7dcb5280b6ad6458d051c50f8ccc3370bc279ae1c47a7bccb8064636,VERIFIED_PRIMARY,"two extractors agree (PyMuPDF, markitdown; sequence) + page image check"
2.8+2512,FX,ct_category_member,Category 1,JPY,1,membership,"ISDA SIMM Methodology v2.8+2512 (based on v2.8+2512.2, 13 May 2026)",2.8+2512,2026-07-11,J.5,80,text of paragraph 80 (no table),27,https://www.isda.org/a/hhkiE/ISDA-SIMM_v2.82512_PUBLIC.pdf,2026-10-02,8484d3de7dcb5280b6ad6458d051c50f8ccc3370bc279ae1c47a7bccb8064636,VERIFIED_PRIMARY,"two extractors agree (PyMuPDF, markitdown; sequence) + page image check"
2.8+2512,FX,ct_category_member,Category 1,GBP,1,membership,"ISDA SIMM Methodology v2.8+2512 (based on v2.8+2512.2, 13 May 2026)",2.8+2512,2026-07-11,J.5,80,text of paragraph 80 (no table),27,https://www.isda.org/a/hhkiE/ISDA-SIMM_v2.82512_PUBLIC.pdf,2026-10-02,8484d3de7dcb5280b6ad6458d051c50f8ccc3370bc279ae1c47a7bccb8064636,VERIFIED_PRIMARY,"two extractors agree (PyMuPDF, markitdown; sequence) + page image check"
2.8+2512,FX,ct_category_member,Category 1,AUD,1,membership,"ISDA SIMM Methodology v2.8+2512 (based on v2.8+2512.2, 13 May 2026)",2.8+2512,2026-07-11,J.5,80,text of paragraph 80 (no table),27,https://www.isda.org/a/hhkiE/ISDA-SIMM_v2.82512_PUBLIC.pdf,2026-10-02,8484d3de7dcb5280b6ad6458d051c50f8ccc3370bc279ae1c47a7bccb8064636,VERIFIED_PRIMARY,"two extractors agree (PyMuPDF, markitdown; sequence) + page image check"
2.8+2512,FX,ct_category_member,Category 1,CHF,1,membership,"ISDA SIMM Methodology v2.8+2512 (based on v2.8+2512.2, 13 May 2026)",2.8+2512,2026-07-11,J.5,80,text of paragraph 80 (no table),27,https://www.isda.org/a/hhkiE/ISDA-SIMM_v2.82512_PUBLIC.pdf,2026-10-02,8484d3de7dcb5280b6ad6458d051c50f8ccc3370bc279ae1c47a7bccb8064636,VERIFIED_PRIMARY,"two extractors agree (PyMuPDF, markitdown; sequence) + page image check"
2.8+2512,FX,ct_category_member,Category 1,CAD,1,membership,"ISDA SIMM Methodology v2.8+2512 (based on v2.8+2512.2, 13 May 2026)",2.8+2512,2026-07-11,J.5,80,text of paragraph 80 (no table),27,https://www.isda.org/a/hhkiE/ISDA-SIMM_v2.82512_PUBLIC.pdf,2026-10-02,8484d3de7dcb5280b6ad6458d051c50f8ccc3370bc279ae1c47a7bccb8064636,VERIFIED_PRIMARY,"two extractors agree (PyMuPDF, markitdown; sequence) + page image check"
2.8+2512,FX,ct_category_member,Category 2,BRL,1,membership,"ISDA SIMM Methodology v2.8+2512 (based on v2.8+2512.2, 13 May 2026)",2.8+2512,2026-07-11,J.5,80,text of paragraph 80 (no table),27,https://www.isda.org/a/hhkiE/ISDA-SIMM_v2.82512_PUBLIC.pdf,2026-10-02,8484d3de7dcb5280b6ad6458d051c50f8ccc3370bc279ae1c47a7bccb8064636,VERIFIED_PRIMARY,"two extractors agree (PyMuPDF, markitdown; sequence) + page image check"
2.8+2512,FX,ct_category_member,Category 2,CNY,1,membership,"ISDA SIMM Methodology v2.8+2512 (based on v2.8+2512.2, 13 May 2026)",2.8+2512,2026-07-11,J.5,80,text of paragraph 80 (no table),27,https://www.isda.org/a/hhkiE/ISDA-SIMM_v2.82512_PUBLIC.pdf,2026-10-02,8484d3de7dcb5280b6ad6458d051c50f8ccc3370bc279ae1c47a7bccb8064636,VERIFIED_PRIMARY,"two extractors agree (PyMuPDF, markitdown; sequence) + page image check"
2.8+2512,FX,ct_category_member,Category 2,HKD,1,membership,"ISDA SIMM Methodology v2.8+2512 (based on v2.8+2512.2, 13 May 2026)",2.8+2512,2026-07-11,J.5,80,text of paragraph 80 (no table),27,https://www.isda.org/a/hhkiE/ISDA-SIMM_v2.82512_PUBLIC.pdf,2026-10-02,8484d3de7dcb5280b6ad6458d051c50f8ccc3370bc279ae1c47a7bccb8064636,VERIFIED_PRIMARY,"two extractors agree (PyMuPDF, markitdown; sequence) + page image check"
2.8+2512,FX,ct_category_member,Category 2,INR,1,membership,"ISDA SIMM Methodology v2.8+2512 (based on v2.8+2512.2, 13 May 2026)",2.8+2512,2026-07-11,J.5,80,text of paragraph 80 (no table),27,https://www.isda.org/a/hhkiE/ISDA-SIMM_v2.82512_PUBLIC.pdf,2026-10-02,8484d3de7dcb5280b6ad6458d051c50f8ccc3370bc279ae1c47a7bccb8064636,VERIFIED_PRIMARY,"two extractors agree (PyMuPDF, markitdown; sequence) + page image check"
2.8+2512,FX,ct_category_member,Category 2,KRW,1,membership,"ISDA SIMM Methodology v2.8+2512 (based on v2.8+2512.2, 13 May 2026)",2.8+2512,2026-07-11,J.5,80,text of paragraph 80 (no table),27,https://www.isda.org/a/hhkiE/ISDA-SIMM_v2.82512_PUBLIC.pdf,2026-10-02,8484d3de7dcb5280b6ad6458d051c50f8ccc3370bc279ae1c47a7bccb8064636,VERIFIED_PRIMARY,"two extractors agree (PyMuPDF, markitdown; sequence) + page image check"
2.8+2512,FX,ct_category_member,Category 2,MXN,1,membership,"ISDA SIMM Methodology v2.8+2512 (based on v2.8+2512.2, 13 May 2026)",2.8+2512,2026-07-11,J.5,80,text of paragraph 80 (no table),27,https://www.isda.org/a/hhkiE/ISDA-SIMM_v2.82512_PUBLIC.pdf,2026-10-02,8484d3de7dcb5280b6ad6458d051c50f8ccc3370bc279ae1c47a7bccb8064636,VERIFIED_PRIMARY,"two extractors agree (PyMuPDF, markitdown; sequence) + page image check"
2.8+2512,FX,ct_category_member,Category 2,NOK,1,membership,"ISDA SIMM Methodology v2.8+2512 (based on v2.8+2512.2, 13 May 2026)",2.8+2512,2026-07-11,J.5,80,text of paragraph 80 (no table),27,https://www.isda.org/a/hhkiE/ISDA-SIMM_v2.82512_PUBLIC.pdf,2026-10-02,8484d3de7dcb5280b6ad6458d051c50f8ccc3370bc279ae1c47a7bccb8064636,VERIFIED_PRIMARY,"two extractors agree (PyMuPDF, markitdown; sequence) + page image check"
2.8+2512,FX,ct_category_member,Category 2,NZD,1,membership,"ISDA SIMM Methodology v2.8+2512 (based on v2.8+2512.2, 13 May 2026)",2.8+2512,2026-07-11,J.5,80,text of paragraph 80 (no table),27,https://www.isda.org/a/hhkiE/ISDA-SIMM_v2.82512_PUBLIC.pdf,2026-10-02,8484d3de7dcb5280b6ad6458d051c50f8ccc3370bc279ae1c47a7bccb8064636,VERIFIED_PRIMARY,"two extractors agree (PyMuPDF, markitdown; sequence) + page image check"
2.8+2512,FX,ct_category_member,Category 2,RUB,1,membership,"ISDA SIMM Methodology v2.8+2512 (based on v2.8+2512.2, 13 May 2026)",2.8+2512,2026-07-11,J.5,80,text of paragraph 80 (no table),27,https://www.isda.org/a/hhkiE/ISDA-SIMM_v2.82512_PUBLIC.pdf,2026-10-02,8484d3de7dcb5280b6ad6458d051c50f8ccc3370bc279ae1c47a7bccb8064636,VERIFIED_PRIMARY,"two extractors agree (PyMuPDF, markitdown; sequence) + page image check"
2.8+2512,FX,ct_category_member,Category 2,SEK,1,membership,"ISDA SIMM Methodology v2.8+2512 (based on v2.8+2512.2, 13 May 2026)",2.8+2512,2026-07-11,J.5,80,text of paragraph 80 (no table),27,https://www.isda.org/a/hhkiE/ISDA-SIMM_v2.82512_PUBLIC.pdf,2026-10-02,8484d3de7dcb5280b6ad6458d051c50f8ccc3370bc279ae1c47a7bccb8064636,VERIFIED_PRIMARY,"two extractors agree (PyMuPDF, markitdown; sequence) + page image check"
2.8+2512,FX,ct_category_member,Category 2,SGD,1,membership,"ISDA SIMM Methodology v2.8+2512 (based on v2.8+2512.2, 13 May 2026)",2.8+2512,2026-07-11,J.5,80,text of paragraph 80 (no table),27,https://www.isda.org/a/hhkiE/ISDA-SIMM_v2.82512_PUBLIC.pdf,2026-10-02,8484d3de7dcb5280b6ad6458d051c50f8ccc3370bc279ae1c47a7bccb8064636,VERIFIED_PRIMARY,"two extractors agree (PyMuPDF, markitdown; sequence) + page image check"
2.8+2512,FX,ct_category_member,Category 2,TRY,1,membership,"ISDA SIMM Methodology v2.8+2512 (based on v2.8+2512.2, 13 May 2026)",2.8+2512,2026-07-11,J.5,80,text of paragraph 80 (no table),27,https://www.isda.org/a/hhkiE/ISDA-SIMM_v2.82512_PUBLIC.pdf,2026-10-02,8484d3de7dcb5280b6ad6458d051c50f8ccc3370bc279ae1c47a7bccb8064636,VERIFIED_PRIMARY,"two extractors agree (PyMuPDF, markitdown; sequence) + page image check"
2.8+2512,FX,ct_category_member,Category 2,ZAR,1,membership,"ISDA SIMM Methodology v2.8+2512 (based on v2.8+2512.2, 13 May 2026)",2.8+2512,2026-07-11,J.5,80,text of paragraph 80 (no table),27,https://www.isda.org/a/hhkiE/ISDA-SIMM_v2.82512_PUBLIC.pdf,2026-10-02,8484d3de7dcb5280b6ad6458d051c50f8ccc3370bc279ae1c47a7bccb8064636,VERIFIED_PRIMARY,"two extractors agree (PyMuPDF, markitdown; sequence) + page image check"
2.8+2512,FX,ct_category_member,Category 3,ALL_OTHER,1,membership,"ISDA SIMM Methodology v2.8+2512 (based on v2.8+2512.2, 13 May 2026)",2.8+2512,2026-07-11,J.5,80,all other currencies,27,https://www.isda.org/a/hhkiE/ISDA-SIMM_v2.82512_PUBLIC.pdf,2026-10-02,8484d3de7dcb5280b6ad6458d051c50f8ccc3370bc279ae1c47a7bccb8064636,VERIFIED_PRIMARY,"two extractors agree (PyMuPDF, markitdown; sequence) + page image check"
2.8+2512,ALL,curvature_sf_example,2w,,0.5,fraction,"ISDA SIMM Methodology v2.8+2512 (based on v2.8+2512.2, 13 May 2026)",2.8+2512,2026-07-11,B,11(a),SF example table (document rounds to 0.1 percent),7,https://www.isda.org/a/hhkiE/ISDA-SIMM_v2.82512_PUBLIC.pdf,2026-10-02,8484d3de7dcb5280b6ad6458d051c50f8ccc3370bc279ae1c47a7bccb8064636,VERIFIED_PRIMARY,"two extractors agree (PyMuPDF, markitdown; sequence) + page image check"
2.8+2512,ALL,curvature_sf_example,1m,,0.23,fraction,"ISDA SIMM Methodology v2.8+2512 (based on v2.8+2512.2, 13 May 2026)",2.8+2512,2026-07-11,B,11(a),SF example table (document rounds to 0.1 percent),7,https://www.isda.org/a/hhkiE/ISDA-SIMM_v2.82512_PUBLIC.pdf,2026-10-02,8484d3de7dcb5280b6ad6458d051c50f8ccc3370bc279ae1c47a7bccb8064636,VERIFIED_PRIMARY,"two extractors agree (PyMuPDF, markitdown; sequence) + page image check"
2.8+2512,ALL,curvature_sf_example,3m,,0.077,fraction,"ISDA SIMM Methodology v2.8+2512 (based on v2.8+2512.2, 13 May 2026)",2.8+2512,2026-07-11,B,11(a),SF example table (document rounds to 0.1 percent),7,https://www.isda.org/a/hhkiE/ISDA-SIMM_v2.82512_PUBLIC.pdf,2026-10-02,8484d3de7dcb5280b6ad6458d051c50f8ccc3370bc279ae1c47a7bccb8064636,VERIFIED_PRIMARY,"two extractors agree (PyMuPDF, markitdown; sequence) + page image check"
2.8+2512,ALL,curvature_sf_example,6m,,0.038,fraction,"ISDA SIMM Methodology v2.8+2512 (based on v2.8+2512.2, 13 May 2026)",2.8+2512,2026-07-11,B,11(a),SF example table (document rounds to 0.1 percent),7,https://www.isda.org/a/hhkiE/ISDA-SIMM_v2.82512_PUBLIC.pdf,2026-10-02,8484d3de7dcb5280b6ad6458d051c50f8ccc3370bc279ae1c47a7bccb8064636,VERIFIED_PRIMARY,"two extractors agree (PyMuPDF, markitdown; sequence) + page image check"
2.8+2512,ALL,curvature_sf_example,12m,,0.019,fraction,"ISDA SIMM Methodology v2.8+2512 (based on v2.8+2512.2, 13 May 2026)",2.8+2512,2026-07-11,B,11(a),SF example table (document rounds to 0.1 percent),7,https://www.isda.org/a/hhkiE/ISDA-SIMM_v2.82512_PUBLIC.pdf,2026-10-02,8484d3de7dcb5280b6ad6458d051c50f8ccc3370bc279ae1c47a7bccb8064636,VERIFIED_PRIMARY,"two extractors agree (PyMuPDF, markitdown; sequence) + page image check"
2.8+2512,ALL,curvature_sf_example,2y,,0.01,fraction,"ISDA SIMM Methodology v2.8+2512 (based on v2.8+2512.2, 13 May 2026)",2.8+2512,2026-07-11,B,11(a),SF example table (document rounds to 0.1 percent),7,https://www.isda.org/a/hhkiE/ISDA-SIMM_v2.82512_PUBLIC.pdf,2026-10-02,8484d3de7dcb5280b6ad6458d051c50f8ccc3370bc279ae1c47a7bccb8064636,VERIFIED_PRIMARY,"two extractors agree (PyMuPDF, markitdown; sequence) + page image check"
2.8+2512,ALL,curvature_sf_example,3y,,0.006,fraction,"ISDA SIMM Methodology v2.8+2512 (based on v2.8+2512.2, 13 May 2026)",2.8+2512,2026-07-11,B,11(a),SF example table (document rounds to 0.1 percent),7,https://www.isda.org/a/hhkiE/ISDA-SIMM_v2.82512_PUBLIC.pdf,2026-10-02,8484d3de7dcb5280b6ad6458d051c50f8ccc3370bc279ae1c47a7bccb8064636,VERIFIED_PRIMARY,"two extractors agree (PyMuPDF, markitdown; sequence) + page image check"
2.8+2512,ALL,curvature_sf_example,5y,,0.004,fraction,"ISDA SIMM Methodology v2.8+2512 (based on v2.8+2512.2, 13 May 2026)",2.8+2512,2026-07-11,B,11(a),SF example table (document rounds to 0.1 percent),7,https://www.isda.org/a/hhkiE/ISDA-SIMM_v2.82512_PUBLIC.pdf,2026-10-02,8484d3de7dcb5280b6ad6458d051c50f8ccc3370bc279ae1c47a7bccb8064636,VERIFIED_PRIMARY,"two extractors agree (PyMuPDF, markitdown; sequence) + page image check"
2.8+2512,ALL,curvature_sf_example,10y,,0.002,fraction,"ISDA SIMM Methodology v2.8+2512 (based on v2.8+2512.2, 13 May 2026)",2.8+2512,2026-07-11,B,11(a),SF example table (document rounds to 0.1 percent),7,https://www.isda.org/a/hhkiE/ISDA-SIMM_v2.82512_PUBLIC.pdf,2026-10-02,8484d3de7dcb5280b6ad6458d051c50f8ccc3370bc279ae1c47a7bccb8064636,VERIFIED_PRIMARY,"two extractors agree (PyMuPDF, markitdown; sequence) + page image check"
2.8+2512,ALL,curvature_sf_scale,,,0.5,fraction,"ISDA SIMM Methodology v2.8+2512 (based on v2.8+2512.2, 13 May 2026)",2.8+2512,2026-07-11,B,11(a),"SF(t) = 0.5 min(1, 14 days / t days)",7,https://www.isda.org/a/hhkiE/ISDA-SIMM_v2.82512_PUBLIC.pdf,2026-10-02,8484d3de7dcb5280b6ad6458d051c50f8ccc3370bc279ae1c47a7bccb8064636,VERIFIED_PRIMARY,"two extractors agree (PyMuPDF, markitdown; sequence) + page image check"
2.8+2512,ALL,curvature_sf_ref_days,,,14,days,"ISDA SIMM Methodology v2.8+2512 (based on v2.8+2512.2, 13 May 2026)",2.8+2512,2026-07-11,B,11(a),"SF(t) = 0.5 min(1, 14 days / t days)",7,https://www.isda.org/a/hhkiE/ISDA-SIMM_v2.82512_PUBLIC.pdf,2026-10-02,8484d3de7dcb5280b6ad6458d051c50f8ccc3370bc279ae1c47a7bccb8064636,VERIFIED_PRIMARY,"two extractors agree (PyMuPDF, markitdown; sequence) + page image check"
2.8+2512,ALL,tenor_days_per_year,,,365,days,"ISDA SIMM Methodology v2.8+2512 (based on v2.8+2512.2, 13 May 2026)",2.8+2512,2026-07-11,B,11(a),"12m = 365 calendar days, pro-rata for other tenors",7,https://www.isda.org/a/hhkiE/ISDA-SIMM_v2.82512_PUBLIC.pdf,2026-10-02,8484d3de7dcb5280b6ad6458d051c50f8ccc3370bc279ae1c47a7bccb8064636,VERIFIED_PRIMARY,"two extractors agree (PyMuPDF, markitdown; sequence) + page image check"
2.8+2512,ALL,curvature_lambda_quantile,,,0.995,fraction,"ISDA SIMM Methodology v2.8+2512 (based on v2.8+2512.2, 13 May 2026)",2.8+2512,2026-07-11,B,11(d),"lambda = (Phi^-1(99.5%)^2 - 1)(1+theta) - theta; theta = min(sum CVR / sum |CVR|, 0)",7,https://www.isda.org/a/hhkiE/ISDA-SIMM_v2.82512_PUBLIC.pdf,2026-10-02,8484d3de7dcb5280b6ad6458d051c50f8ccc3370bc279ae1c47a7bccb8064636,VERIFIED_PRIMARY,"two extractors agree (PyMuPDF, markitdown; sequence) + page image check"
2.8+2512,IR,curvature_hvr_exponent,,,-2,exponent,"ISDA SIMM Methodology v2.8+2512 (based on v2.8+2512.2, 13 May 2026)",2.8+2512,2026-07-11,B,11(d),IR curvature margin multiplied by HVR_IR^-2,8,https://www.isda.org/a/hhkiE/ISDA-SIMM_v2.82512_PUBLIC.pdf,2026-10-02,8484d3de7dcb5280b6ad6458d051c50f8ccc3370bc279ae1c47a7bccb8064636,VERIFIED_PRIMARY,"two extractors agree (PyMuPDF, markitdown; sequence) + page image check"
2.8+2512,ALL,vega_sigma_days_numerator,,,365,days,"ISDA SIMM Methodology v2.8+2512 (based on v2.8+2512.2, 13 May 2026)",2.8+2512,2026-07-11,B,10(b),"sigma_kj = RW_k sqrt(365/14)/alpha, alpha = Phi^-1(99%), Equity/FX/Commodity",5,https://www.isda.org/a/hhkiE/ISDA-SIMM_v2.82512_PUBLIC.pdf,2026-10-02,8484d3de7dcb5280b6ad6458d051c50f8ccc3370bc279ae1c47a7bccb8064636,VERIFIED_PRIMARY,"two extractors agree (PyMuPDF, markitdown; sequence) + page image check"
2.8+2512,ALL,vega_sigma_days_denominator,,,14,days,"ISDA SIMM Methodology v2.8+2512 (based on v2.8+2512.2, 13 May 2026)",2.8+2512,2026-07-11,B,10(b),same formula,5,https://www.isda.org/a/hhkiE/ISDA-SIMM_v2.82512_PUBLIC.pdf,2026-10-02,8484d3de7dcb5280b6ad6458d051c50f8ccc3370bc279ae1c47a7bccb8064636,VERIFIED_PRIMARY,"two extractors agree (PyMuPDF, markitdown; sequence) + page image check"
2.8+2512,ALL,vega_sigma_quantile,,,0.99,fraction,"ISDA SIMM Methodology v2.8+2512 (based on v2.8+2512.2, 13 May 2026)",2.8+2512,2026-07-11,B,10(b),alpha = Phi^-1(99%),5,https://www.isda.org/a/hhkiE/ISDA-SIMM_v2.82512_PUBLIC.pdf,2026-10-02,8484d3de7dcb5280b6ad6458d051c50f8ccc3370bc279ae1c47a7bccb8064636,VERIFIED_PRIMARY,"two extractors agree (PyMuPDF, markitdown; sequence) + page image check"
2.8+2512,ALL,concentration_exponent,,,0.5,exponent,"ISDA SIMM Methodology v2.8+2512 (based on v2.8+2512.2, 13 May 2026)",2.8+2512,2026-07-11,B,"7(b), 8(b)","CR = max(1, (|s|/T)^(1/2)) (IR para 7(b) on this page; FX para 8(b) on next page); VCR likewise for vega, para 10(d)",3,https://www.isda.org/a/hhkiE/ISDA-SIMM_v2.82512_PUBLIC.pdf,2026-10-02,8484d3de7dcb5280b6ad6458d051c50f8ccc3370bc279ae1c47a7bccb8064636,VERIFIED_PRIMARY,"two extractors agree (PyMuPDF, markitdown; sequence) + page image check"
2.8+2512,ALL,psi,IR,IR,1,fraction,"ISDA SIMM Methodology v2.8+2512 (based on v2.8+2512.2, 13 May 2026)",2.8+2512,2026-07-11,K,88,correlation between risk classes within a product class,29,https://www.isda.org/a/hhkiE/ISDA-SIMM_v2.82512_PUBLIC.pdf,2026-10-02,8484d3de7dcb5280b6ad6458d051c50f8ccc3370bc279ae1c47a7bccb8064636,VERIFIED_PRIMARY,"two extractors agree (PyMuPDF, markitdown; sequence) + page image check; diagonal blank in source, 1 by definition"
2.8+2512,ALL,psi,IR,CreditQ,0.09,fraction,"ISDA SIMM Methodology v2.8+2512 (based on v2.8+2512.2, 13 May 2026)",2.8+2512,2026-07-11,K,88,correlation between risk classes within a product class,29,https://www.isda.org/a/hhkiE/ISDA-SIMM_v2.82512_PUBLIC.pdf,2026-10-02,8484d3de7dcb5280b6ad6458d051c50f8ccc3370bc279ae1c47a7bccb8064636,VERIFIED_PRIMARY,"two extractors agree (PyMuPDF, markitdown; sequence) + page image check"
2.8+2512,ALL,psi,IR,CreditNonQ,0.07,fraction,"ISDA SIMM Methodology v2.8+2512 (based on v2.8+2512.2, 13 May 2026)",2.8+2512,2026-07-11,K,88,correlation between risk classes within a product class,29,https://www.isda.org/a/hhkiE/ISDA-SIMM_v2.82512_PUBLIC.pdf,2026-10-02,8484d3de7dcb5280b6ad6458d051c50f8ccc3370bc279ae1c47a7bccb8064636,VERIFIED_PRIMARY,"two extractors agree (PyMuPDF, markitdown; sequence) + page image check"
2.8+2512,ALL,psi,IR,Equity,0.11,fraction,"ISDA SIMM Methodology v2.8+2512 (based on v2.8+2512.2, 13 May 2026)",2.8+2512,2026-07-11,K,88,correlation between risk classes within a product class,29,https://www.isda.org/a/hhkiE/ISDA-SIMM_v2.82512_PUBLIC.pdf,2026-10-02,8484d3de7dcb5280b6ad6458d051c50f8ccc3370bc279ae1c47a7bccb8064636,VERIFIED_PRIMARY,"two extractors agree (PyMuPDF, markitdown; sequence) + page image check"
2.8+2512,ALL,psi,IR,Commodity,0.34,fraction,"ISDA SIMM Methodology v2.8+2512 (based on v2.8+2512.2, 13 May 2026)",2.8+2512,2026-07-11,K,88,correlation between risk classes within a product class,29,https://www.isda.org/a/hhkiE/ISDA-SIMM_v2.82512_PUBLIC.pdf,2026-10-02,8484d3de7dcb5280b6ad6458d051c50f8ccc3370bc279ae1c47a7bccb8064636,VERIFIED_PRIMARY,"two extractors agree (PyMuPDF, markitdown; sequence) + page image check"
2.8+2512,ALL,psi,IR,FX,0.15,fraction,"ISDA SIMM Methodology v2.8+2512 (based on v2.8+2512.2, 13 May 2026)",2.8+2512,2026-07-11,K,88,correlation between risk classes within a product class,29,https://www.isda.org/a/hhkiE/ISDA-SIMM_v2.82512_PUBLIC.pdf,2026-10-02,8484d3de7dcb5280b6ad6458d051c50f8ccc3370bc279ae1c47a7bccb8064636,VERIFIED_PRIMARY,"two extractors agree (PyMuPDF, markitdown; sequence) + page image check"
2.8+2512,ALL,psi,CreditQ,IR,0.09,fraction,"ISDA SIMM Methodology v2.8+2512 (based on v2.8+2512.2, 13 May 2026)",2.8+2512,2026-07-11,K,88,correlation between risk classes within a product class,29,https://www.isda.org/a/hhkiE/ISDA-SIMM_v2.82512_PUBLIC.pdf,2026-10-02,8484d3de7dcb5280b6ad6458d051c50f8ccc3370bc279ae1c47a7bccb8064636,VERIFIED_PRIMARY,"two extractors agree (PyMuPDF, markitdown; sequence) + page image check"
2.8+2512,ALL,psi,CreditQ,CreditQ,1,fraction,"ISDA SIMM Methodology v2.8+2512 (based on v2.8+2512.2, 13 May 2026)",2.8+2512,2026-07-11,K,88,correlation between risk classes within a product class,29,https://www.isda.org/a/hhkiE/ISDA-SIMM_v2.82512_PUBLIC.pdf,2026-10-02,8484d3de7dcb5280b6ad6458d051c50f8ccc3370bc279ae1c47a7bccb8064636,VERIFIED_PRIMARY,"two extractors agree (PyMuPDF, markitdown; sequence) + page image check; diagonal blank in source, 1 by definition"
2.8+2512,ALL,psi,CreditQ,CreditNonQ,0.62,fraction,"ISDA SIMM Methodology v2.8+2512 (based on v2.8+2512.2, 13 May 2026)",2.8+2512,2026-07-11,K,88,correlation between risk classes within a product class,29,https://www.isda.org/a/hhkiE/ISDA-SIMM_v2.82512_PUBLIC.pdf,2026-10-02,8484d3de7dcb5280b6ad6458d051c50f8ccc3370bc279ae1c47a7bccb8064636,VERIFIED_PRIMARY,"two extractors agree (PyMuPDF, markitdown; sequence) + page image check"
2.8+2512,ALL,psi,CreditQ,Equity,0.61,fraction,"ISDA SIMM Methodology v2.8+2512 (based on v2.8+2512.2, 13 May 2026)",2.8+2512,2026-07-11,K,88,correlation between risk classes within a product class,29,https://www.isda.org/a/hhkiE/ISDA-SIMM_v2.82512_PUBLIC.pdf,2026-10-02,8484d3de7dcb5280b6ad6458d051c50f8ccc3370bc279ae1c47a7bccb8064636,VERIFIED_PRIMARY,"two extractors agree (PyMuPDF, markitdown; sequence) + page image check"
2.8+2512,ALL,psi,CreditQ,Commodity,0.35,fraction,"ISDA SIMM Methodology v2.8+2512 (based on v2.8+2512.2, 13 May 2026)",2.8+2512,2026-07-11,K,88,correlation between risk classes within a product class,29,https://www.isda.org/a/hhkiE/ISDA-SIMM_v2.82512_PUBLIC.pdf,2026-10-02,8484d3de7dcb5280b6ad6458d051c50f8ccc3370bc279ae1c47a7bccb8064636,VERIFIED_PRIMARY,"two extractors agree (PyMuPDF, markitdown; sequence) + page image check"
2.8+2512,ALL,psi,CreditQ,FX,0.25,fraction,"ISDA SIMM Methodology v2.8+2512 (based on v2.8+2512.2, 13 May 2026)",2.8+2512,2026-07-11,K,88,correlation between risk classes within a product class,29,https://www.isda.org/a/hhkiE/ISDA-SIMM_v2.82512_PUBLIC.pdf,2026-10-02,8484d3de7dcb5280b6ad6458d051c50f8ccc3370bc279ae1c47a7bccb8064636,VERIFIED_PRIMARY,"two extractors agree (PyMuPDF, markitdown; sequence) + page image check"
2.8+2512,ALL,psi,CreditNonQ,IR,0.07,fraction,"ISDA SIMM Methodology v2.8+2512 (based on v2.8+2512.2, 13 May 2026)",2.8+2512,2026-07-11,K,88,correlation between risk classes within a product class,29,https://www.isda.org/a/hhkiE/ISDA-SIMM_v2.82512_PUBLIC.pdf,2026-10-02,8484d3de7dcb5280b6ad6458d051c50f8ccc3370bc279ae1c47a7bccb8064636,VERIFIED_PRIMARY,"two extractors agree (PyMuPDF, markitdown; sequence) + page image check"
2.8+2512,ALL,psi,CreditNonQ,CreditQ,0.62,fraction,"ISDA SIMM Methodology v2.8+2512 (based on v2.8+2512.2, 13 May 2026)",2.8+2512,2026-07-11,K,88,correlation between risk classes within a product class,29,https://www.isda.org/a/hhkiE/ISDA-SIMM_v2.82512_PUBLIC.pdf,2026-10-02,8484d3de7dcb5280b6ad6458d051c50f8ccc3370bc279ae1c47a7bccb8064636,VERIFIED_PRIMARY,"two extractors agree (PyMuPDF, markitdown; sequence) + page image check"
2.8+2512,ALL,psi,CreditNonQ,CreditNonQ,1,fraction,"ISDA SIMM Methodology v2.8+2512 (based on v2.8+2512.2, 13 May 2026)",2.8+2512,2026-07-11,K,88,correlation between risk classes within a product class,29,https://www.isda.org/a/hhkiE/ISDA-SIMM_v2.82512_PUBLIC.pdf,2026-10-02,8484d3de7dcb5280b6ad6458d051c50f8ccc3370bc279ae1c47a7bccb8064636,VERIFIED_PRIMARY,"two extractors agree (PyMuPDF, markitdown; sequence) + page image check; diagonal blank in source, 1 by definition"
2.8+2512,ALL,psi,CreditNonQ,Equity,0.47,fraction,"ISDA SIMM Methodology v2.8+2512 (based on v2.8+2512.2, 13 May 2026)",2.8+2512,2026-07-11,K,88,correlation between risk classes within a product class,29,https://www.isda.org/a/hhkiE/ISDA-SIMM_v2.82512_PUBLIC.pdf,2026-10-02,8484d3de7dcb5280b6ad6458d051c50f8ccc3370bc279ae1c47a7bccb8064636,VERIFIED_PRIMARY,"two extractors agree (PyMuPDF, markitdown; sequence) + page image check"
2.8+2512,ALL,psi,CreditNonQ,Commodity,0.28,fraction,"ISDA SIMM Methodology v2.8+2512 (based on v2.8+2512.2, 13 May 2026)",2.8+2512,2026-07-11,K,88,correlation between risk classes within a product class,29,https://www.isda.org/a/hhkiE/ISDA-SIMM_v2.82512_PUBLIC.pdf,2026-10-02,8484d3de7dcb5280b6ad6458d051c50f8ccc3370bc279ae1c47a7bccb8064636,VERIFIED_PRIMARY,"two extractors agree (PyMuPDF, markitdown; sequence) + page image check"
2.8+2512,ALL,psi,CreditNonQ,FX,0.14,fraction,"ISDA SIMM Methodology v2.8+2512 (based on v2.8+2512.2, 13 May 2026)",2.8+2512,2026-07-11,K,88,correlation between risk classes within a product class,29,https://www.isda.org/a/hhkiE/ISDA-SIMM_v2.82512_PUBLIC.pdf,2026-10-02,8484d3de7dcb5280b6ad6458d051c50f8ccc3370bc279ae1c47a7bccb8064636,VERIFIED_PRIMARY,"two extractors agree (PyMuPDF, markitdown; sequence) + page image check"
2.8+2512,ALL,psi,Equity,IR,0.11,fraction,"ISDA SIMM Methodology v2.8+2512 (based on v2.8+2512.2, 13 May 2026)",2.8+2512,2026-07-11,K,88,correlation between risk classes within a product class,29,https://www.isda.org/a/hhkiE/ISDA-SIMM_v2.82512_PUBLIC.pdf,2026-10-02,8484d3de7dcb5280b6ad6458d051c50f8ccc3370bc279ae1c47a7bccb8064636,VERIFIED_PRIMARY,"two extractors agree (PyMuPDF, markitdown; sequence) + page image check"
2.8+2512,ALL,psi,Equity,CreditQ,0.61,fraction,"ISDA SIMM Methodology v2.8+2512 (based on v2.8+2512.2, 13 May 2026)",2.8+2512,2026-07-11,K,88,correlation between risk classes within a product class,29,https://www.isda.org/a/hhkiE/ISDA-SIMM_v2.82512_PUBLIC.pdf,2026-10-02,8484d3de7dcb5280b6ad6458d051c50f8ccc3370bc279ae1c47a7bccb8064636,VERIFIED_PRIMARY,"two extractors agree (PyMuPDF, markitdown; sequence) + page image check"
2.8+2512,ALL,psi,Equity,CreditNonQ,0.47,fraction,"ISDA SIMM Methodology v2.8+2512 (based on v2.8+2512.2, 13 May 2026)",2.8+2512,2026-07-11,K,88,correlation between risk classes within a product class,29,https://www.isda.org/a/hhkiE/ISDA-SIMM_v2.82512_PUBLIC.pdf,2026-10-02,8484d3de7dcb5280b6ad6458d051c50f8ccc3370bc279ae1c47a7bccb8064636,VERIFIED_PRIMARY,"two extractors agree (PyMuPDF, markitdown; sequence) + page image check"
2.8+2512,ALL,psi,Equity,Equity,1,fraction,"ISDA SIMM Methodology v2.8+2512 (based on v2.8+2512.2, 13 May 2026)",2.8+2512,2026-07-11,K,88,correlation between risk classes within a product class,29,https://www.isda.org/a/hhkiE/ISDA-SIMM_v2.82512_PUBLIC.pdf,2026-10-02,8484d3de7dcb5280b6ad6458d051c50f8ccc3370bc279ae1c47a7bccb8064636,VERIFIED_PRIMARY,"two extractors agree (PyMuPDF, markitdown; sequence) + page image check; diagonal blank in source, 1 by definition"
2.8+2512,ALL,psi,Equity,Commodity,0.41,fraction,"ISDA SIMM Methodology v2.8+2512 (based on v2.8+2512.2, 13 May 2026)",2.8+2512,2026-07-11,K,88,correlation between risk classes within a product class,29,https://www.isda.org/a/hhkiE/ISDA-SIMM_v2.82512_PUBLIC.pdf,2026-10-02,8484d3de7dcb5280b6ad6458d051c50f8ccc3370bc279ae1c47a7bccb8064636,VERIFIED_PRIMARY,"two extractors agree (PyMuPDF, markitdown; sequence) + page image check"
2.8+2512,ALL,psi,Equity,FX,0.25,fraction,"ISDA SIMM Methodology v2.8+2512 (based on v2.8+2512.2, 13 May 2026)",2.8+2512,2026-07-11,K,88,correlation between risk classes within a product class,29,https://www.isda.org/a/hhkiE/ISDA-SIMM_v2.82512_PUBLIC.pdf,2026-10-02,8484d3de7dcb5280b6ad6458d051c50f8ccc3370bc279ae1c47a7bccb8064636,VERIFIED_PRIMARY,"two extractors agree (PyMuPDF, markitdown; sequence) + page image check"
2.8+2512,ALL,psi,Commodity,IR,0.34,fraction,"ISDA SIMM Methodology v2.8+2512 (based on v2.8+2512.2, 13 May 2026)",2.8+2512,2026-07-11,K,88,correlation between risk classes within a product class,29,https://www.isda.org/a/hhkiE/ISDA-SIMM_v2.82512_PUBLIC.pdf,2026-10-02,8484d3de7dcb5280b6ad6458d051c50f8ccc3370bc279ae1c47a7bccb8064636,VERIFIED_PRIMARY,"two extractors agree (PyMuPDF, markitdown; sequence) + page image check"
2.8+2512,ALL,psi,Commodity,CreditQ,0.35,fraction,"ISDA SIMM Methodology v2.8+2512 (based on v2.8+2512.2, 13 May 2026)",2.8+2512,2026-07-11,K,88,correlation between risk classes within a product class,29,https://www.isda.org/a/hhkiE/ISDA-SIMM_v2.82512_PUBLIC.pdf,2026-10-02,8484d3de7dcb5280b6ad6458d051c50f8ccc3370bc279ae1c47a7bccb8064636,VERIFIED_PRIMARY,"two extractors agree (PyMuPDF, markitdown; sequence) + page image check"
2.8+2512,ALL,psi,Commodity,CreditNonQ,0.28,fraction,"ISDA SIMM Methodology v2.8+2512 (based on v2.8+2512.2, 13 May 2026)",2.8+2512,2026-07-11,K,88,correlation between risk classes within a product class,29,https://www.isda.org/a/hhkiE/ISDA-SIMM_v2.82512_PUBLIC.pdf,2026-10-02,8484d3de7dcb5280b6ad6458d051c50f8ccc3370bc279ae1c47a7bccb8064636,VERIFIED_PRIMARY,"two extractors agree (PyMuPDF, markitdown; sequence) + page image check"
2.8+2512,ALL,psi,Commodity,Equity,0.41,fraction,"ISDA SIMM Methodology v2.8+2512 (based on v2.8+2512.2, 13 May 2026)",2.8+2512,2026-07-11,K,88,correlation between risk classes within a product class,29,https://www.isda.org/a/hhkiE/ISDA-SIMM_v2.82512_PUBLIC.pdf,2026-10-02,8484d3de7dcb5280b6ad6458d051c50f8ccc3370bc279ae1c47a7bccb8064636,VERIFIED_PRIMARY,"two extractors agree (PyMuPDF, markitdown; sequence) + page image check"
2.8+2512,ALL,psi,Commodity,Commodity,1,fraction,"ISDA SIMM Methodology v2.8+2512 (based on v2.8+2512.2, 13 May 2026)",2.8+2512,2026-07-11,K,88,correlation between risk classes within a product class,29,https://www.isda.org/a/hhkiE/ISDA-SIMM_v2.82512_PUBLIC.pdf,2026-10-02,8484d3de7dcb5280b6ad6458d051c50f8ccc3370bc279ae1c47a7bccb8064636,VERIFIED_PRIMARY,"two extractors agree (PyMuPDF, markitdown; sequence) + page image check; diagonal blank in source, 1 by definition"
2.8+2512,ALL,psi,Commodity,FX,0.28,fraction,"ISDA SIMM Methodology v2.8+2512 (based on v2.8+2512.2, 13 May 2026)",2.8+2512,2026-07-11,K,88,correlation between risk classes within a product class,29,https://www.isda.org/a/hhkiE/ISDA-SIMM_v2.82512_PUBLIC.pdf,2026-10-02,8484d3de7dcb5280b6ad6458d051c50f8ccc3370bc279ae1c47a7bccb8064636,VERIFIED_PRIMARY,"two extractors agree (PyMuPDF, markitdown; sequence) + page image check"
2.8+2512,ALL,psi,FX,IR,0.15,fraction,"ISDA SIMM Methodology v2.8+2512 (based on v2.8+2512.2, 13 May 2026)",2.8+2512,2026-07-11,K,88,correlation between risk classes within a product class,29,https://www.isda.org/a/hhkiE/ISDA-SIMM_v2.82512_PUBLIC.pdf,2026-10-02,8484d3de7dcb5280b6ad6458d051c50f8ccc3370bc279ae1c47a7bccb8064636,VERIFIED_PRIMARY,"two extractors agree (PyMuPDF, markitdown; sequence) + page image check"
2.8+2512,ALL,psi,FX,CreditQ,0.25,fraction,"ISDA SIMM Methodology v2.8+2512 (based on v2.8+2512.2, 13 May 2026)",2.8+2512,2026-07-11,K,88,correlation between risk classes within a product class,29,https://www.isda.org/a/hhkiE/ISDA-SIMM_v2.82512_PUBLIC.pdf,2026-10-02,8484d3de7dcb5280b6ad6458d051c50f8ccc3370bc279ae1c47a7bccb8064636,VERIFIED_PRIMARY,"two extractors agree (PyMuPDF, markitdown; sequence) + page image check"
2.8+2512,ALL,psi,FX,CreditNonQ,0.14,fraction,"ISDA SIMM Methodology v2.8+2512 (based on v2.8+2512.2, 13 May 2026)",2.8+2512,2026-07-11,K,88,correlation between risk classes within a product class,29,https://www.isda.org/a/hhkiE/ISDA-SIMM_v2.82512_PUBLIC.pdf,2026-10-02,8484d3de7dcb5280b6ad6458d051c50f8ccc3370bc279ae1c47a7bccb8064636,VERIFIED_PRIMARY,"two extractors agree (PyMuPDF, markitdown; sequence) + page image check"
2.8+2512,ALL,psi,FX,Equity,0.25,fraction,"ISDA SIMM Methodology v2.8+2512 (based on v2.8+2512.2, 13 May 2026)",2.8+2512,2026-07-11,K,88,correlation between risk classes within a product class,29,https://www.isda.org/a/hhkiE/ISDA-SIMM_v2.82512_PUBLIC.pdf,2026-10-02,8484d3de7dcb5280b6ad6458d051c50f8ccc3370bc279ae1c47a7bccb8064636,VERIFIED_PRIMARY,"two extractors agree (PyMuPDF, markitdown; sequence) + page image check"
2.8+2512,ALL,psi,FX,Commodity,0.28,fraction,"ISDA SIMM Methodology v2.8+2512 (based on v2.8+2512.2, 13 May 2026)",2.8+2512,2026-07-11,K,88,correlation between risk classes within a product class,29,https://www.isda.org/a/hhkiE/ISDA-SIMM_v2.82512_PUBLIC.pdf,2026-10-02,8484d3de7dcb5280b6ad6458d051c50f8ccc3370bc279ae1c47a7bccb8064636,VERIFIED_PRIMARY,"two extractors agree (PyMuPDF, markitdown; sequence) + page image check"
2.8+2512,ALL,psi,FX,FX,1,fraction,"ISDA SIMM Methodology v2.8+2512 (based on v2.8+2512.2, 13 May 2026)",2.8+2512,2026-07-11,K,88,correlation between risk classes within a product class,29,https://www.isda.org/a/hhkiE/ISDA-SIMM_v2.82512_PUBLIC.pdf,2026-10-02,8484d3de7dcb5280b6ad6458d051c50f8ccc3370bc279ae1c47a7bccb8064636,VERIFIED_PRIMARY,"two extractors agree (PyMuPDF, markitdown; sequence) + page image check; diagonal blank in source, 1 by definition"
2.8+2512,ALL,multiplicative_scale_default,RatesFX,,1.0,scalar,"ISDA SIMM Methodology v2.8+2512 (based on v2.8+2512.2, 13 May 2026)",2.8+2512,2026-07-11,L,Annex L,default and minimum value of the multiplicative scales,30,https://www.isda.org/a/hhkiE/ISDA-SIMM_v2.82512_PUBLIC.pdf,2026-10-02,8484d3de7dcb5280b6ad6458d051c50f8ccc3370bc279ae1c47a7bccb8064636,VERIFIED_PRIMARY,"two extractors agree (PyMuPDF, markitdown; sequence) + page image check"
2.8+2512,ALL,sens_bump_ir_bp,,,1,bp,"ISDA SIMM Methodology v2.8+2512 (based on v2.8+2512.2, 13 May 2026)",2.8+2512,2026-07-11,C.2,20,PV01: V(x+1bp)-V(x); central +/-0.5bp allowed (para 21),10,https://www.isda.org/a/hhkiE/ISDA-SIMM_v2.82512_PUBLIC.pdf,2026-10-02,8484d3de7dcb5280b6ad6458d051c50f8ccc3370bc279ae1c47a7bccb8064636,VERIFIED_PRIMARY,"two extractors agree (PyMuPDF, markitdown; sequence) + page image check"
2.8+2512,ALL,sens_bump_fx_pct,,,1,percent,"ISDA SIMM Methodology v2.8+2512 (based on v2.8+2512.2, 13 May 2026)",2.8+2512,2026-07-11,C.2,20,"V(x+1% x)-V(x) for FX, Equity, Commodity",10,https://www.isda.org/a/hhkiE/ISDA-SIMM_v2.82512_PUBLIC.pdf,2026-10-02,8484d3de7dcb5280b6ad6458d051c50f8ccc3370bc279ae1c47a7bccb8064636,VERIFIED_PRIMARY,"two extractors agree (PyMuPDF, markitdown; sequence) + page image check"
2.8+2512,ALL,sens_bump_vol,,,1,vol unit,"ISDA SIMM Methodology v2.8+2512 (based on v2.8+2512.2, 13 May 2026)",2.8+2512,2026-07-11,C.3,30,V(sigma+1)-V(sigma); FX/Equity/Commodity vol in percent points,13,https://www.isda.org/a/hhkiE/ISDA-SIMM_v2.82512_PUBLIC.pdf,2026-10-02,8484d3de7dcb5280b6ad6458d051c50f8ccc3370bc279ae1c47a7bccb8064636,VERIFIED_PRIMARY,"two extractors agree (PyMuPDF, markitdown; sequence) + page image check"
2.8+2506,IR,delta_rw,regular,2w,107,multiplier of per-1bp sensitivity,"ISDA SIMM Methodology v2.8+2506 (based on v2.8+2506.1, 14 October 2025)",2.8+2506,2025-12-06,D.1,33,Table 1 risk weights per vertex,14,https://www.isda.org/a/f2RgE/ISDA-SIMM_v2.82506_PUBLIC.pdf,2026-10-02,6d39aa13282428baffc684274d8b4d921933d9913ae640a6ed2e0280b18e47cf,VERIFIED_PRIMARY,"two extractors agree (PyMuPDF, markitdown; sequence) + page image check"
2.8+2506,IR,delta_rw,regular,1m,101,multiplier of per-1bp sensitivity,"ISDA SIMM Methodology v2.8+2506 (based on v2.8+2506.1, 14 October 2025)",2.8+2506,2025-12-06,D.1,33,Table 1 risk weights per vertex,14,https://www.isda.org/a/f2RgE/ISDA-SIMM_v2.82506_PUBLIC.pdf,2026-10-02,6d39aa13282428baffc684274d8b4d921933d9913ae640a6ed2e0280b18e47cf,VERIFIED_PRIMARY,"two extractors agree (PyMuPDF, markitdown; sequence) + page image check"
2.8+2506,IR,delta_rw,regular,3m,90,multiplier of per-1bp sensitivity,"ISDA SIMM Methodology v2.8+2506 (based on v2.8+2506.1, 14 October 2025)",2.8+2506,2025-12-06,D.1,33,Table 1 risk weights per vertex,14,https://www.isda.org/a/f2RgE/ISDA-SIMM_v2.82506_PUBLIC.pdf,2026-10-02,6d39aa13282428baffc684274d8b4d921933d9913ae640a6ed2e0280b18e47cf,VERIFIED_PRIMARY,"two extractors agree (PyMuPDF, markitdown; sequence) + page image check"
2.8+2506,IR,delta_rw,regular,6m,69,multiplier of per-1bp sensitivity,"ISDA SIMM Methodology v2.8+2506 (based on v2.8+2506.1, 14 October 2025)",2.8+2506,2025-12-06,D.1,33,Table 1 risk weights per vertex,14,https://www.isda.org/a/f2RgE/ISDA-SIMM_v2.82506_PUBLIC.pdf,2026-10-02,6d39aa13282428baffc684274d8b4d921933d9913ae640a6ed2e0280b18e47cf,VERIFIED_PRIMARY,"two extractors agree (PyMuPDF, markitdown; sequence) + page image check"
2.8+2506,IR,delta_rw,regular,1y,68,multiplier of per-1bp sensitivity,"ISDA SIMM Methodology v2.8+2506 (based on v2.8+2506.1, 14 October 2025)",2.8+2506,2025-12-06,D.1,33,Table 1 risk weights per vertex,14,https://www.isda.org/a/f2RgE/ISDA-SIMM_v2.82506_PUBLIC.pdf,2026-10-02,6d39aa13282428baffc684274d8b4d921933d9913ae640a6ed2e0280b18e47cf,VERIFIED_PRIMARY,"two extractors agree (PyMuPDF, markitdown; sequence) + page image check"
2.8+2506,IR,delta_rw,regular,2y,69,multiplier of per-1bp sensitivity,"ISDA SIMM Methodology v2.8+2506 (based on v2.8+2506.1, 14 October 2025)",2.8+2506,2025-12-06,D.1,33,Table 1 risk weights per vertex,14,https://www.isda.org/a/f2RgE/ISDA-SIMM_v2.82506_PUBLIC.pdf,2026-10-02,6d39aa13282428baffc684274d8b4d921933d9913ae640a6ed2e0280b18e47cf,VERIFIED_PRIMARY,"two extractors agree (PyMuPDF, markitdown; sequence) + page image check"
2.8+2506,IR,delta_rw,regular,3y,66,multiplier of per-1bp sensitivity,"ISDA SIMM Methodology v2.8+2506 (based on v2.8+2506.1, 14 October 2025)",2.8+2506,2025-12-06,D.1,33,Table 1 risk weights per vertex,14,https://www.isda.org/a/f2RgE/ISDA-SIMM_v2.82506_PUBLIC.pdf,2026-10-02,6d39aa13282428baffc684274d8b4d921933d9913ae640a6ed2e0280b18e47cf,VERIFIED_PRIMARY,"two extractors agree (PyMuPDF, markitdown; sequence) + page image check"
2.8+2506,IR,delta_rw,regular,5y,61,multiplier of per-1bp sensitivity,"ISDA SIMM Methodology v2.8+2506 (based on v2.8+2506.1, 14 October 2025)",2.8+2506,2025-12-06,D.1,33,Table 1 risk weights per vertex,14,https://www.isda.org/a/f2RgE/ISDA-SIMM_v2.82506_PUBLIC.pdf,2026-10-02,6d39aa13282428baffc684274d8b4d921933d9913ae640a6ed2e0280b18e47cf,VERIFIED_PRIMARY,"two extractors agree (PyMuPDF, markitdown; sequence) + page image check"
2.8+2506,IR,delta_rw,regular,10y,60,multiplier of per-1bp sensitivity,"ISDA SIMM Methodology v2.8+2506 (based on v2.8+2506.1, 14 October 2025)",2.8+2506,2025-12-06,D.1,33,Table 1 risk weights per vertex,14,https://www.isda.org/a/f2RgE/ISDA-SIMM_v2.82506_PUBLIC.pdf,2026-10-02,6d39aa13282428baffc684274d8b4d921933d9913ae640a6ed2e0280b18e47cf,VERIFIED_PRIMARY,"two extractors agree (PyMuPDF, markitdown; sequence) + page image check"
2.8+2506,IR,delta_rw,regular,15y,58,multiplier of per-1bp sensitivity,"ISDA SIMM Methodology v2.8+2506 (based on v2.8+2506.1, 14 October 2025)",2.8+2506,2025-12-06,D.1,33,Table 1 risk weights per vertex,14,https://www.isda.org/a/f2RgE/ISDA-SIMM_v2.82506_PUBLIC.pdf,2026-10-02,6d39aa13282428baffc684274d8b4d921933d9913ae640a6ed2e0280b18e47cf,VERIFIED_PRIMARY,"two extractors agree (PyMuPDF, markitdown; sequence) + page image check"
2.8+2506,IR,delta_rw,regular,20y,58,multiplier of per-1bp sensitivity,"ISDA SIMM Methodology v2.8+2506 (based on v2.8+2506.1, 14 October 2025)",2.8+2506,2025-12-06,D.1,33,Table 1 risk weights per vertex,14,https://www.isda.org/a/f2RgE/ISDA-SIMM_v2.82506_PUBLIC.pdf,2026-10-02,6d39aa13282428baffc684274d8b4d921933d9913ae640a6ed2e0280b18e47cf,VERIFIED_PRIMARY,"two extractors agree (PyMuPDF, markitdown; sequence) + page image check"
2.8+2506,IR,delta_rw,regular,30y,66,multiplier of per-1bp sensitivity,"ISDA SIMM Methodology v2.8+2506 (based on v2.8+2506.1, 14 October 2025)",2.8+2506,2025-12-06,D.1,33,Table 1 risk weights per vertex,14,https://www.isda.org/a/f2RgE/ISDA-SIMM_v2.82506_PUBLIC.pdf,2026-10-02,6d39aa13282428baffc684274d8b4d921933d9913ae640a6ed2e0280b18e47cf,VERIFIED_PRIMARY,"two extractors agree (PyMuPDF, markitdown; sequence) + page image check"
2.8+2506,IR,delta_rw,low,2w,15,multiplier of per-1bp sensitivity,"ISDA SIMM Methodology v2.8+2506 (based on v2.8+2506.1, 14 October 2025)",2.8+2506,2025-12-06,D.1,33,Table 2 risk weights per vertex,14,https://www.isda.org/a/f2RgE/ISDA-SIMM_v2.82506_PUBLIC.pdf,2026-10-02,6d39aa13282428baffc684274d8b4d921933d9913ae640a6ed2e0280b18e47cf,VERIFIED_PRIMARY,"two extractors agree (PyMuPDF, markitdown; sequence) + page image check"
2.8+2506,IR,delta_rw,low,1m,18,multiplier of per-1bp sensitivity,"ISDA SIMM Methodology v2.8+2506 (based on v2.8+2506.1, 14 October 2025)",2.8+2506,2025-12-06,D.1,33,Table 2 risk weights per vertex,14,https://www.isda.org/a/f2RgE/ISDA-SIMM_v2.82506_PUBLIC.pdf,2026-10-02,6d39aa13282428baffc684274d8b4d921933d9913ae640a6ed2e0280b18e47cf,VERIFIED_PRIMARY,"two extractors agree (PyMuPDF, markitdown; sequence) + page image check"
2.8+2506,IR,delta_rw,low,3m,12,multiplier of per-1bp sensitivity,"ISDA SIMM Methodology v2.8+2506 (based on v2.8+2506.1, 14 October 2025)",2.8+2506,2025-12-06,D.1,33,Table 2 risk weights per vertex,14,https://www.isda.org/a/f2RgE/ISDA-SIMM_v2.82506_PUBLIC.pdf,2026-10-02,6d39aa13282428baffc684274d8b4d921933d9913ae640a6ed2e0280b18e47cf,VERIFIED_PRIMARY,"two extractors agree (PyMuPDF, markitdown; sequence) + page image check"
2.8+2506,IR,delta_rw,low,6m,11,multiplier of per-1bp sensitivity,"ISDA SIMM Methodology v2.8+2506 (based on v2.8+2506.1, 14 October 2025)",2.8+2506,2025-12-06,D.1,33,Table 2 risk weights per vertex,14,https://www.isda.org/a/f2RgE/ISDA-SIMM_v2.82506_PUBLIC.pdf,2026-10-02,6d39aa13282428baffc684274d8b4d921933d9913ae640a6ed2e0280b18e47cf,VERIFIED_PRIMARY,"two extractors agree (PyMuPDF, markitdown; sequence) + page image check"
2.8+2506,IR,delta_rw,low,1y,15,multiplier of per-1bp sensitivity,"ISDA SIMM Methodology v2.8+2506 (based on v2.8+2506.1, 14 October 2025)",2.8+2506,2025-12-06,D.1,33,Table 2 risk weights per vertex,14,https://www.isda.org/a/f2RgE/ISDA-SIMM_v2.82506_PUBLIC.pdf,2026-10-02,6d39aa13282428baffc684274d8b4d921933d9913ae640a6ed2e0280b18e47cf,VERIFIED_PRIMARY,"two extractors agree (PyMuPDF, markitdown; sequence) + page image check"
2.8+2506,IR,delta_rw,low,2y,21,multiplier of per-1bp sensitivity,"ISDA SIMM Methodology v2.8+2506 (based on v2.8+2506.1, 14 October 2025)",2.8+2506,2025-12-06,D.1,33,Table 2 risk weights per vertex,14,https://www.isda.org/a/f2RgE/ISDA-SIMM_v2.82506_PUBLIC.pdf,2026-10-02,6d39aa13282428baffc684274d8b4d921933d9913ae640a6ed2e0280b18e47cf,VERIFIED_PRIMARY,"two extractors agree (PyMuPDF, markitdown; sequence) + page image check"
2.8+2506,IR,delta_rw,low,3y,23,multiplier of per-1bp sensitivity,"ISDA SIMM Methodology v2.8+2506 (based on v2.8+2506.1, 14 October 2025)",2.8+2506,2025-12-06,D.1,33,Table 2 risk weights per vertex,14,https://www.isda.org/a/f2RgE/ISDA-SIMM_v2.82506_PUBLIC.pdf,2026-10-02,6d39aa13282428baffc684274d8b4d921933d9913ae640a6ed2e0280b18e47cf,VERIFIED_PRIMARY,"two extractors agree (PyMuPDF, markitdown; sequence) + page image check"
2.8+2506,IR,delta_rw,low,5y,25,multiplier of per-1bp sensitivity,"ISDA SIMM Methodology v2.8+2506 (based on v2.8+2506.1, 14 October 2025)",2.8+2506,2025-12-06,D.1,33,Table 2 risk weights per vertex,14,https://www.isda.org/a/f2RgE/ISDA-SIMM_v2.82506_PUBLIC.pdf,2026-10-02,6d39aa13282428baffc684274d8b4d921933d9913ae640a6ed2e0280b18e47cf,VERIFIED_PRIMARY,"two extractors agree (PyMuPDF, markitdown; sequence) + page image check"
2.8+2506,IR,delta_rw,low,10y,29,multiplier of per-1bp sensitivity,"ISDA SIMM Methodology v2.8+2506 (based on v2.8+2506.1, 14 October 2025)",2.8+2506,2025-12-06,D.1,33,Table 2 risk weights per vertex,14,https://www.isda.org/a/f2RgE/ISDA-SIMM_v2.82506_PUBLIC.pdf,2026-10-02,6d39aa13282428baffc684274d8b4d921933d9913ae640a6ed2e0280b18e47cf,VERIFIED_PRIMARY,"two extractors agree (PyMuPDF, markitdown; sequence) + page image check"
2.8+2506,IR,delta_rw,low,15y,27,multiplier of per-1bp sensitivity,"ISDA SIMM Methodology v2.8+2506 (based on v2.8+2506.1, 14 October 2025)",2.8+2506,2025-12-06,D.1,33,Table 2 risk weights per vertex,14,https://www.isda.org/a/f2RgE/ISDA-SIMM_v2.82506_PUBLIC.pdf,2026-10-02,6d39aa13282428baffc684274d8b4d921933d9913ae640a6ed2e0280b18e47cf,VERIFIED_PRIMARY,"two extractors agree (PyMuPDF, markitdown; sequence) + page image check"
2.8+2506,IR,delta_rw,low,20y,26,multiplier of per-1bp sensitivity,"ISDA SIMM Methodology v2.8+2506 (based on v2.8+2506.1, 14 October 2025)",2.8+2506,2025-12-06,D.1,33,Table 2 risk weights per vertex,14,https://www.isda.org/a/f2RgE/ISDA-SIMM_v2.82506_PUBLIC.pdf,2026-10-02,6d39aa13282428baffc684274d8b4d921933d9913ae640a6ed2e0280b18e47cf,VERIFIED_PRIMARY,"two extractors agree (PyMuPDF, markitdown; sequence) + page image check"
2.8+2506,IR,delta_rw,low,30y,28,multiplier of per-1bp sensitivity,"ISDA SIMM Methodology v2.8+2506 (based on v2.8+2506.1, 14 October 2025)",2.8+2506,2025-12-06,D.1,33,Table 2 risk weights per vertex,14,https://www.isda.org/a/f2RgE/ISDA-SIMM_v2.82506_PUBLIC.pdf,2026-10-02,6d39aa13282428baffc684274d8b4d921933d9913ae640a6ed2e0280b18e47cf,VERIFIED_PRIMARY,"two extractors agree (PyMuPDF, markitdown; sequence) + page image check"
2.8+2506,IR,delta_rw,high,2w,167,multiplier of per-1bp sensitivity,"ISDA SIMM Methodology v2.8+2506 (based on v2.8+2506.1, 14 October 2025)",2.8+2506,2025-12-06,D.1,33,Table 3 risk weights per vertex,14,https://www.isda.org/a/f2RgE/ISDA-SIMM_v2.82506_PUBLIC.pdf,2026-10-02,6d39aa13282428baffc684274d8b4d921933d9913ae640a6ed2e0280b18e47cf,VERIFIED_PRIMARY,"two extractors agree (PyMuPDF, markitdown; sequence) + page image check"
2.8+2506,IR,delta_rw,high,1m,102,multiplier of per-1bp sensitivity,"ISDA SIMM Methodology v2.8+2506 (based on v2.8+2506.1, 14 October 2025)",2.8+2506,2025-12-06,D.1,33,Table 3 risk weights per vertex,14,https://www.isda.org/a/f2RgE/ISDA-SIMM_v2.82506_PUBLIC.pdf,2026-10-02,6d39aa13282428baffc684274d8b4d921933d9913ae640a6ed2e0280b18e47cf,VERIFIED_PRIMARY,"two extractors agree (PyMuPDF, markitdown; sequence) + page image check"
2.8+2506,IR,delta_rw,high,3m,79,multiplier of per-1bp sensitivity,"ISDA SIMM Methodology v2.8+2506 (based on v2.8+2506.1, 14 October 2025)",2.8+2506,2025-12-06,D.1,33,Table 3 risk weights per vertex,14,https://www.isda.org/a/f2RgE/ISDA-SIMM_v2.82506_PUBLIC.pdf,2026-10-02,6d39aa13282428baffc684274d8b4d921933d9913ae640a6ed2e0280b18e47cf,VERIFIED_PRIMARY,"two extractors agree (PyMuPDF, markitdown; sequence) + page image check"
2.8+2506,IR,delta_rw,high,6m,82,multiplier of per-1bp sensitivity,"ISDA SIMM Methodology v2.8+2506 (based on v2.8+2506.1, 14 October 2025)",2.8+2506,2025-12-06,D.1,33,Table 3 risk weights per vertex,14,https://www.isda.org/a/f2RgE/ISDA-SIMM_v2.82506_PUBLIC.pdf,2026-10-02,6d39aa13282428baffc684274d8b4d921933d9913ae640a6ed2e0280b18e47cf,VERIFIED_PRIMARY,"two extractors agree (PyMuPDF, markitdown; sequence) + page image check"
2.8+2506,IR,delta_rw,high,1y,90,multiplier of per-1bp sensitivity,"ISDA SIMM Methodology v2.8+2506 (based on v2.8+2506.1, 14 October 2025)",2.8+2506,2025-12-06,D.1,33,Table 3 risk weights per vertex,14,https://www.isda.org/a/f2RgE/ISDA-SIMM_v2.82506_PUBLIC.pdf,2026-10-02,6d39aa13282428baffc684274d8b4d921933d9913ae640a6ed2e0280b18e47cf,VERIFIED_PRIMARY,"two extractors agree (PyMuPDF, markitdown; sequence) + page image check"
2.8+2506,IR,delta_rw,high,2y,93,multiplier of per-1bp sensitivity,"ISDA SIMM Methodology v2.8+2506 (based on v2.8+2506.1, 14 October 2025)",2.8+2506,2025-12-06,D.1,33,Table 3 risk weights per vertex,14,https://www.isda.org/a/f2RgE/ISDA-SIMM_v2.82506_PUBLIC.pdf,2026-10-02,6d39aa13282428baffc684274d8b4d921933d9913ae640a6ed2e0280b18e47cf,VERIFIED_PRIMARY,"two extractors agree (PyMuPDF, markitdown; sequence) + page image check"
2.8+2506,IR,delta_rw,high,3y,92,multiplier of per-1bp sensitivity,"ISDA SIMM Methodology v2.8+2506 (based on v2.8+2506.1, 14 October 2025)",2.8+2506,2025-12-06,D.1,33,Table 3 risk weights per vertex,14,https://www.isda.org/a/f2RgE/ISDA-SIMM_v2.82506_PUBLIC.pdf,2026-10-02,6d39aa13282428baffc684274d8b4d921933d9913ae640a6ed2e0280b18e47cf,VERIFIED_PRIMARY,"two extractors agree (PyMuPDF, markitdown; sequence) + page image check"
2.8+2506,IR,delta_rw,high,5y,88,multiplier of per-1bp sensitivity,"ISDA SIMM Methodology v2.8+2506 (based on v2.8+2506.1, 14 October 2025)",2.8+2506,2025-12-06,D.1,33,Table 3 risk weights per vertex,14,https://www.isda.org/a/f2RgE/ISDA-SIMM_v2.82506_PUBLIC.pdf,2026-10-02,6d39aa13282428baffc684274d8b4d921933d9913ae640a6ed2e0280b18e47cf,VERIFIED_PRIMARY,"two extractors agree (PyMuPDF, markitdown; sequence) + page image check"
2.8+2506,IR,delta_rw,high,10y,88,multiplier of per-1bp sensitivity,"ISDA SIMM Methodology v2.8+2506 (based on v2.8+2506.1, 14 October 2025)",2.8+2506,2025-12-06,D.1,33,Table 3 risk weights per vertex,14,https://www.isda.org/a/f2RgE/ISDA-SIMM_v2.82506_PUBLIC.pdf,2026-10-02,6d39aa13282428baffc684274d8b4d921933d9913ae640a6ed2e0280b18e47cf,VERIFIED_PRIMARY,"two extractors agree (PyMuPDF, markitdown; sequence) + page image check"
2.8+2506,IR,delta_rw,high,15y,98,multiplier of per-1bp sensitivity,"ISDA SIMM Methodology v2.8+2506 (based on v2.8+2506.1, 14 October 2025)",2.8+2506,2025-12-06,D.1,33,Table 3 risk weights per vertex,14,https://www.isda.org/a/f2RgE/ISDA-SIMM_v2.82506_PUBLIC.pdf,2026-10-02,6d39aa13282428baffc684274d8b4d921933d9913ae640a6ed2e0280b18e47cf,VERIFIED_PRIMARY,"two extractors agree (PyMuPDF, markitdown; sequence) + page image check"
2.8+2506,IR,delta_rw,high,20y,101,multiplier of per-1bp sensitivity,"ISDA SIMM Methodology v2.8+2506 (based on v2.8+2506.1, 14 October 2025)",2.8+2506,2025-12-06,D.1,33,Table 3 risk weights per vertex,14,https://www.isda.org/a/f2RgE/ISDA-SIMM_v2.82506_PUBLIC.pdf,2026-10-02,6d39aa13282428baffc684274d8b4d921933d9913ae640a6ed2e0280b18e47cf,VERIFIED_PRIMARY,"two extractors agree (PyMuPDF, markitdown; sequence) + page image check"
2.8+2506,IR,delta_rw,high,30y,96,multiplier of per-1bp sensitivity,"ISDA SIMM Methodology v2.8+2506 (based on v2.8+2506.1, 14 October 2025)",2.8+2506,2025-12-06,D.1,33,Table 3 risk weights per vertex,14,https://www.isda.org/a/f2RgE/ISDA-SIMM_v2.82506_PUBLIC.pdf,2026-10-02,6d39aa13282428baffc684274d8b4d921933d9913ae640a6ed2e0280b18e47cf,VERIFIED_PRIMARY,"two extractors agree (PyMuPDF, markitdown; sequence) + page image check"
2.8+2506,IR,delta_rw_inflation,any,,51,multiplier of per-1bp sensitivity,"ISDA SIMM Methodology v2.8+2506 (based on v2.8+2506.1, 14 October 2025)",2.8+2506,2025-12-06,D.1,33,text below Table 3,14,https://www.isda.org/a/f2RgE/ISDA-SIMM_v2.82506_PUBLIC.pdf,2026-10-02,6d39aa13282428baffc684274d8b4d921933d9913ae640a6ed2e0280b18e47cf,VERIFIED_PRIMARY,"two extractors agree (PyMuPDF, markitdown; sequence) + page image check"
2.8+2506,IR,delta_rw_xccy_basis,any,,21,multiplier of per-1bp sensitivity,"ISDA SIMM Methodology v2.8+2506 (based on v2.8+2506.1, 14 October 2025)",2.8+2506,2025-12-06,D.1,33,text below Table 3,14,https://www.isda.org/a/f2RgE/ISDA-SIMM_v2.82506_PUBLIC.pdf,2026-10-02,6d39aa13282428baffc684274d8b4d921933d9913ae640a6ed2e0280b18e47cf,VERIFIED_PRIMARY,"two extractors agree (PyMuPDF, markitdown; sequence) + page image check"
2.8+2506,IR,hvr,,,0.74,ratio,"ISDA SIMM Methodology v2.8+2506 (based on v2.8+2506.1, 14 October 2025)",2.8+2506,2025-12-06,D.1,34,text of paragraph 34 (no table),14,https://www.isda.org/a/f2RgE/ISDA-SIMM_v2.82506_PUBLIC.pdf,2026-10-02,6d39aa13282428baffc684274d8b4d921933d9913ae640a6ed2e0280b18e47cf,VERIFIED_PRIMARY,"two extractors agree (PyMuPDF, markitdown; sequence) + page image check"
2.8+2506,IR,vega_rw,,,0.2,ratio,"ISDA SIMM Methodology v2.8+2506 (based on v2.8+2506.1, 14 October 2025)",2.8+2506,2025-12-06,D.1,35,text of paragraph 35 (no table),14,https://www.isda.org/a/f2RgE/ISDA-SIMM_v2.82506_PUBLIC.pdf,2026-10-02,6d39aa13282428baffc684274d8b4d921933d9913ae640a6ed2e0280b18e47cf,VERIFIED_PRIMARY,"two extractors agree (PyMuPDF, markitdown; sequence) + page image check"
2.8+2506,IR,rw_group_member,regular,USD,1,membership,"ISDA SIMM Methodology v2.8+2506 (based on v2.8+2506.1, 14 October 2025)",2.8+2506,2025-12-06,D.1,33(1),text of paragraph 33(1) (no table),14,https://www.isda.org/a/f2RgE/ISDA-SIMM_v2.82506_PUBLIC.pdf,2026-10-02,6d39aa13282428baffc684274d8b4d921933d9913ae640a6ed2e0280b18e47cf,VERIFIED_PRIMARY,"two extractors agree (PyMuPDF, markitdown; sequence) + page image check"
2.8+2506,IR,rw_group_member,regular,EUR,1,membership,"ISDA SIMM Methodology v2.8+2506 (based on v2.8+2506.1, 14 October 2025)",2.8+2506,2025-12-06,D.1,33(1),text of paragraph 33(1) (no table),14,https://www.isda.org/a/f2RgE/ISDA-SIMM_v2.82506_PUBLIC.pdf,2026-10-02,6d39aa13282428baffc684274d8b4d921933d9913ae640a6ed2e0280b18e47cf,VERIFIED_PRIMARY,"two extractors agree (PyMuPDF, markitdown; sequence) + page image check"
2.8+2506,IR,rw_group_member,regular,GBP,1,membership,"ISDA SIMM Methodology v2.8+2506 (based on v2.8+2506.1, 14 October 2025)",2.8+2506,2025-12-06,D.1,33(1),text of paragraph 33(1) (no table),14,https://www.isda.org/a/f2RgE/ISDA-SIMM_v2.82506_PUBLIC.pdf,2026-10-02,6d39aa13282428baffc684274d8b4d921933d9913ae640a6ed2e0280b18e47cf,VERIFIED_PRIMARY,"two extractors agree (PyMuPDF, markitdown; sequence) + page image check"
2.8+2506,IR,rw_group_member,regular,CHF,1,membership,"ISDA SIMM Methodology v2.8+2506 (based on v2.8+2506.1, 14 October 2025)",2.8+2506,2025-12-06,D.1,33(1),text of paragraph 33(1) (no table),14,https://www.isda.org/a/f2RgE/ISDA-SIMM_v2.82506_PUBLIC.pdf,2026-10-02,6d39aa13282428baffc684274d8b4d921933d9913ae640a6ed2e0280b18e47cf,VERIFIED_PRIMARY,"two extractors agree (PyMuPDF, markitdown; sequence) + page image check"
2.8+2506,IR,rw_group_member,regular,AUD,1,membership,"ISDA SIMM Methodology v2.8+2506 (based on v2.8+2506.1, 14 October 2025)",2.8+2506,2025-12-06,D.1,33(1),text of paragraph 33(1) (no table),14,https://www.isda.org/a/f2RgE/ISDA-SIMM_v2.82506_PUBLIC.pdf,2026-10-02,6d39aa13282428baffc684274d8b4d921933d9913ae640a6ed2e0280b18e47cf,VERIFIED_PRIMARY,"two extractors agree (PyMuPDF, markitdown; sequence) + page image check"
2.8+2506,IR,rw_group_member,regular,NZD,1,membership,"ISDA SIMM Methodology v2.8+2506 (based on v2.8+2506.1, 14 October 2025)",2.8+2506,2025-12-06,D.1,33(1),text of paragraph 33(1) (no table),14,https://www.isda.org/a/f2RgE/ISDA-SIMM_v2.82506_PUBLIC.pdf,2026-10-02,6d39aa13282428baffc684274d8b4d921933d9913ae640a6ed2e0280b18e47cf,VERIFIED_PRIMARY,"two extractors agree (PyMuPDF, markitdown; sequence) + page image check"
2.8+2506,IR,rw_group_member,regular,CAD,1,membership,"ISDA SIMM Methodology v2.8+2506 (based on v2.8+2506.1, 14 October 2025)",2.8+2506,2025-12-06,D.1,33(1),text of paragraph 33(1) (no table),14,https://www.isda.org/a/f2RgE/ISDA-SIMM_v2.82506_PUBLIC.pdf,2026-10-02,6d39aa13282428baffc684274d8b4d921933d9913ae640a6ed2e0280b18e47cf,VERIFIED_PRIMARY,"two extractors agree (PyMuPDF, markitdown; sequence) + page image check"
2.8+2506,IR,rw_group_member,regular,SEK,1,membership,"ISDA SIMM Methodology v2.8+2506 (based on v2.8+2506.1, 14 October 2025)",2.8+2506,2025-12-06,D.1,33(1),text of paragraph 33(1) (no table),14,https://www.isda.org/a/f2RgE/ISDA-SIMM_v2.82506_PUBLIC.pdf,2026-10-02,6d39aa13282428baffc684274d8b4d921933d9913ae640a6ed2e0280b18e47cf,VERIFIED_PRIMARY,"two extractors agree (PyMuPDF, markitdown; sequence) + page image check"
2.8+2506,IR,rw_group_member,regular,NOK,1,membership,"ISDA SIMM Methodology v2.8+2506 (based on v2.8+2506.1, 14 October 2025)",2.8+2506,2025-12-06,D.1,33(1),text of paragraph 33(1) (no table),14,https://www.isda.org/a/f2RgE/ISDA-SIMM_v2.82506_PUBLIC.pdf,2026-10-02,6d39aa13282428baffc684274d8b4d921933d9913ae640a6ed2e0280b18e47cf,VERIFIED_PRIMARY,"two extractors agree (PyMuPDF, markitdown; sequence) + page image check"
2.8+2506,IR,rw_group_member,regular,DKK,1,membership,"ISDA SIMM Methodology v2.8+2506 (based on v2.8+2506.1, 14 October 2025)",2.8+2506,2025-12-06,D.1,33(1),text of paragraph 33(1) (no table),14,https://www.isda.org/a/f2RgE/ISDA-SIMM_v2.82506_PUBLIC.pdf,2026-10-02,6d39aa13282428baffc684274d8b4d921933d9913ae640a6ed2e0280b18e47cf,VERIFIED_PRIMARY,"two extractors agree (PyMuPDF, markitdown; sequence) + page image check"
2.8+2506,IR,rw_group_member,regular,HKD,1,membership,"ISDA SIMM Methodology v2.8+2506 (based on v2.8+2506.1, 14 October 2025)",2.8+2506,2025-12-06,D.1,33(1),text of paragraph 33(1) (no table),14,https://www.isda.org/a/f2RgE/ISDA-SIMM_v2.82506_PUBLIC.pdf,2026-10-02,6d39aa13282428baffc684274d8b4d921933d9913ae640a6ed2e0280b18e47cf,VERIFIED_PRIMARY,"two extractors agree (PyMuPDF, markitdown; sequence) + page image check"
2.8+2506,IR,rw_group_member,regular,KRW,1,membership,"ISDA SIMM Methodology v2.8+2506 (based on v2.8+2506.1, 14 October 2025)",2.8+2506,2025-12-06,D.1,33(1),text of paragraph 33(1) (no table),14,https://www.isda.org/a/f2RgE/ISDA-SIMM_v2.82506_PUBLIC.pdf,2026-10-02,6d39aa13282428baffc684274d8b4d921933d9913ae640a6ed2e0280b18e47cf,VERIFIED_PRIMARY,"two extractors agree (PyMuPDF, markitdown; sequence) + page image check"
2.8+2506,IR,rw_group_member,regular,SGD,1,membership,"ISDA SIMM Methodology v2.8+2506 (based on v2.8+2506.1, 14 October 2025)",2.8+2506,2025-12-06,D.1,33(1),text of paragraph 33(1) (no table),14,https://www.isda.org/a/f2RgE/ISDA-SIMM_v2.82506_PUBLIC.pdf,2026-10-02,6d39aa13282428baffc684274d8b4d921933d9913ae640a6ed2e0280b18e47cf,VERIFIED_PRIMARY,"two extractors agree (PyMuPDF, markitdown; sequence) + page image check"
2.8+2506,IR,rw_group_member,regular,TWD,1,membership,"ISDA SIMM Methodology v2.8+2506 (based on v2.8+2506.1, 14 October 2025)",2.8+2506,2025-12-06,D.1,33(1),text of paragraph 33(1) (no table),14,https://www.isda.org/a/f2RgE/ISDA-SIMM_v2.82506_PUBLIC.pdf,2026-10-02,6d39aa13282428baffc684274d8b4d921933d9913ae640a6ed2e0280b18e47cf,VERIFIED_PRIMARY,"two extractors agree (PyMuPDF, markitdown; sequence) + page image check"
2.8+2506,IR,rw_group_member,low,JPY,1,membership,"ISDA SIMM Methodology v2.8+2506 (based on v2.8+2506.1, 14 October 2025)",2.8+2506,2025-12-06,D.1,33(2),text of paragraph 33(2) (no table),14,https://www.isda.org/a/f2RgE/ISDA-SIMM_v2.82506_PUBLIC.pdf,2026-10-02,6d39aa13282428baffc684274d8b4d921933d9913ae640a6ed2e0280b18e47cf,VERIFIED_PRIMARY,"two extractors agree (PyMuPDF, markitdown; sequence) + page image check"
2.8+2506,IR,rw_group_member,high,ALL_OTHER,1,membership,"ISDA SIMM Methodology v2.8+2506 (based on v2.8+2506.1, 14 October 2025)",2.8+2506,2025-12-06,D.1,33(3),all currencies not in the regular or low lists,14,https://www.isda.org/a/f2RgE/ISDA-SIMM_v2.82506_PUBLIC.pdf,2026-10-02,6d39aa13282428baffc684274d8b4d921933d9913ae640a6ed2e0280b18e47cf,VERIFIED_PRIMARY,"two extractors agree (PyMuPDF, markitdown; sequence) + page image check"
2.8+2506,IR,delta_tenor_corr,2w,2w,1,fraction,"ISDA SIMM Methodology v2.8+2506 (based on v2.8+2506.1, 14 October 2025)",2.8+2506,2025-12-06,D.2,36,correlation matrix for aggregated weighted sensitivities or risk exposures (row 2w),15,https://www.isda.org/a/f2RgE/ISDA-SIMM_v2.82506_PUBLIC.pdf,2026-10-02,6d39aa13282428baffc684274d8b4d921933d9913ae640a6ed2e0280b18e47cf,VERIFIED_PRIMARY,"two extractors agree (PyMuPDF, markitdown; sequence) + page image check; diagonal blank in source, 1 by definition"
2.8+2506,IR,delta_tenor_corr,2w,1m,0.74,fraction,"ISDA SIMM Methodology v2.8+2506 (based on v2.8+2506.1, 14 October 2025)",2.8+2506,2025-12-06,D.2,36,correlation matrix for aggregated weighted sensitivities or risk exposures (row 2w),15,https://www.isda.org/a/f2RgE/ISDA-SIMM_v2.82506_PUBLIC.pdf,2026-10-02,6d39aa13282428baffc684274d8b4d921933d9913ae640a6ed2e0280b18e47cf,VERIFIED_PRIMARY,"two extractors agree (PyMuPDF, markitdown; sequence) + page image check"
2.8+2506,IR,delta_tenor_corr,2w,3m,0.65,fraction,"ISDA SIMM Methodology v2.8+2506 (based on v2.8+2506.1, 14 October 2025)",2.8+2506,2025-12-06,D.2,36,correlation matrix for aggregated weighted sensitivities or risk exposures (row 2w),15,https://www.isda.org/a/f2RgE/ISDA-SIMM_v2.82506_PUBLIC.pdf,2026-10-02,6d39aa13282428baffc684274d8b4d921933d9913ae640a6ed2e0280b18e47cf,VERIFIED_PRIMARY,"two extractors agree (PyMuPDF, markitdown; sequence) + page image check"
2.8+2506,IR,delta_tenor_corr,2w,6m,0.54,fraction,"ISDA SIMM Methodology v2.8+2506 (based on v2.8+2506.1, 14 October 2025)",2.8+2506,2025-12-06,D.2,36,correlation matrix for aggregated weighted sensitivities or risk exposures (row 2w),15,https://www.isda.org/a/f2RgE/ISDA-SIMM_v2.82506_PUBLIC.pdf,2026-10-02,6d39aa13282428baffc684274d8b4d921933d9913ae640a6ed2e0280b18e47cf,VERIFIED_PRIMARY,"two extractors agree (PyMuPDF, markitdown; sequence) + page image check"
2.8+2506,IR,delta_tenor_corr,2w,1y,0.4,fraction,"ISDA SIMM Methodology v2.8+2506 (based on v2.8+2506.1, 14 October 2025)",2.8+2506,2025-12-06,D.2,36,correlation matrix for aggregated weighted sensitivities or risk exposures (row 2w),15,https://www.isda.org/a/f2RgE/ISDA-SIMM_v2.82506_PUBLIC.pdf,2026-10-02,6d39aa13282428baffc684274d8b4d921933d9913ae640a6ed2e0280b18e47cf,VERIFIED_PRIMARY,"two extractors agree (PyMuPDF, markitdown; sequence) + page image check"
2.8+2506,IR,delta_tenor_corr,2w,2y,0.29,fraction,"ISDA SIMM Methodology v2.8+2506 (based on v2.8+2506.1, 14 October 2025)",2.8+2506,2025-12-06,D.2,36,correlation matrix for aggregated weighted sensitivities or risk exposures (row 2w),15,https://www.isda.org/a/f2RgE/ISDA-SIMM_v2.82506_PUBLIC.pdf,2026-10-02,6d39aa13282428baffc684274d8b4d921933d9913ae640a6ed2e0280b18e47cf,VERIFIED_PRIMARY,"two extractors agree (PyMuPDF, markitdown; sequence) + page image check"
2.8+2506,IR,delta_tenor_corr,2w,3y,0.25,fraction,"ISDA SIMM Methodology v2.8+2506 (based on v2.8+2506.1, 14 October 2025)",2.8+2506,2025-12-06,D.2,36,correlation matrix for aggregated weighted sensitivities or risk exposures (row 2w),15,https://www.isda.org/a/f2RgE/ISDA-SIMM_v2.82506_PUBLIC.pdf,2026-10-02,6d39aa13282428baffc684274d8b4d921933d9913ae640a6ed2e0280b18e47cf,VERIFIED_PRIMARY,"two extractors agree (PyMuPDF, markitdown; sequence) + page image check"
2.8+2506,IR,delta_tenor_corr,2w,5y,0.22,fraction,"ISDA SIMM Methodology v2.8+2506 (based on v2.8+2506.1, 14 October 2025)",2.8+2506,2025-12-06,D.2,36,correlation matrix for aggregated weighted sensitivities or risk exposures (row 2w),15,https://www.isda.org/a/f2RgE/ISDA-SIMM_v2.82506_PUBLIC.pdf,2026-10-02,6d39aa13282428baffc684274d8b4d921933d9913ae640a6ed2e0280b18e47cf,VERIFIED_PRIMARY,"two extractors agree (PyMuPDF, markitdown; sequence) + page image check"
2.8+2506,IR,delta_tenor_corr,2w,10y,0.17,fraction,"ISDA SIMM Methodology v2.8+2506 (based on v2.8+2506.1, 14 October 2025)",2.8+2506,2025-12-06,D.2,36,correlation matrix for aggregated weighted sensitivities or risk exposures (row 2w),15,https://www.isda.org/a/f2RgE/ISDA-SIMM_v2.82506_PUBLIC.pdf,2026-10-02,6d39aa13282428baffc684274d8b4d921933d9913ae640a6ed2e0280b18e47cf,VERIFIED_PRIMARY,"two extractors agree (PyMuPDF, markitdown; sequence) + page image check"
2.8+2506,IR,delta_tenor_corr,2w,15y,0.16,fraction,"ISDA SIMM Methodology v2.8+2506 (based on v2.8+2506.1, 14 October 2025)",2.8+2506,2025-12-06,D.2,36,correlation matrix for aggregated weighted sensitivities or risk exposures (row 2w),15,https://www.isda.org/a/f2RgE/ISDA-SIMM_v2.82506_PUBLIC.pdf,2026-10-02,6d39aa13282428baffc684274d8b4d921933d9913ae640a6ed2e0280b18e47cf,VERIFIED_PRIMARY,"two extractors agree (PyMuPDF, markitdown; sequence) + page image check"
2.8+2506,IR,delta_tenor_corr,2w,20y,0.14,fraction,"ISDA SIMM Methodology v2.8+2506 (based on v2.8+2506.1, 14 October 2025)",2.8+2506,2025-12-06,D.2,36,correlation matrix for aggregated weighted sensitivities or risk exposures (row 2w),15,https://www.isda.org/a/f2RgE/ISDA-SIMM_v2.82506_PUBLIC.pdf,2026-10-02,6d39aa13282428baffc684274d8b4d921933d9913ae640a6ed2e0280b18e47cf,VERIFIED_PRIMARY,"two extractors agree (PyMuPDF, markitdown; sequence) + page image check"
2.8+2506,IR,delta_tenor_corr,2w,30y,0.14,fraction,"ISDA SIMM Methodology v2.8+2506 (based on v2.8+2506.1, 14 October 2025)",2.8+2506,2025-12-06,D.2,36,correlation matrix for aggregated weighted sensitivities or risk exposures (row 2w),15,https://www.isda.org/a/f2RgE/ISDA-SIMM_v2.82506_PUBLIC.pdf,2026-10-02,6d39aa13282428baffc684274d8b4d921933d9913ae640a6ed2e0280b18e47cf,VERIFIED_PRIMARY,"two extractors agree (PyMuPDF, markitdown; sequence) + page image check"
2.8+2506,IR,delta_tenor_corr,1m,2w,0.74,fraction,"ISDA SIMM Methodology v2.8+2506 (based on v2.8+2506.1, 14 October 2025)",2.8+2506,2025-12-06,D.2,36,correlation matrix for aggregated weighted sensitivities or risk exposures (row 1m),15,https://www.isda.org/a/f2RgE/ISDA-SIMM_v2.82506_PUBLIC.pdf,2026-10-02,6d39aa13282428baffc684274d8b4d921933d9913ae640a6ed2e0280b18e47cf,VERIFIED_PRIMARY,"two extractors agree (PyMuPDF, markitdown; sequence) + page image check"
2.8+2506,IR,delta_tenor_corr,1m,1m,1,fraction,"ISDA SIMM Methodology v2.8+2506 (based on v2.8+2506.1, 14 October 2025)",2.8+2506,2025-12-06,D.2,36,correlation matrix for aggregated weighted sensitivities or risk exposures (row 1m),15,https://www.isda.org/a/f2RgE/ISDA-SIMM_v2.82506_PUBLIC.pdf,2026-10-02,6d39aa13282428baffc684274d8b4d921933d9913ae640a6ed2e0280b18e47cf,VERIFIED_PRIMARY,"two extractors agree (PyMuPDF, markitdown; sequence) + page image check; diagonal blank in source, 1 by definition"
2.8+2506,IR,delta_tenor_corr,1m,3m,0.85,fraction,"ISDA SIMM Methodology v2.8+2506 (based on v2.8+2506.1, 14 October 2025)",2.8+2506,2025-12-06,D.2,36,correlation matrix for aggregated weighted sensitivities or risk exposures (row 1m),15,https://www.isda.org/a/f2RgE/ISDA-SIMM_v2.82506_PUBLIC.pdf,2026-10-02,6d39aa13282428baffc684274d8b4d921933d9913ae640a6ed2e0280b18e47cf,VERIFIED_PRIMARY,"two extractors agree (PyMuPDF, markitdown; sequence) + page image check"
2.8+2506,IR,delta_tenor_corr,1m,6m,0.72,fraction,"ISDA SIMM Methodology v2.8+2506 (based on v2.8+2506.1, 14 October 2025)",2.8+2506,2025-12-06,D.2,36,correlation matrix for aggregated weighted sensitivities or risk exposures (row 1m),15,https://www.isda.org/a/f2RgE/ISDA-SIMM_v2.82506_PUBLIC.pdf,2026-10-02,6d39aa13282428baffc684274d8b4d921933d9913ae640a6ed2e0280b18e47cf,VERIFIED_PRIMARY,"two extractors agree (PyMuPDF, markitdown; sequence) + page image check"
2.8+2506,IR,delta_tenor_corr,1m,1y,0.5,fraction,"ISDA SIMM Methodology v2.8+2506 (based on v2.8+2506.1, 14 October 2025)",2.8+2506,2025-12-06,D.2,36,correlation matrix for aggregated weighted sensitivities or risk exposures (row 1m),15,https://www.isda.org/a/f2RgE/ISDA-SIMM_v2.82506_PUBLIC.pdf,2026-10-02,6d39aa13282428baffc684274d8b4d921933d9913ae640a6ed2e0280b18e47cf,VERIFIED_PRIMARY,"two extractors agree (PyMuPDF, markitdown; sequence) + page image check"
2.8+2506,IR,delta_tenor_corr,1m,2y,0.36,fraction,"ISDA SIMM Methodology v2.8+2506 (based on v2.8+2506.1, 14 October 2025)",2.8+2506,2025-12-06,D.2,36,correlation matrix for aggregated weighted sensitivities or risk exposures (row 1m),15,https://www.isda.org/a/f2RgE/ISDA-SIMM_v2.82506_PUBLIC.pdf,2026-10-02,6d39aa13282428baffc684274d8b4d921933d9913ae640a6ed2e0280b18e47cf,VERIFIED_PRIMARY,"two extractors agree (PyMuPDF, markitdown; sequence) + page image check"
2.8+2506,IR,delta_tenor_corr,1m,3y,0.3,fraction,"ISDA SIMM Methodology v2.8+2506 (based on v2.8+2506.1, 14 October 2025)",2.8+2506,2025-12-06,D.2,36,correlation matrix for aggregated weighted sensitivities or risk exposures (row 1m),15,https://www.isda.org/a/f2RgE/ISDA-SIMM_v2.82506_PUBLIC.pdf,2026-10-02,6d39aa13282428baffc684274d8b4d921933d9913ae640a6ed2e0280b18e47cf,VERIFIED_PRIMARY,"two extractors agree (PyMuPDF, markitdown; sequence) + page image check"
2.8+2506,IR,delta_tenor_corr,1m,5y,0.25,fraction,"ISDA SIMM Methodology v2.8+2506 (based on v2.8+2506.1, 14 October 2025)",2.8+2506,2025-12-06,D.2,36,correlation matrix for aggregated weighted sensitivities or risk exposures (row 1m),15,https://www.isda.org/a/f2RgE/ISDA-SIMM_v2.82506_PUBLIC.pdf,2026-10-02,6d39aa13282428baffc684274d8b4d921933d9913ae640a6ed2e0280b18e47cf,VERIFIED_PRIMARY,"two extractors agree (PyMuPDF, markitdown; sequence) + page image check"
2.8+2506,IR,delta_tenor_corr,1m,10y,0.2,fraction,"ISDA SIMM Methodology v2.8+2506 (based on v2.8+2506.1, 14 October 2025)",2.8+2506,2025-12-06,D.2,36,correlation matrix for aggregated weighted sensitivities or risk exposures (row 1m),15,https://www.isda.org/a/f2RgE/ISDA-SIMM_v2.82506_PUBLIC.pdf,2026-10-02,6d39aa13282428baffc684274d8b4d921933d9913ae640a6ed2e0280b18e47cf,VERIFIED_PRIMARY,"two extractors agree (PyMuPDF, markitdown; sequence) + page image check"
2.8+2506,IR,delta_tenor_corr,1m,15y,0.16,fraction,"ISDA SIMM Methodology v2.8+2506 (based on v2.8+2506.1, 14 October 2025)",2.8+2506,2025-12-06,D.2,36,correlation matrix for aggregated weighted sensitivities or risk exposures (row 1m),15,https://www.isda.org/a/f2RgE/ISDA-SIMM_v2.82506_PUBLIC.pdf,2026-10-02,6d39aa13282428baffc684274d8b4d921933d9913ae640a6ed2e0280b18e47cf,VERIFIED_PRIMARY,"two extractors agree (PyMuPDF, markitdown; sequence) + page image check"
2.8+2506,IR,delta_tenor_corr,1m,20y,0.14,fraction,"ISDA SIMM Methodology v2.8+2506 (based on v2.8+2506.1, 14 October 2025)",2.8+2506,2025-12-06,D.2,36,correlation matrix for aggregated weighted sensitivities or risk exposures (row 1m),15,https://www.isda.org/a/f2RgE/ISDA-SIMM_v2.82506_PUBLIC.pdf,2026-10-02,6d39aa13282428baffc684274d8b4d921933d9913ae640a6ed2e0280b18e47cf,VERIFIED_PRIMARY,"two extractors agree (PyMuPDF, markitdown; sequence) + page image check"
2.8+2506,IR,delta_tenor_corr,1m,30y,0.14,fraction,"ISDA SIMM Methodology v2.8+2506 (based on v2.8+2506.1, 14 October 2025)",2.8+2506,2025-12-06,D.2,36,correlation matrix for aggregated weighted sensitivities or risk exposures (row 1m),15,https://www.isda.org/a/f2RgE/ISDA-SIMM_v2.82506_PUBLIC.pdf,2026-10-02,6d39aa13282428baffc684274d8b4d921933d9913ae640a6ed2e0280b18e47cf,VERIFIED_PRIMARY,"two extractors agree (PyMuPDF, markitdown; sequence) + page image check"
2.8+2506,IR,delta_tenor_corr,3m,2w,0.65,fraction,"ISDA SIMM Methodology v2.8+2506 (based on v2.8+2506.1, 14 October 2025)",2.8+2506,2025-12-06,D.2,36,correlation matrix for aggregated weighted sensitivities or risk exposures (row 3m),15,https://www.isda.org/a/f2RgE/ISDA-SIMM_v2.82506_PUBLIC.pdf,2026-10-02,6d39aa13282428baffc684274d8b4d921933d9913ae640a6ed2e0280b18e47cf,VERIFIED_PRIMARY,"two extractors agree (PyMuPDF, markitdown; sequence) + page image check"
2.8+2506,IR,delta_tenor_corr,3m,1m,0.85,fraction,"ISDA SIMM Methodology v2.8+2506 (based on v2.8+2506.1, 14 October 2025)",2.8+2506,2025-12-06,D.2,36,correlation matrix for aggregated weighted sensitivities or risk exposures (row 3m),15,https://www.isda.org/a/f2RgE/ISDA-SIMM_v2.82506_PUBLIC.pdf,2026-10-02,6d39aa13282428baffc684274d8b4d921933d9913ae640a6ed2e0280b18e47cf,VERIFIED_PRIMARY,"two extractors agree (PyMuPDF, markitdown; sequence) + page image check"
2.8+2506,IR,delta_tenor_corr,3m,3m,1,fraction,"ISDA SIMM Methodology v2.8+2506 (based on v2.8+2506.1, 14 October 2025)",2.8+2506,2025-12-06,D.2,36,correlation matrix for aggregated weighted sensitivities or risk exposures (row 3m),15,https://www.isda.org/a/f2RgE/ISDA-SIMM_v2.82506_PUBLIC.pdf,2026-10-02,6d39aa13282428baffc684274d8b4d921933d9913ae640a6ed2e0280b18e47cf,VERIFIED_PRIMARY,"two extractors agree (PyMuPDF, markitdown; sequence) + page image check; diagonal blank in source, 1 by definition"
2.8+2506,IR,delta_tenor_corr,3m,6m,0.9,fraction,"ISDA SIMM Methodology v2.8+2506 (based on v2.8+2506.1, 14 October 2025)",2.8+2506,2025-12-06,D.2,36,correlation matrix for aggregated weighted sensitivities or risk exposures (row 3m),15,https://www.isda.org/a/f2RgE/ISDA-SIMM_v2.82506_PUBLIC.pdf,2026-10-02,6d39aa13282428baffc684274d8b4d921933d9913ae640a6ed2e0280b18e47cf,VERIFIED_PRIMARY,"two extractors agree (PyMuPDF, markitdown; sequence) + page image check"
2.8+2506,IR,delta_tenor_corr,3m,1y,0.69,fraction,"ISDA SIMM Methodology v2.8+2506 (based on v2.8+2506.1, 14 October 2025)",2.8+2506,2025-12-06,D.2,36,correlation matrix for aggregated weighted sensitivities or risk exposures (row 3m),15,https://www.isda.org/a/f2RgE/ISDA-SIMM_v2.82506_PUBLIC.pdf,2026-10-02,6d39aa13282428baffc684274d8b4d921933d9913ae640a6ed2e0280b18e47cf,VERIFIED_PRIMARY,"two extractors agree (PyMuPDF, markitdown; sequence) + page image check"
2.8+2506,IR,delta_tenor_corr,3m,2y,0.53,fraction,"ISDA SIMM Methodology v2.8+2506 (based on v2.8+2506.1, 14 October 2025)",2.8+2506,2025-12-06,D.2,36,correlation matrix for aggregated weighted sensitivities or risk exposures (row 3m),15,https://www.isda.org/a/f2RgE/ISDA-SIMM_v2.82506_PUBLIC.pdf,2026-10-02,6d39aa13282428baffc684274d8b4d921933d9913ae640a6ed2e0280b18e47cf,VERIFIED_PRIMARY,"two extractors agree (PyMuPDF, markitdown; sequence) + page image check"
2.8+2506,IR,delta_tenor_corr,3m,3y,0.46,fraction,"ISDA SIMM Methodology v2.8+2506 (based on v2.8+2506.1, 14 October 2025)",2.8+2506,2025-12-06,D.2,36,correlation matrix for aggregated weighted sensitivities or risk exposures (row 3m),15,https://www.isda.org/a/f2RgE/ISDA-SIMM_v2.82506_PUBLIC.pdf,2026-10-02,6d39aa13282428baffc684274d8b4d921933d9913ae640a6ed2e0280b18e47cf,VERIFIED_PRIMARY,"two extractors agree (PyMuPDF, markitdown; sequence) + page image check"
2.8+2506,IR,delta_tenor_corr,3m,5y,0.4,fraction,"ISDA SIMM Methodology v2.8+2506 (based on v2.8+2506.1, 14 October 2025)",2.8+2506,2025-12-06,D.2,36,correlation matrix for aggregated weighted sensitivities or risk exposures (row 3m),15,https://www.isda.org/a/f2RgE/ISDA-SIMM_v2.82506_PUBLIC.pdf,2026-10-02,6d39aa13282428baffc684274d8b4d921933d9913ae640a6ed2e0280b18e47cf,VERIFIED_PRIMARY,"two extractors agree (PyMuPDF, markitdown; sequence) + page image check"
2.8+2506,IR,delta_tenor_corr,3m,10y,0.34,fraction,"ISDA SIMM Methodology v2.8+2506 (based on v2.8+2506.1, 14 October 2025)",2.8+2506,2025-12-06,D.2,36,correlation matrix for aggregated weighted sensitivities or risk exposures (row 3m),15,https://www.isda.org/a/f2RgE/ISDA-SIMM_v2.82506_PUBLIC.pdf,2026-10-02,6d39aa13282428baffc684274d8b4d921933d9913ae640a6ed2e0280b18e47cf,VERIFIED_PRIMARY,"two extractors agree (PyMuPDF, markitdown; sequence) + page image check"
2.8+2506,IR,delta_tenor_corr,3m,15y,0.27,fraction,"ISDA SIMM Methodology v2.8+2506 (based on v2.8+2506.1, 14 October 2025)",2.8+2506,2025-12-06,D.2,36,correlation matrix for aggregated weighted sensitivities or risk exposures (row 3m),15,https://www.isda.org/a/f2RgE/ISDA-SIMM_v2.82506_PUBLIC.pdf,2026-10-02,6d39aa13282428baffc684274d8b4d921933d9913ae640a6ed2e0280b18e47cf,VERIFIED_PRIMARY,"two extractors agree (PyMuPDF, markitdown; sequence) + page image check"
2.8+2506,IR,delta_tenor_corr,3m,20y,0.25,fraction,"ISDA SIMM Methodology v2.8+2506 (based on v2.8+2506.1, 14 October 2025)",2.8+2506,2025-12-06,D.2,36,correlation matrix for aggregated weighted sensitivities or risk exposures (row 3m),15,https://www.isda.org/a/f2RgE/ISDA-SIMM_v2.82506_PUBLIC.pdf,2026-10-02,6d39aa13282428baffc684274d8b4d921933d9913ae640a6ed2e0280b18e47cf,VERIFIED_PRIMARY,"two extractors agree (PyMuPDF, markitdown; sequence) + page image check"
2.8+2506,IR,delta_tenor_corr,3m,30y,0.25,fraction,"ISDA SIMM Methodology v2.8+2506 (based on v2.8+2506.1, 14 October 2025)",2.8+2506,2025-12-06,D.2,36,correlation matrix for aggregated weighted sensitivities or risk exposures (row 3m),15,https://www.isda.org/a/f2RgE/ISDA-SIMM_v2.82506_PUBLIC.pdf,2026-10-02,6d39aa13282428baffc684274d8b4d921933d9913ae640a6ed2e0280b18e47cf,VERIFIED_PRIMARY,"two extractors agree (PyMuPDF, markitdown; sequence) + page image check"
2.8+2506,IR,delta_tenor_corr,6m,2w,0.54,fraction,"ISDA SIMM Methodology v2.8+2506 (based on v2.8+2506.1, 14 October 2025)",2.8+2506,2025-12-06,D.2,36,correlation matrix for aggregated weighted sensitivities or risk exposures (row 6m),15,https://www.isda.org/a/f2RgE/ISDA-SIMM_v2.82506_PUBLIC.pdf,2026-10-02,6d39aa13282428baffc684274d8b4d921933d9913ae640a6ed2e0280b18e47cf,VERIFIED_PRIMARY,"two extractors agree (PyMuPDF, markitdown; sequence) + page image check"
2.8+2506,IR,delta_tenor_corr,6m,1m,0.72,fraction,"ISDA SIMM Methodology v2.8+2506 (based on v2.8+2506.1, 14 October 2025)",2.8+2506,2025-12-06,D.2,36,correlation matrix for aggregated weighted sensitivities or risk exposures (row 6m),15,https://www.isda.org/a/f2RgE/ISDA-SIMM_v2.82506_PUBLIC.pdf,2026-10-02,6d39aa13282428baffc684274d8b4d921933d9913ae640a6ed2e0280b18e47cf,VERIFIED_PRIMARY,"two extractors agree (PyMuPDF, markitdown; sequence) + page image check"
2.8+2506,IR,delta_tenor_corr,6m,3m,0.9,fraction,"ISDA SIMM Methodology v2.8+2506 (based on v2.8+2506.1, 14 October 2025)",2.8+2506,2025-12-06,D.2,36,correlation matrix for aggregated weighted sensitivities or risk exposures (row 6m),15,https://www.isda.org/a/f2RgE/ISDA-SIMM_v2.82506_PUBLIC.pdf,2026-10-02,6d39aa13282428baffc684274d8b4d921933d9913ae640a6ed2e0280b18e47cf,VERIFIED_PRIMARY,"two extractors agree (PyMuPDF, markitdown; sequence) + page image check"
2.8+2506,IR,delta_tenor_corr,6m,6m,1,fraction,"ISDA SIMM Methodology v2.8+2506 (based on v2.8+2506.1, 14 October 2025)",2.8+2506,2025-12-06,D.2,36,correlation matrix for aggregated weighted sensitivities or risk exposures (row 6m),15,https://www.isda.org/a/f2RgE/ISDA-SIMM_v2.82506_PUBLIC.pdf,2026-10-02,6d39aa13282428baffc684274d8b4d921933d9913ae640a6ed2e0280b18e47cf,VERIFIED_PRIMARY,"two extractors agree (PyMuPDF, markitdown; sequence) + page image check; diagonal blank in source, 1 by definition"
2.8+2506,IR,delta_tenor_corr,6m,1y,0.86,fraction,"ISDA SIMM Methodology v2.8+2506 (based on v2.8+2506.1, 14 October 2025)",2.8+2506,2025-12-06,D.2,36,correlation matrix for aggregated weighted sensitivities or risk exposures (row 6m),15,https://www.isda.org/a/f2RgE/ISDA-SIMM_v2.82506_PUBLIC.pdf,2026-10-02,6d39aa13282428baffc684274d8b4d921933d9913ae640a6ed2e0280b18e47cf,VERIFIED_PRIMARY,"two extractors agree (PyMuPDF, markitdown; sequence) + page image check"
2.8+2506,IR,delta_tenor_corr,6m,2y,0.73,fraction,"ISDA SIMM Methodology v2.8+2506 (based on v2.8+2506.1, 14 October 2025)",2.8+2506,2025-12-06,D.2,36,correlation matrix for aggregated weighted sensitivities or risk exposures (row 6m),15,https://www.isda.org/a/f2RgE/ISDA-SIMM_v2.82506_PUBLIC.pdf,2026-10-02,6d39aa13282428baffc684274d8b4d921933d9913ae640a6ed2e0280b18e47cf,VERIFIED_PRIMARY,"two extractors agree (PyMuPDF, markitdown; sequence) + page image check"
2.8+2506,IR,delta_tenor_corr,6m,3y,0.65,fraction,"ISDA SIMM Methodology v2.8+2506 (based on v2.8+2506.1, 14 October 2025)",2.8+2506,2025-12-06,D.2,36,correlation matrix for aggregated weighted sensitivities or risk exposures (row 6m),15,https://www.isda.org/a/f2RgE/ISDA-SIMM_v2.82506_PUBLIC.pdf,2026-10-02,6d39aa13282428baffc684274d8b4d921933d9913ae640a6ed2e0280b18e47cf,VERIFIED_PRIMARY,"two extractors agree (PyMuPDF, markitdown; sequence) + page image check"
2.8+2506,IR,delta_tenor_corr,6m,5y,0.58,fraction,"ISDA SIMM Methodology v2.8+2506 (based on v2.8+2506.1, 14 October 2025)",2.8+2506,2025-12-06,D.2,36,correlation matrix for aggregated weighted sensitivities or risk exposures (row 6m),15,https://www.isda.org/a/f2RgE/ISDA-SIMM_v2.82506_PUBLIC.pdf,2026-10-02,6d39aa13282428baffc684274d8b4d921933d9913ae640a6ed2e0280b18e47cf,VERIFIED_PRIMARY,"two extractors agree (PyMuPDF, markitdown; sequence) + page image check"
2.8+2506,IR,delta_tenor_corr,6m,10y,0.52,fraction,"ISDA SIMM Methodology v2.8+2506 (based on v2.8+2506.1, 14 October 2025)",2.8+2506,2025-12-06,D.2,36,correlation matrix for aggregated weighted sensitivities or risk exposures (row 6m),15,https://www.isda.org/a/f2RgE/ISDA-SIMM_v2.82506_PUBLIC.pdf,2026-10-02,6d39aa13282428baffc684274d8b4d921933d9913ae640a6ed2e0280b18e47cf,VERIFIED_PRIMARY,"two extractors agree (PyMuPDF, markitdown; sequence) + page image check"
2.8+2506,IR,delta_tenor_corr,6m,15y,0.47,fraction,"ISDA SIMM Methodology v2.8+2506 (based on v2.8+2506.1, 14 October 2025)",2.8+2506,2025-12-06,D.2,36,correlation matrix for aggregated weighted sensitivities or risk exposures (row 6m),15,https://www.isda.org/a/f2RgE/ISDA-SIMM_v2.82506_PUBLIC.pdf,2026-10-02,6d39aa13282428baffc684274d8b4d921933d9913ae640a6ed2e0280b18e47cf,VERIFIED_PRIMARY,"two extractors agree (PyMuPDF, markitdown; sequence) + page image check"
2.8+2506,IR,delta_tenor_corr,6m,20y,0.44,fraction,"ISDA SIMM Methodology v2.8+2506 (based on v2.8+2506.1, 14 October 2025)",2.8+2506,2025-12-06,D.2,36,correlation matrix for aggregated weighted sensitivities or risk exposures (row 6m),15,https://www.isda.org/a/f2RgE/ISDA-SIMM_v2.82506_PUBLIC.pdf,2026-10-02,6d39aa13282428baffc684274d8b4d921933d9913ae640a6ed2e0280b18e47cf,VERIFIED_PRIMARY,"two extractors agree (PyMuPDF, markitdown; sequence) + page image check"
2.8+2506,IR,delta_tenor_corr,6m,30y,0.42,fraction,"ISDA SIMM Methodology v2.8+2506 (based on v2.8+2506.1, 14 October 2025)",2.8+2506,2025-12-06,D.2,36,correlation matrix for aggregated weighted sensitivities or risk exposures (row 6m),15,https://www.isda.org/a/f2RgE/ISDA-SIMM_v2.82506_PUBLIC.pdf,2026-10-02,6d39aa13282428baffc684274d8b4d921933d9913ae640a6ed2e0280b18e47cf,VERIFIED_PRIMARY,"two extractors agree (PyMuPDF, markitdown; sequence) + page image check"
2.8+2506,IR,delta_tenor_corr,1y,2w,0.4,fraction,"ISDA SIMM Methodology v2.8+2506 (based on v2.8+2506.1, 14 October 2025)",2.8+2506,2025-12-06,D.2,36,correlation matrix for aggregated weighted sensitivities or risk exposures (row 1y),15,https://www.isda.org/a/f2RgE/ISDA-SIMM_v2.82506_PUBLIC.pdf,2026-10-02,6d39aa13282428baffc684274d8b4d921933d9913ae640a6ed2e0280b18e47cf,VERIFIED_PRIMARY,"two extractors agree (PyMuPDF, markitdown; sequence) + page image check"
2.8+2506,IR,delta_tenor_corr,1y,1m,0.5,fraction,"ISDA SIMM Methodology v2.8+2506 (based on v2.8+2506.1, 14 October 2025)",2.8+2506,2025-12-06,D.2,36,correlation matrix for aggregated weighted sensitivities or risk exposures (row 1y),15,https://www.isda.org/a/f2RgE/ISDA-SIMM_v2.82506_PUBLIC.pdf,2026-10-02,6d39aa13282428baffc684274d8b4d921933d9913ae640a6ed2e0280b18e47cf,VERIFIED_PRIMARY,"two extractors agree (PyMuPDF, markitdown; sequence) + page image check"
2.8+2506,IR,delta_tenor_corr,1y,3m,0.69,fraction,"ISDA SIMM Methodology v2.8+2506 (based on v2.8+2506.1, 14 October 2025)",2.8+2506,2025-12-06,D.2,36,correlation matrix for aggregated weighted sensitivities or risk exposures (row 1y),15,https://www.isda.org/a/f2RgE/ISDA-SIMM_v2.82506_PUBLIC.pdf,2026-10-02,6d39aa13282428baffc684274d8b4d921933d9913ae640a6ed2e0280b18e47cf,VERIFIED_PRIMARY,"two extractors agree (PyMuPDF, markitdown; sequence) + page image check"
2.8+2506,IR,delta_tenor_corr,1y,6m,0.86,fraction,"ISDA SIMM Methodology v2.8+2506 (based on v2.8+2506.1, 14 October 2025)",2.8+2506,2025-12-06,D.2,36,correlation matrix for aggregated weighted sensitivities or risk exposures (row 1y),15,https://www.isda.org/a/f2RgE/ISDA-SIMM_v2.82506_PUBLIC.pdf,2026-10-02,6d39aa13282428baffc684274d8b4d921933d9913ae640a6ed2e0280b18e47cf,VERIFIED_PRIMARY,"two extractors agree (PyMuPDF, markitdown; sequence) + page image check"
2.8+2506,IR,delta_tenor_corr,1y,1y,1,fraction,"ISDA SIMM Methodology v2.8+2506 (based on v2.8+2506.1, 14 October 2025)",2.8+2506,2025-12-06,D.2,36,correlation matrix for aggregated weighted sensitivities or risk exposures (row 1y),15,https://www.isda.org/a/f2RgE/ISDA-SIMM_v2.82506_PUBLIC.pdf,2026-10-02,6d39aa13282428baffc684274d8b4d921933d9913ae640a6ed2e0280b18e47cf,VERIFIED_PRIMARY,"two extractors agree (PyMuPDF, markitdown; sequence) + page image check; diagonal blank in source, 1 by definition"
2.8+2506,IR,delta_tenor_corr,1y,2y,0.94,fraction,"ISDA SIMM Methodology v2.8+2506 (based on v2.8+2506.1, 14 October 2025)",2.8+2506,2025-12-06,D.2,36,correlation matrix for aggregated weighted sensitivities or risk exposures (row 1y),15,https://www.isda.org/a/f2RgE/ISDA-SIMM_v2.82506_PUBLIC.pdf,2026-10-02,6d39aa13282428baffc684274d8b4d921933d9913ae640a6ed2e0280b18e47cf,VERIFIED_PRIMARY,"two extractors agree (PyMuPDF, markitdown; sequence) + page image check"
2.8+2506,IR,delta_tenor_corr,1y,3y,0.87,fraction,"ISDA SIMM Methodology v2.8+2506 (based on v2.8+2506.1, 14 October 2025)",2.8+2506,2025-12-06,D.2,36,correlation matrix for aggregated weighted sensitivities or risk exposures (row 1y),15,https://www.isda.org/a/f2RgE/ISDA-SIMM_v2.82506_PUBLIC.pdf,2026-10-02,6d39aa13282428baffc684274d8b4d921933d9913ae640a6ed2e0280b18e47cf,VERIFIED_PRIMARY,"two extractors agree (PyMuPDF, markitdown; sequence) + page image check"
2.8+2506,IR,delta_tenor_corr,1y,5y,0.81,fraction,"ISDA SIMM Methodology v2.8+2506 (based on v2.8+2506.1, 14 October 2025)",2.8+2506,2025-12-06,D.2,36,correlation matrix for aggregated weighted sensitivities or risk exposures (row 1y),15,https://www.isda.org/a/f2RgE/ISDA-SIMM_v2.82506_PUBLIC.pdf,2026-10-02,6d39aa13282428baffc684274d8b4d921933d9913ae640a6ed2e0280b18e47cf,VERIFIED_PRIMARY,"two extractors agree (PyMuPDF, markitdown; sequence) + page image check"
2.8+2506,IR,delta_tenor_corr,1y,10y,0.73,fraction,"ISDA SIMM Methodology v2.8+2506 (based on v2.8+2506.1, 14 October 2025)",2.8+2506,2025-12-06,D.2,36,correlation matrix for aggregated weighted sensitivities or risk exposures (row 1y),15,https://www.isda.org/a/f2RgE/ISDA-SIMM_v2.82506_PUBLIC.pdf,2026-10-02,6d39aa13282428baffc684274d8b4d921933d9913ae640a6ed2e0280b18e47cf,VERIFIED_PRIMARY,"two extractors agree (PyMuPDF, markitdown; sequence) + page image check"
2.8+2506,IR,delta_tenor_corr,1y,15y,0.69,fraction,"ISDA SIMM Methodology v2.8+2506 (based on v2.8+2506.1, 14 October 2025)",2.8+2506,2025-12-06,D.2,36,correlation matrix for aggregated weighted sensitivities or risk exposures (row 1y),15,https://www.isda.org/a/f2RgE/ISDA-SIMM_v2.82506_PUBLIC.pdf,2026-10-02,6d39aa13282428baffc684274d8b4d921933d9913ae640a6ed2e0280b18e47cf,VERIFIED_PRIMARY,"two extractors agree (PyMuPDF, markitdown; sequence) + page image check"
2.8+2506,IR,delta_tenor_corr,1y,20y,0.64,fraction,"ISDA SIMM Methodology v2.8+2506 (based on v2.8+2506.1, 14 October 2025)",2.8+2506,2025-12-06,D.2,36,correlation matrix for aggregated weighted sensitivities or risk exposures (row 1y),15,https://www.isda.org/a/f2RgE/ISDA-SIMM_v2.82506_PUBLIC.pdf,2026-10-02,6d39aa13282428baffc684274d8b4d921933d9913ae640a6ed2e0280b18e47cf,VERIFIED_PRIMARY,"two extractors agree (PyMuPDF, markitdown; sequence) + page image check"
2.8+2506,IR,delta_tenor_corr,1y,30y,0.63,fraction,"ISDA SIMM Methodology v2.8+2506 (based on v2.8+2506.1, 14 October 2025)",2.8+2506,2025-12-06,D.2,36,correlation matrix for aggregated weighted sensitivities or risk exposures (row 1y),15,https://www.isda.org/a/f2RgE/ISDA-SIMM_v2.82506_PUBLIC.pdf,2026-10-02,6d39aa13282428baffc684274d8b4d921933d9913ae640a6ed2e0280b18e47cf,VERIFIED_PRIMARY,"two extractors agree (PyMuPDF, markitdown; sequence) + page image check"
2.8+2506,IR,delta_tenor_corr,2y,2w,0.29,fraction,"ISDA SIMM Methodology v2.8+2506 (based on v2.8+2506.1, 14 October 2025)",2.8+2506,2025-12-06,D.2,36,correlation matrix for aggregated weighted sensitivities or risk exposures (row 2y),15,https://www.isda.org/a/f2RgE/ISDA-SIMM_v2.82506_PUBLIC.pdf,2026-10-02,6d39aa13282428baffc684274d8b4d921933d9913ae640a6ed2e0280b18e47cf,VERIFIED_PRIMARY,"two extractors agree (PyMuPDF, markitdown; sequence) + page image check"
2.8+2506,IR,delta_tenor_corr,2y,1m,0.36,fraction,"ISDA SIMM Methodology v2.8+2506 (based on v2.8+2506.1, 14 October 2025)",2.8+2506,2025-12-06,D.2,36,correlation matrix for aggregated weighted sensitivities or risk exposures (row 2y),15,https://www.isda.org/a/f2RgE/ISDA-SIMM_v2.82506_PUBLIC.pdf,2026-10-02,6d39aa13282428baffc684274d8b4d921933d9913ae640a6ed2e0280b18e47cf,VERIFIED_PRIMARY,"two extractors agree (PyMuPDF, markitdown; sequence) + page image check"
2.8+2506,IR,delta_tenor_corr,2y,3m,0.53,fraction,"ISDA SIMM Methodology v2.8+2506 (based on v2.8+2506.1, 14 October 2025)",2.8+2506,2025-12-06,D.2,36,correlation matrix for aggregated weighted sensitivities or risk exposures (row 2y),15,https://www.isda.org/a/f2RgE/ISDA-SIMM_v2.82506_PUBLIC.pdf,2026-10-02,6d39aa13282428baffc684274d8b4d921933d9913ae640a6ed2e0280b18e47cf,VERIFIED_PRIMARY,"two extractors agree (PyMuPDF, markitdown; sequence) + page image check"
2.8+2506,IR,delta_tenor_corr,2y,6m,0.73,fraction,"ISDA SIMM Methodology v2.8+2506 (based on v2.8+2506.1, 14 October 2025)",2.8+2506,2025-12-06,D.2,36,correlation matrix for aggregated weighted sensitivities or risk exposures (row 2y),15,https://www.isda.org/a/f2RgE/ISDA-SIMM_v2.82506_PUBLIC.pdf,2026-10-02,6d39aa13282428baffc684274d8b4d921933d9913ae640a6ed2e0280b18e47cf,VERIFIED_PRIMARY,"two extractors agree (PyMuPDF, markitdown; sequence) + page image check"
2.8+2506,IR,delta_tenor_corr,2y,1y,0.94,fraction,"ISDA SIMM Methodology v2.8+2506 (based on v2.8+2506.1, 14 October 2025)",2.8+2506,2025-12-06,D.2,36,correlation matrix for aggregated weighted sensitivities or risk exposures (row 2y),15,https://www.isda.org/a/f2RgE/ISDA-SIMM_v2.82506_PUBLIC.pdf,2026-10-02,6d39aa13282428baffc684274d8b4d921933d9913ae640a6ed2e0280b18e47cf,VERIFIED_PRIMARY,"two extractors agree (PyMuPDF, markitdown; sequence) + page image check"
2.8+2506,IR,delta_tenor_corr,2y,2y,1,fraction,"ISDA SIMM Methodology v2.8+2506 (based on v2.8+2506.1, 14 October 2025)",2.8+2506,2025-12-06,D.2,36,correlation matrix for aggregated weighted sensitivities or risk exposures (row 2y),15,https://www.isda.org/a/f2RgE/ISDA-SIMM_v2.82506_PUBLIC.pdf,2026-10-02,6d39aa13282428baffc684274d8b4d921933d9913ae640a6ed2e0280b18e47cf,VERIFIED_PRIMARY,"two extractors agree (PyMuPDF, markitdown; sequence) + page image check; diagonal blank in source, 1 by definition"
2.8+2506,IR,delta_tenor_corr,2y,3y,0.97,fraction,"ISDA SIMM Methodology v2.8+2506 (based on v2.8+2506.1, 14 October 2025)",2.8+2506,2025-12-06,D.2,36,correlation matrix for aggregated weighted sensitivities or risk exposures (row 2y),15,https://www.isda.org/a/f2RgE/ISDA-SIMM_v2.82506_PUBLIC.pdf,2026-10-02,6d39aa13282428baffc684274d8b4d921933d9913ae640a6ed2e0280b18e47cf,VERIFIED_PRIMARY,"two extractors agree (PyMuPDF, markitdown; sequence) + page image check"
2.8+2506,IR,delta_tenor_corr,2y,5y,0.92,fraction,"ISDA SIMM Methodology v2.8+2506 (based on v2.8+2506.1, 14 October 2025)",2.8+2506,2025-12-06,D.2,36,correlation matrix for aggregated weighted sensitivities or risk exposures (row 2y),15,https://www.isda.org/a/f2RgE/ISDA-SIMM_v2.82506_PUBLIC.pdf,2026-10-02,6d39aa13282428baffc684274d8b4d921933d9913ae640a6ed2e0280b18e47cf,VERIFIED_PRIMARY,"two extractors agree (PyMuPDF, markitdown; sequence) + page image check"
2.8+2506,IR,delta_tenor_corr,2y,10y,0.86,fraction,"ISDA SIMM Methodology v2.8+2506 (based on v2.8+2506.1, 14 October 2025)",2.8+2506,2025-12-06,D.2,36,correlation matrix for aggregated weighted sensitivities or risk exposures (row 2y),15,https://www.isda.org/a/f2RgE/ISDA-SIMM_v2.82506_PUBLIC.pdf,2026-10-02,6d39aa13282428baffc684274d8b4d921933d9913ae640a6ed2e0280b18e47cf,VERIFIED_PRIMARY,"two extractors agree (PyMuPDF, markitdown; sequence) + page image check"
2.8+2506,IR,delta_tenor_corr,2y,15y,0.82,fraction,"ISDA SIMM Methodology v2.8+2506 (based on v2.8+2506.1, 14 October 2025)",2.8+2506,2025-12-06,D.2,36,correlation matrix for aggregated weighted sensitivities or risk exposures (row 2y),15,https://www.isda.org/a/f2RgE/ISDA-SIMM_v2.82506_PUBLIC.pdf,2026-10-02,6d39aa13282428baffc684274d8b4d921933d9913ae640a6ed2e0280b18e47cf,VERIFIED_PRIMARY,"two extractors agree (PyMuPDF, markitdown; sequence) + page image check"
2.8+2506,IR,delta_tenor_corr,2y,20y,0.77,fraction,"ISDA SIMM Methodology v2.8+2506 (based on v2.8+2506.1, 14 October 2025)",2.8+2506,2025-12-06,D.2,36,correlation matrix for aggregated weighted sensitivities or risk exposures (row 2y),15,https://www.isda.org/a/f2RgE/ISDA-SIMM_v2.82506_PUBLIC.pdf,2026-10-02,6d39aa13282428baffc684274d8b4d921933d9913ae640a6ed2e0280b18e47cf,VERIFIED_PRIMARY,"two extractors agree (PyMuPDF, markitdown; sequence) + page image check"
2.8+2506,IR,delta_tenor_corr,2y,30y,0.76,fraction,"ISDA SIMM Methodology v2.8+2506 (based on v2.8+2506.1, 14 October 2025)",2.8+2506,2025-12-06,D.2,36,correlation matrix for aggregated weighted sensitivities or risk exposures (row 2y),15,https://www.isda.org/a/f2RgE/ISDA-SIMM_v2.82506_PUBLIC.pdf,2026-10-02,6d39aa13282428baffc684274d8b4d921933d9913ae640a6ed2e0280b18e47cf,VERIFIED_PRIMARY,"two extractors agree (PyMuPDF, markitdown; sequence) + page image check"
2.8+2506,IR,delta_tenor_corr,3y,2w,0.25,fraction,"ISDA SIMM Methodology v2.8+2506 (based on v2.8+2506.1, 14 October 2025)",2.8+2506,2025-12-06,D.2,36,correlation matrix for aggregated weighted sensitivities or risk exposures (row 3y),15,https://www.isda.org/a/f2RgE/ISDA-SIMM_v2.82506_PUBLIC.pdf,2026-10-02,6d39aa13282428baffc684274d8b4d921933d9913ae640a6ed2e0280b18e47cf,VERIFIED_PRIMARY,"two extractors agree (PyMuPDF, markitdown; sequence) + page image check"
2.8+2506,IR,delta_tenor_corr,3y,1m,0.3,fraction,"ISDA SIMM Methodology v2.8+2506 (based on v2.8+2506.1, 14 October 2025)",2.8+2506,2025-12-06,D.2,36,correlation matrix for aggregated weighted sensitivities or risk exposures (row 3y),15,https://www.isda.org/a/f2RgE/ISDA-SIMM_v2.82506_PUBLIC.pdf,2026-10-02,6d39aa13282428baffc684274d8b4d921933d9913ae640a6ed2e0280b18e47cf,VERIFIED_PRIMARY,"two extractors agree (PyMuPDF, markitdown; sequence) + page image check"
2.8+2506,IR,delta_tenor_corr,3y,3m,0.46,fraction,"ISDA SIMM Methodology v2.8+2506 (based on v2.8+2506.1, 14 October 2025)",2.8+2506,2025-12-06,D.2,36,correlation matrix for aggregated weighted sensitivities or risk exposures (row 3y),15,https://www.isda.org/a/f2RgE/ISDA-SIMM_v2.82506_PUBLIC.pdf,2026-10-02,6d39aa13282428baffc684274d8b4d921933d9913ae640a6ed2e0280b18e47cf,VERIFIED_PRIMARY,"two extractors agree (PyMuPDF, markitdown; sequence) + page image check"
2.8+2506,IR,delta_tenor_corr,3y,6m,0.65,fraction,"ISDA SIMM Methodology v2.8+2506 (based on v2.8+2506.1, 14 October 2025)",2.8+2506,2025-12-06,D.2,36,correlation matrix for aggregated weighted sensitivities or risk exposures (row 3y),15,https://www.isda.org/a/f2RgE/ISDA-SIMM_v2.82506_PUBLIC.pdf,2026-10-02,6d39aa13282428baffc684274d8b4d921933d9913ae640a6ed2e0280b18e47cf,VERIFIED_PRIMARY,"two extractors agree (PyMuPDF, markitdown; sequence) + page image check"
2.8+2506,IR,delta_tenor_corr,3y,1y,0.87,fraction,"ISDA SIMM Methodology v2.8+2506 (based on v2.8+2506.1, 14 October 2025)",2.8+2506,2025-12-06,D.2,36,correlation matrix for aggregated weighted sensitivities or risk exposures (row 3y),15,https://www.isda.org/a/f2RgE/ISDA-SIMM_v2.82506_PUBLIC.pdf,2026-10-02,6d39aa13282428baffc684274d8b4d921933d9913ae640a6ed2e0280b18e47cf,VERIFIED_PRIMARY,"two extractors agree (PyMuPDF, markitdown; sequence) + page image check"
2.8+2506,IR,delta_tenor_corr,3y,2y,0.97,fraction,"ISDA SIMM Methodology v2.8+2506 (based on v2.8+2506.1, 14 October 2025)",2.8+2506,2025-12-06,D.2,36,correlation matrix for aggregated weighted sensitivities or risk exposures (row 3y),15,https://www.isda.org/a/f2RgE/ISDA-SIMM_v2.82506_PUBLIC.pdf,2026-10-02,6d39aa13282428baffc684274d8b4d921933d9913ae640a6ed2e0280b18e47cf,VERIFIED_PRIMARY,"two extractors agree (PyMuPDF, markitdown; sequence) + page image check"
2.8+2506,IR,delta_tenor_corr,3y,3y,1,fraction,"ISDA SIMM Methodology v2.8+2506 (based on v2.8+2506.1, 14 October 2025)",2.8+2506,2025-12-06,D.2,36,correlation matrix for aggregated weighted sensitivities or risk exposures (row 3y),15,https://www.isda.org/a/f2RgE/ISDA-SIMM_v2.82506_PUBLIC.pdf,2026-10-02,6d39aa13282428baffc684274d8b4d921933d9913ae640a6ed2e0280b18e47cf,VERIFIED_PRIMARY,"two extractors agree (PyMuPDF, markitdown; sequence) + page image check; diagonal blank in source, 1 by definition"
2.8+2506,IR,delta_tenor_corr,3y,5y,0.97,fraction,"ISDA SIMM Methodology v2.8+2506 (based on v2.8+2506.1, 14 October 2025)",2.8+2506,2025-12-06,D.2,36,correlation matrix for aggregated weighted sensitivities or risk exposures (row 3y),15,https://www.isda.org/a/f2RgE/ISDA-SIMM_v2.82506_PUBLIC.pdf,2026-10-02,6d39aa13282428baffc684274d8b4d921933d9913ae640a6ed2e0280b18e47cf,VERIFIED_PRIMARY,"two extractors agree (PyMuPDF, markitdown; sequence) + page image check"
2.8+2506,IR,delta_tenor_corr,3y,10y,0.91,fraction,"ISDA SIMM Methodology v2.8+2506 (based on v2.8+2506.1, 14 October 2025)",2.8+2506,2025-12-06,D.2,36,correlation matrix for aggregated weighted sensitivities or risk exposures (row 3y),15,https://www.isda.org/a/f2RgE/ISDA-SIMM_v2.82506_PUBLIC.pdf,2026-10-02,6d39aa13282428baffc684274d8b4d921933d9913ae640a6ed2e0280b18e47cf,VERIFIED_PRIMARY,"two extractors agree (PyMuPDF, markitdown; sequence) + page image check"
2.8+2506,IR,delta_tenor_corr,3y,15y,0.87,fraction,"ISDA SIMM Methodology v2.8+2506 (based on v2.8+2506.1, 14 October 2025)",2.8+2506,2025-12-06,D.2,36,correlation matrix for aggregated weighted sensitivities or risk exposures (row 3y),15,https://www.isda.org/a/f2RgE/ISDA-SIMM_v2.82506_PUBLIC.pdf,2026-10-02,6d39aa13282428baffc684274d8b4d921933d9913ae640a6ed2e0280b18e47cf,VERIFIED_PRIMARY,"two extractors agree (PyMuPDF, markitdown; sequence) + page image check"
2.8+2506,IR,delta_tenor_corr,3y,20y,0.82,fraction,"ISDA SIMM Methodology v2.8+2506 (based on v2.8+2506.1, 14 October 2025)",2.8+2506,2025-12-06,D.2,36,correlation matrix for aggregated weighted sensitivities or risk exposures (row 3y),15,https://www.isda.org/a/f2RgE/ISDA-SIMM_v2.82506_PUBLIC.pdf,2026-10-02,6d39aa13282428baffc684274d8b4d921933d9913ae640a6ed2e0280b18e47cf,VERIFIED_PRIMARY,"two extractors agree (PyMuPDF, markitdown; sequence) + page image check"
2.8+2506,IR,delta_tenor_corr,3y,30y,0.81,fraction,"ISDA SIMM Methodology v2.8+2506 (based on v2.8+2506.1, 14 October 2025)",2.8+2506,2025-12-06,D.2,36,correlation matrix for aggregated weighted sensitivities or risk exposures (row 3y),15,https://www.isda.org/a/f2RgE/ISDA-SIMM_v2.82506_PUBLIC.pdf,2026-10-02,6d39aa13282428baffc684274d8b4d921933d9913ae640a6ed2e0280b18e47cf,VERIFIED_PRIMARY,"two extractors agree (PyMuPDF, markitdown; sequence) + page image check"
2.8+2506,IR,delta_tenor_corr,5y,2w,0.22,fraction,"ISDA SIMM Methodology v2.8+2506 (based on v2.8+2506.1, 14 October 2025)",2.8+2506,2025-12-06,D.2,36,correlation matrix for aggregated weighted sensitivities or risk exposures (row 5y),15,https://www.isda.org/a/f2RgE/ISDA-SIMM_v2.82506_PUBLIC.pdf,2026-10-02,6d39aa13282428baffc684274d8b4d921933d9913ae640a6ed2e0280b18e47cf,VERIFIED_PRIMARY,"two extractors agree (PyMuPDF, markitdown; sequence) + page image check"
2.8+2506,IR,delta_tenor_corr,5y,1m,0.25,fraction,"ISDA SIMM Methodology v2.8+2506 (based on v2.8+2506.1, 14 October 2025)",2.8+2506,2025-12-06,D.2,36,correlation matrix for aggregated weighted sensitivities or risk exposures (row 5y),15,https://www.isda.org/a/f2RgE/ISDA-SIMM_v2.82506_PUBLIC.pdf,2026-10-02,6d39aa13282428baffc684274d8b4d921933d9913ae640a6ed2e0280b18e47cf,VERIFIED_PRIMARY,"two extractors agree (PyMuPDF, markitdown; sequence) + page image check"
2.8+2506,IR,delta_tenor_corr,5y,3m,0.4,fraction,"ISDA SIMM Methodology v2.8+2506 (based on v2.8+2506.1, 14 October 2025)",2.8+2506,2025-12-06,D.2,36,correlation matrix for aggregated weighted sensitivities or risk exposures (row 5y),15,https://www.isda.org/a/f2RgE/ISDA-SIMM_v2.82506_PUBLIC.pdf,2026-10-02,6d39aa13282428baffc684274d8b4d921933d9913ae640a6ed2e0280b18e47cf,VERIFIED_PRIMARY,"two extractors agree (PyMuPDF, markitdown; sequence) + page image check"
2.8+2506,IR,delta_tenor_corr,5y,6m,0.58,fraction,"ISDA SIMM Methodology v2.8+2506 (based on v2.8+2506.1, 14 October 2025)",2.8+2506,2025-12-06,D.2,36,correlation matrix for aggregated weighted sensitivities or risk exposures (row 5y),15,https://www.isda.org/a/f2RgE/ISDA-SIMM_v2.82506_PUBLIC.pdf,2026-10-02,6d39aa13282428baffc684274d8b4d921933d9913ae640a6ed2e0280b18e47cf,VERIFIED_PRIMARY,"two extractors agree (PyMuPDF, markitdown; sequence) + page image check"
2.8+2506,IR,delta_tenor_corr,5y,1y,0.81,fraction,"ISDA SIMM Methodology v2.8+2506 (based on v2.8+2506.1, 14 October 2025)",2.8+2506,2025-12-06,D.2,36,correlation matrix for aggregated weighted sensitivities or risk exposures (row 5y),15,https://www.isda.org/a/f2RgE/ISDA-SIMM_v2.82506_PUBLIC.pdf,2026-10-02,6d39aa13282428baffc684274d8b4d921933d9913ae640a6ed2e0280b18e47cf,VERIFIED_PRIMARY,"two extractors agree (PyMuPDF, markitdown; sequence) + page image check"
2.8+2506,IR,delta_tenor_corr,5y,2y,0.92,fraction,"ISDA SIMM Methodology v2.8+2506 (based on v2.8+2506.1, 14 October 2025)",2.8+2506,2025-12-06,D.2,36,correlation matrix for aggregated weighted sensitivities or risk exposures (row 5y),15,https://www.isda.org/a/f2RgE/ISDA-SIMM_v2.82506_PUBLIC.pdf,2026-10-02,6d39aa13282428baffc684274d8b4d921933d9913ae640a6ed2e0280b18e47cf,VERIFIED_PRIMARY,"two extractors agree (PyMuPDF, markitdown; sequence) + page image check"
2.8+2506,IR,delta_tenor_corr,5y,3y,0.97,fraction,"ISDA SIMM Methodology v2.8+2506 (based on v2.8+2506.1, 14 October 2025)",2.8+2506,2025-12-06,D.2,36,correlation matrix for aggregated weighted sensitivities or risk exposures (row 5y),15,https://www.isda.org/a/f2RgE/ISDA-SIMM_v2.82506_PUBLIC.pdf,2026-10-02,6d39aa13282428baffc684274d8b4d921933d9913ae640a6ed2e0280b18e47cf,VERIFIED_PRIMARY,"two extractors agree (PyMuPDF, markitdown; sequence) + page image check"
2.8+2506,IR,delta_tenor_corr,5y,5y,1,fraction,"ISDA SIMM Methodology v2.8+2506 (based on v2.8+2506.1, 14 October 2025)",2.8+2506,2025-12-06,D.2,36,correlation matrix for aggregated weighted sensitivities or risk exposures (row 5y),15,https://www.isda.org/a/f2RgE/ISDA-SIMM_v2.82506_PUBLIC.pdf,2026-10-02,6d39aa13282428baffc684274d8b4d921933d9913ae640a6ed2e0280b18e47cf,VERIFIED_PRIMARY,"two extractors agree (PyMuPDF, markitdown; sequence) + page image check; diagonal blank in source, 1 by definition"
2.8+2506,IR,delta_tenor_corr,5y,10y,0.96,fraction,"ISDA SIMM Methodology v2.8+2506 (based on v2.8+2506.1, 14 October 2025)",2.8+2506,2025-12-06,D.2,36,correlation matrix for aggregated weighted sensitivities or risk exposures (row 5y),15,https://www.isda.org/a/f2RgE/ISDA-SIMM_v2.82506_PUBLIC.pdf,2026-10-02,6d39aa13282428baffc684274d8b4d921933d9913ae640a6ed2e0280b18e47cf,VERIFIED_PRIMARY,"two extractors agree (PyMuPDF, markitdown; sequence) + page image check"
2.8+2506,IR,delta_tenor_corr,5y,15y,0.93,fraction,"ISDA SIMM Methodology v2.8+2506 (based on v2.8+2506.1, 14 October 2025)",2.8+2506,2025-12-06,D.2,36,correlation matrix for aggregated weighted sensitivities or risk exposures (row 5y),15,https://www.isda.org/a/f2RgE/ISDA-SIMM_v2.82506_PUBLIC.pdf,2026-10-02,6d39aa13282428baffc684274d8b4d921933d9913ae640a6ed2e0280b18e47cf,VERIFIED_PRIMARY,"two extractors agree (PyMuPDF, markitdown; sequence) + page image check"
2.8+2506,IR,delta_tenor_corr,5y,20y,0.89,fraction,"ISDA SIMM Methodology v2.8+2506 (based on v2.8+2506.1, 14 October 2025)",2.8+2506,2025-12-06,D.2,36,correlation matrix for aggregated weighted sensitivities or risk exposures (row 5y),15,https://www.isda.org/a/f2RgE/ISDA-SIMM_v2.82506_PUBLIC.pdf,2026-10-02,6d39aa13282428baffc684274d8b4d921933d9913ae640a6ed2e0280b18e47cf,VERIFIED_PRIMARY,"two extractors agree (PyMuPDF, markitdown; sequence) + page image check"
2.8+2506,IR,delta_tenor_corr,5y,30y,0.88,fraction,"ISDA SIMM Methodology v2.8+2506 (based on v2.8+2506.1, 14 October 2025)",2.8+2506,2025-12-06,D.2,36,correlation matrix for aggregated weighted sensitivities or risk exposures (row 5y),15,https://www.isda.org/a/f2RgE/ISDA-SIMM_v2.82506_PUBLIC.pdf,2026-10-02,6d39aa13282428baffc684274d8b4d921933d9913ae640a6ed2e0280b18e47cf,VERIFIED_PRIMARY,"two extractors agree (PyMuPDF, markitdown; sequence) + page image check"
2.8+2506,IR,delta_tenor_corr,10y,2w,0.17,fraction,"ISDA SIMM Methodology v2.8+2506 (based on v2.8+2506.1, 14 October 2025)",2.8+2506,2025-12-06,D.2,36,correlation matrix for aggregated weighted sensitivities or risk exposures (row 10y),15,https://www.isda.org/a/f2RgE/ISDA-SIMM_v2.82506_PUBLIC.pdf,2026-10-02,6d39aa13282428baffc684274d8b4d921933d9913ae640a6ed2e0280b18e47cf,VERIFIED_PRIMARY,"two extractors agree (PyMuPDF, markitdown; sequence) + page image check"
2.8+2506,IR,delta_tenor_corr,10y,1m,0.2,fraction,"ISDA SIMM Methodology v2.8+2506 (based on v2.8+2506.1, 14 October 2025)",2.8+2506,2025-12-06,D.2,36,correlation matrix for aggregated weighted sensitivities or risk exposures (row 10y),15,https://www.isda.org/a/f2RgE/ISDA-SIMM_v2.82506_PUBLIC.pdf,2026-10-02,6d39aa13282428baffc684274d8b4d921933d9913ae640a6ed2e0280b18e47cf,VERIFIED_PRIMARY,"two extractors agree (PyMuPDF, markitdown; sequence) + page image check"
2.8+2506,IR,delta_tenor_corr,10y,3m,0.34,fraction,"ISDA SIMM Methodology v2.8+2506 (based on v2.8+2506.1, 14 October 2025)",2.8+2506,2025-12-06,D.2,36,correlation matrix for aggregated weighted sensitivities or risk exposures (row 10y),15,https://www.isda.org/a/f2RgE/ISDA-SIMM_v2.82506_PUBLIC.pdf,2026-10-02,6d39aa13282428baffc684274d8b4d921933d9913ae640a6ed2e0280b18e47cf,VERIFIED_PRIMARY,"two extractors agree (PyMuPDF, markitdown; sequence) + page image check"
2.8+2506,IR,delta_tenor_corr,10y,6m,0.52,fraction,"ISDA SIMM Methodology v2.8+2506 (based on v2.8+2506.1, 14 October 2025)",2.8+2506,2025-12-06,D.2,36,correlation matrix for aggregated weighted sensitivities or risk exposures (row 10y),15,https://www.isda.org/a/f2RgE/ISDA-SIMM_v2.82506_PUBLIC.pdf,2026-10-02,6d39aa13282428baffc684274d8b4d921933d9913ae640a6ed2e0280b18e47cf,VERIFIED_PRIMARY,"two extractors agree (PyMuPDF, markitdown; sequence) + page image check"
2.8+2506,IR,delta_tenor_corr,10y,1y,0.73,fraction,"ISDA SIMM Methodology v2.8+2506 (based on v2.8+2506.1, 14 October 2025)",2.8+2506,2025-12-06,D.2,36,correlation matrix for aggregated weighted sensitivities or risk exposures (row 10y),15,https://www.isda.org/a/f2RgE/ISDA-SIMM_v2.82506_PUBLIC.pdf,2026-10-02,6d39aa13282428baffc684274d8b4d921933d9913ae640a6ed2e0280b18e47cf,VERIFIED_PRIMARY,"two extractors agree (PyMuPDF, markitdown; sequence) + page image check"
2.8+2506,IR,delta_tenor_corr,10y,2y,0.86,fraction,"ISDA SIMM Methodology v2.8+2506 (based on v2.8+2506.1, 14 October 2025)",2.8+2506,2025-12-06,D.2,36,correlation matrix for aggregated weighted sensitivities or risk exposures (row 10y),15,https://www.isda.org/a/f2RgE/ISDA-SIMM_v2.82506_PUBLIC.pdf,2026-10-02,6d39aa13282428baffc684274d8b4d921933d9913ae640a6ed2e0280b18e47cf,VERIFIED_PRIMARY,"two extractors agree (PyMuPDF, markitdown; sequence) + page image check"
2.8+2506,IR,delta_tenor_corr,10y,3y,0.91,fraction,"ISDA SIMM Methodology v2.8+2506 (based on v2.8+2506.1, 14 October 2025)",2.8+2506,2025-12-06,D.2,36,correlation matrix for aggregated weighted sensitivities or risk exposures (row 10y),15,https://www.isda.org/a/f2RgE/ISDA-SIMM_v2.82506_PUBLIC.pdf,2026-10-02,6d39aa13282428baffc684274d8b4d921933d9913ae640a6ed2e0280b18e47cf,VERIFIED_PRIMARY,"two extractors agree (PyMuPDF, markitdown; sequence) + page image check"
2.8+2506,IR,delta_tenor_corr,10y,5y,0.96,fraction,"ISDA SIMM Methodology v2.8+2506 (based on v2.8+2506.1, 14 October 2025)",2.8+2506,2025-12-06,D.2,36,correlation matrix for aggregated weighted sensitivities or risk exposures (row 10y),15,https://www.isda.org/a/f2RgE/ISDA-SIMM_v2.82506_PUBLIC.pdf,2026-10-02,6d39aa13282428baffc684274d8b4d921933d9913ae640a6ed2e0280b18e47cf,VERIFIED_PRIMARY,"two extractors agree (PyMuPDF, markitdown; sequence) + page image check"
2.8+2506,IR,delta_tenor_corr,10y,10y,1,fraction,"ISDA SIMM Methodology v2.8+2506 (based on v2.8+2506.1, 14 October 2025)",2.8+2506,2025-12-06,D.2,36,correlation matrix for aggregated weighted sensitivities or risk exposures (row 10y),15,https://www.isda.org/a/f2RgE/ISDA-SIMM_v2.82506_PUBLIC.pdf,2026-10-02,6d39aa13282428baffc684274d8b4d921933d9913ae640a6ed2e0280b18e47cf,VERIFIED_PRIMARY,"two extractors agree (PyMuPDF, markitdown; sequence) + page image check; diagonal blank in source, 1 by definition"
2.8+2506,IR,delta_tenor_corr,10y,15y,0.98,fraction,"ISDA SIMM Methodology v2.8+2506 (based on v2.8+2506.1, 14 October 2025)",2.8+2506,2025-12-06,D.2,36,correlation matrix for aggregated weighted sensitivities or risk exposures (row 10y),15,https://www.isda.org/a/f2RgE/ISDA-SIMM_v2.82506_PUBLIC.pdf,2026-10-02,6d39aa13282428baffc684274d8b4d921933d9913ae640a6ed2e0280b18e47cf,VERIFIED_PRIMARY,"two extractors agree (PyMuPDF, markitdown; sequence) + page image check"
2.8+2506,IR,delta_tenor_corr,10y,20y,0.95,fraction,"ISDA SIMM Methodology v2.8+2506 (based on v2.8+2506.1, 14 October 2025)",2.8+2506,2025-12-06,D.2,36,correlation matrix for aggregated weighted sensitivities or risk exposures (row 10y),15,https://www.isda.org/a/f2RgE/ISDA-SIMM_v2.82506_PUBLIC.pdf,2026-10-02,6d39aa13282428baffc684274d8b4d921933d9913ae640a6ed2e0280b18e47cf,VERIFIED_PRIMARY,"two extractors agree (PyMuPDF, markitdown; sequence) + page image check"
2.8+2506,IR,delta_tenor_corr,10y,30y,0.95,fraction,"ISDA SIMM Methodology v2.8+2506 (based on v2.8+2506.1, 14 October 2025)",2.8+2506,2025-12-06,D.2,36,correlation matrix for aggregated weighted sensitivities or risk exposures (row 10y),15,https://www.isda.org/a/f2RgE/ISDA-SIMM_v2.82506_PUBLIC.pdf,2026-10-02,6d39aa13282428baffc684274d8b4d921933d9913ae640a6ed2e0280b18e47cf,VERIFIED_PRIMARY,"two extractors agree (PyMuPDF, markitdown; sequence) + page image check"
2.8+2506,IR,delta_tenor_corr,15y,2w,0.16,fraction,"ISDA SIMM Methodology v2.8+2506 (based on v2.8+2506.1, 14 October 2025)",2.8+2506,2025-12-06,D.2,36,correlation matrix for aggregated weighted sensitivities or risk exposures (row 15y),15,https://www.isda.org/a/f2RgE/ISDA-SIMM_v2.82506_PUBLIC.pdf,2026-10-02,6d39aa13282428baffc684274d8b4d921933d9913ae640a6ed2e0280b18e47cf,VERIFIED_PRIMARY,"two extractors agree (PyMuPDF, markitdown; sequence) + page image check"
2.8+2506,IR,delta_tenor_corr,15y,1m,0.16,fraction,"ISDA SIMM Methodology v2.8+2506 (based on v2.8+2506.1, 14 October 2025)",2.8+2506,2025-12-06,D.2,36,correlation matrix for aggregated weighted sensitivities or risk exposures (row 15y),15,https://www.isda.org/a/f2RgE/ISDA-SIMM_v2.82506_PUBLIC.pdf,2026-10-02,6d39aa13282428baffc684274d8b4d921933d9913ae640a6ed2e0280b18e47cf,VERIFIED_PRIMARY,"two extractors agree (PyMuPDF, markitdown; sequence) + page image check"
2.8+2506,IR,delta_tenor_corr,15y,3m,0.27,fraction,"ISDA SIMM Methodology v2.8+2506 (based on v2.8+2506.1, 14 October 2025)",2.8+2506,2025-12-06,D.2,36,correlation matrix for aggregated weighted sensitivities or risk exposures (row 15y),15,https://www.isda.org/a/f2RgE/ISDA-SIMM_v2.82506_PUBLIC.pdf,2026-10-02,6d39aa13282428baffc684274d8b4d921933d9913ae640a6ed2e0280b18e47cf,VERIFIED_PRIMARY,"two extractors agree (PyMuPDF, markitdown; sequence) + page image check"
2.8+2506,IR,delta_tenor_corr,15y,6m,0.47,fraction,"ISDA SIMM Methodology v2.8+2506 (based on v2.8+2506.1, 14 October 2025)",2.8+2506,2025-12-06,D.2,36,correlation matrix for aggregated weighted sensitivities or risk exposures (row 15y),15,https://www.isda.org/a/f2RgE/ISDA-SIMM_v2.82506_PUBLIC.pdf,2026-10-02,6d39aa13282428baffc684274d8b4d921933d9913ae640a6ed2e0280b18e47cf,VERIFIED_PRIMARY,"two extractors agree (PyMuPDF, markitdown; sequence) + page image check"
2.8+2506,IR,delta_tenor_corr,15y,1y,0.69,fraction,"ISDA SIMM Methodology v2.8+2506 (based on v2.8+2506.1, 14 October 2025)",2.8+2506,2025-12-06,D.2,36,correlation matrix for aggregated weighted sensitivities or risk exposures (row 15y),15,https://www.isda.org/a/f2RgE/ISDA-SIMM_v2.82506_PUBLIC.pdf,2026-10-02,6d39aa13282428baffc684274d8b4d921933d9913ae640a6ed2e0280b18e47cf,VERIFIED_PRIMARY,"two extractors agree (PyMuPDF, markitdown; sequence) + page image check"
2.8+2506,IR,delta_tenor_corr,15y,2y,0.82,fraction,"ISDA SIMM Methodology v2.8+2506 (based on v2.8+2506.1, 14 October 2025)",2.8+2506,2025-12-06,D.2,36,correlation matrix for aggregated weighted sensitivities or risk exposures (row 15y),15,https://www.isda.org/a/f2RgE/ISDA-SIMM_v2.82506_PUBLIC.pdf,2026-10-02,6d39aa13282428baffc684274d8b4d921933d9913ae640a6ed2e0280b18e47cf,VERIFIED_PRIMARY,"two extractors agree (PyMuPDF, markitdown; sequence) + page image check"
2.8+2506,IR,delta_tenor_corr,15y,3y,0.87,fraction,"ISDA SIMM Methodology v2.8+2506 (based on v2.8+2506.1, 14 October 2025)",2.8+2506,2025-12-06,D.2,36,correlation matrix for aggregated weighted sensitivities or risk exposures (row 15y),15,https://www.isda.org/a/f2RgE/ISDA-SIMM_v2.82506_PUBLIC.pdf,2026-10-02,6d39aa13282428baffc684274d8b4d921933d9913ae640a6ed2e0280b18e47cf,VERIFIED_PRIMARY,"two extractors agree (PyMuPDF, markitdown; sequence) + page image check"
2.8+2506,IR,delta_tenor_corr,15y,5y,0.93,fraction,"ISDA SIMM Methodology v2.8+2506 (based on v2.8+2506.1, 14 October 2025)",2.8+2506,2025-12-06,D.2,36,correlation matrix for aggregated weighted sensitivities or risk exposures (row 15y),15,https://www.isda.org/a/f2RgE/ISDA-SIMM_v2.82506_PUBLIC.pdf,2026-10-02,6d39aa13282428baffc684274d8b4d921933d9913ae640a6ed2e0280b18e47cf,VERIFIED_PRIMARY,"two extractors agree (PyMuPDF, markitdown; sequence) + page image check"
2.8+2506,IR,delta_tenor_corr,15y,10y,0.98,fraction,"ISDA SIMM Methodology v2.8+2506 (based on v2.8+2506.1, 14 October 2025)",2.8+2506,2025-12-06,D.2,36,correlation matrix for aggregated weighted sensitivities or risk exposures (row 15y),15,https://www.isda.org/a/f2RgE/ISDA-SIMM_v2.82506_PUBLIC.pdf,2026-10-02,6d39aa13282428baffc684274d8b4d921933d9913ae640a6ed2e0280b18e47cf,VERIFIED_PRIMARY,"two extractors agree (PyMuPDF, markitdown; sequence) + page image check"
2.8+2506,IR,delta_tenor_corr,15y,15y,1,fraction,"ISDA SIMM Methodology v2.8+2506 (based on v2.8+2506.1, 14 October 2025)",2.8+2506,2025-12-06,D.2,36,correlation matrix for aggregated weighted sensitivities or risk exposures (row 15y),15,https://www.isda.org/a/f2RgE/ISDA-SIMM_v2.82506_PUBLIC.pdf,2026-10-02,6d39aa13282428baffc684274d8b4d921933d9913ae640a6ed2e0280b18e47cf,VERIFIED_PRIMARY,"two extractors agree (PyMuPDF, markitdown; sequence) + page image check; diagonal blank in source, 1 by definition"
2.8+2506,IR,delta_tenor_corr,15y,20y,0.98,fraction,"ISDA SIMM Methodology v2.8+2506 (based on v2.8+2506.1, 14 October 2025)",2.8+2506,2025-12-06,D.2,36,correlation matrix for aggregated weighted sensitivities or risk exposures (row 15y),15,https://www.isda.org/a/f2RgE/ISDA-SIMM_v2.82506_PUBLIC.pdf,2026-10-02,6d39aa13282428baffc684274d8b4d921933d9913ae640a6ed2e0280b18e47cf,VERIFIED_PRIMARY,"two extractors agree (PyMuPDF, markitdown; sequence) + page image check"
2.8+2506,IR,delta_tenor_corr,15y,30y,0.97,fraction,"ISDA SIMM Methodology v2.8+2506 (based on v2.8+2506.1, 14 October 2025)",2.8+2506,2025-12-06,D.2,36,correlation matrix for aggregated weighted sensitivities or risk exposures (row 15y),15,https://www.isda.org/a/f2RgE/ISDA-SIMM_v2.82506_PUBLIC.pdf,2026-10-02,6d39aa13282428baffc684274d8b4d921933d9913ae640a6ed2e0280b18e47cf,VERIFIED_PRIMARY,"two extractors agree (PyMuPDF, markitdown; sequence) + page image check"
2.8+2506,IR,delta_tenor_corr,20y,2w,0.14,fraction,"ISDA SIMM Methodology v2.8+2506 (based on v2.8+2506.1, 14 October 2025)",2.8+2506,2025-12-06,D.2,36,correlation matrix for aggregated weighted sensitivities or risk exposures (row 20y),15,https://www.isda.org/a/f2RgE/ISDA-SIMM_v2.82506_PUBLIC.pdf,2026-10-02,6d39aa13282428baffc684274d8b4d921933d9913ae640a6ed2e0280b18e47cf,VERIFIED_PRIMARY,"two extractors agree (PyMuPDF, markitdown; sequence) + page image check"
2.8+2506,IR,delta_tenor_corr,20y,1m,0.14,fraction,"ISDA SIMM Methodology v2.8+2506 (based on v2.8+2506.1, 14 October 2025)",2.8+2506,2025-12-06,D.2,36,correlation matrix for aggregated weighted sensitivities or risk exposures (row 20y),15,https://www.isda.org/a/f2RgE/ISDA-SIMM_v2.82506_PUBLIC.pdf,2026-10-02,6d39aa13282428baffc684274d8b4d921933d9913ae640a6ed2e0280b18e47cf,VERIFIED_PRIMARY,"two extractors agree (PyMuPDF, markitdown; sequence) + page image check"
2.8+2506,IR,delta_tenor_corr,20y,3m,0.25,fraction,"ISDA SIMM Methodology v2.8+2506 (based on v2.8+2506.1, 14 October 2025)",2.8+2506,2025-12-06,D.2,36,correlation matrix for aggregated weighted sensitivities or risk exposures (row 20y),15,https://www.isda.org/a/f2RgE/ISDA-SIMM_v2.82506_PUBLIC.pdf,2026-10-02,6d39aa13282428baffc684274d8b4d921933d9913ae640a6ed2e0280b18e47cf,VERIFIED_PRIMARY,"two extractors agree (PyMuPDF, markitdown; sequence) + page image check"
2.8+2506,IR,delta_tenor_corr,20y,6m,0.44,fraction,"ISDA SIMM Methodology v2.8+2506 (based on v2.8+2506.1, 14 October 2025)",2.8+2506,2025-12-06,D.2,36,correlation matrix for aggregated weighted sensitivities or risk exposures (row 20y),15,https://www.isda.org/a/f2RgE/ISDA-SIMM_v2.82506_PUBLIC.pdf,2026-10-02,6d39aa13282428baffc684274d8b4d921933d9913ae640a6ed2e0280b18e47cf,VERIFIED_PRIMARY,"two extractors agree (PyMuPDF, markitdown; sequence) + page image check"
2.8+2506,IR,delta_tenor_corr,20y,1y,0.64,fraction,"ISDA SIMM Methodology v2.8+2506 (based on v2.8+2506.1, 14 October 2025)",2.8+2506,2025-12-06,D.2,36,correlation matrix for aggregated weighted sensitivities or risk exposures (row 20y),15,https://www.isda.org/a/f2RgE/ISDA-SIMM_v2.82506_PUBLIC.pdf,2026-10-02,6d39aa13282428baffc684274d8b4d921933d9913ae640a6ed2e0280b18e47cf,VERIFIED_PRIMARY,"two extractors agree (PyMuPDF, markitdown; sequence) + page image check"
2.8+2506,IR,delta_tenor_corr,20y,2y,0.77,fraction,"ISDA SIMM Methodology v2.8+2506 (based on v2.8+2506.1, 14 October 2025)",2.8+2506,2025-12-06,D.2,36,correlation matrix for aggregated weighted sensitivities or risk exposures (row 20y),15,https://www.isda.org/a/f2RgE/ISDA-SIMM_v2.82506_PUBLIC.pdf,2026-10-02,6d39aa13282428baffc684274d8b4d921933d9913ae640a6ed2e0280b18e47cf,VERIFIED_PRIMARY,"two extractors agree (PyMuPDF, markitdown; sequence) + page image check"
2.8+2506,IR,delta_tenor_corr,20y,3y,0.82,fraction,"ISDA SIMM Methodology v2.8+2506 (based on v2.8+2506.1, 14 October 2025)",2.8+2506,2025-12-06,D.2,36,correlation matrix for aggregated weighted sensitivities or risk exposures (row 20y),15,https://www.isda.org/a/f2RgE/ISDA-SIMM_v2.82506_PUBLIC.pdf,2026-10-02,6d39aa13282428baffc684274d8b4d921933d9913ae640a6ed2e0280b18e47cf,VERIFIED_PRIMARY,"two extractors agree (PyMuPDF, markitdown; sequence) + page image check"
2.8+2506,IR,delta_tenor_corr,20y,5y,0.89,fraction,"ISDA SIMM Methodology v2.8+2506 (based on v2.8+2506.1, 14 October 2025)",2.8+2506,2025-12-06,D.2,36,correlation matrix for aggregated weighted sensitivities or risk exposures (row 20y),15,https://www.isda.org/a/f2RgE/ISDA-SIMM_v2.82506_PUBLIC.pdf,2026-10-02,6d39aa13282428baffc684274d8b4d921933d9913ae640a6ed2e0280b18e47cf,VERIFIED_PRIMARY,"two extractors agree (PyMuPDF, markitdown; sequence) + page image check"
2.8+2506,IR,delta_tenor_corr,20y,10y,0.95,fraction,"ISDA SIMM Methodology v2.8+2506 (based on v2.8+2506.1, 14 October 2025)",2.8+2506,2025-12-06,D.2,36,correlation matrix for aggregated weighted sensitivities or risk exposures (row 20y),15,https://www.isda.org/a/f2RgE/ISDA-SIMM_v2.82506_PUBLIC.pdf,2026-10-02,6d39aa13282428baffc684274d8b4d921933d9913ae640a6ed2e0280b18e47cf,VERIFIED_PRIMARY,"two extractors agree (PyMuPDF, markitdown; sequence) + page image check"
2.8+2506,IR,delta_tenor_corr,20y,15y,0.98,fraction,"ISDA SIMM Methodology v2.8+2506 (based on v2.8+2506.1, 14 October 2025)",2.8+2506,2025-12-06,D.2,36,correlation matrix for aggregated weighted sensitivities or risk exposures (row 20y),15,https://www.isda.org/a/f2RgE/ISDA-SIMM_v2.82506_PUBLIC.pdf,2026-10-02,6d39aa13282428baffc684274d8b4d921933d9913ae640a6ed2e0280b18e47cf,VERIFIED_PRIMARY,"two extractors agree (PyMuPDF, markitdown; sequence) + page image check"
2.8+2506,IR,delta_tenor_corr,20y,20y,1,fraction,"ISDA SIMM Methodology v2.8+2506 (based on v2.8+2506.1, 14 October 2025)",2.8+2506,2025-12-06,D.2,36,correlation matrix for aggregated weighted sensitivities or risk exposures (row 20y),15,https://www.isda.org/a/f2RgE/ISDA-SIMM_v2.82506_PUBLIC.pdf,2026-10-02,6d39aa13282428baffc684274d8b4d921933d9913ae640a6ed2e0280b18e47cf,VERIFIED_PRIMARY,"two extractors agree (PyMuPDF, markitdown; sequence) + page image check; diagonal blank in source, 1 by definition"
2.8+2506,IR,delta_tenor_corr,20y,30y,0.98,fraction,"ISDA SIMM Methodology v2.8+2506 (based on v2.8+2506.1, 14 October 2025)",2.8+2506,2025-12-06,D.2,36,correlation matrix for aggregated weighted sensitivities or risk exposures (row 20y),15,https://www.isda.org/a/f2RgE/ISDA-SIMM_v2.82506_PUBLIC.pdf,2026-10-02,6d39aa13282428baffc684274d8b4d921933d9913ae640a6ed2e0280b18e47cf,VERIFIED_PRIMARY,"two extractors agree (PyMuPDF, markitdown; sequence) + page image check"
2.8+2506,IR,delta_tenor_corr,30y,2w,0.14,fraction,"ISDA SIMM Methodology v2.8+2506 (based on v2.8+2506.1, 14 October 2025)",2.8+2506,2025-12-06,D.2,36,correlation matrix for aggregated weighted sensitivities or risk exposures (row 30y),15,https://www.isda.org/a/f2RgE/ISDA-SIMM_v2.82506_PUBLIC.pdf,2026-10-02,6d39aa13282428baffc684274d8b4d921933d9913ae640a6ed2e0280b18e47cf,VERIFIED_PRIMARY,"two extractors agree (PyMuPDF, markitdown; sequence) + page image check"
2.8+2506,IR,delta_tenor_corr,30y,1m,0.14,fraction,"ISDA SIMM Methodology v2.8+2506 (based on v2.8+2506.1, 14 October 2025)",2.8+2506,2025-12-06,D.2,36,correlation matrix for aggregated weighted sensitivities or risk exposures (row 30y),15,https://www.isda.org/a/f2RgE/ISDA-SIMM_v2.82506_PUBLIC.pdf,2026-10-02,6d39aa13282428baffc684274d8b4d921933d9913ae640a6ed2e0280b18e47cf,VERIFIED_PRIMARY,"two extractors agree (PyMuPDF, markitdown; sequence) + page image check"
2.8+2506,IR,delta_tenor_corr,30y,3m,0.25,fraction,"ISDA SIMM Methodology v2.8+2506 (based on v2.8+2506.1, 14 October 2025)",2.8+2506,2025-12-06,D.2,36,correlation matrix for aggregated weighted sensitivities or risk exposures (row 30y),15,https://www.isda.org/a/f2RgE/ISDA-SIMM_v2.82506_PUBLIC.pdf,2026-10-02,6d39aa13282428baffc684274d8b4d921933d9913ae640a6ed2e0280b18e47cf,VERIFIED_PRIMARY,"two extractors agree (PyMuPDF, markitdown; sequence) + page image check"
2.8+2506,IR,delta_tenor_corr,30y,6m,0.42,fraction,"ISDA SIMM Methodology v2.8+2506 (based on v2.8+2506.1, 14 October 2025)",2.8+2506,2025-12-06,D.2,36,correlation matrix for aggregated weighted sensitivities or risk exposures (row 30y),15,https://www.isda.org/a/f2RgE/ISDA-SIMM_v2.82506_PUBLIC.pdf,2026-10-02,6d39aa13282428baffc684274d8b4d921933d9913ae640a6ed2e0280b18e47cf,VERIFIED_PRIMARY,"two extractors agree (PyMuPDF, markitdown; sequence) + page image check"
2.8+2506,IR,delta_tenor_corr,30y,1y,0.63,fraction,"ISDA SIMM Methodology v2.8+2506 (based on v2.8+2506.1, 14 October 2025)",2.8+2506,2025-12-06,D.2,36,correlation matrix for aggregated weighted sensitivities or risk exposures (row 30y),15,https://www.isda.org/a/f2RgE/ISDA-SIMM_v2.82506_PUBLIC.pdf,2026-10-02,6d39aa13282428baffc684274d8b4d921933d9913ae640a6ed2e0280b18e47cf,VERIFIED_PRIMARY,"two extractors agree (PyMuPDF, markitdown; sequence) + page image check"
2.8+2506,IR,delta_tenor_corr,30y,2y,0.76,fraction,"ISDA SIMM Methodology v2.8+2506 (based on v2.8+2506.1, 14 October 2025)",2.8+2506,2025-12-06,D.2,36,correlation matrix for aggregated weighted sensitivities or risk exposures (row 30y),15,https://www.isda.org/a/f2RgE/ISDA-SIMM_v2.82506_PUBLIC.pdf,2026-10-02,6d39aa13282428baffc684274d8b4d921933d9913ae640a6ed2e0280b18e47cf,VERIFIED_PRIMARY,"two extractors agree (PyMuPDF, markitdown; sequence) + page image check"
2.8+2506,IR,delta_tenor_corr,30y,3y,0.81,fraction,"ISDA SIMM Methodology v2.8+2506 (based on v2.8+2506.1, 14 October 2025)",2.8+2506,2025-12-06,D.2,36,correlation matrix for aggregated weighted sensitivities or risk exposures (row 30y),15,https://www.isda.org/a/f2RgE/ISDA-SIMM_v2.82506_PUBLIC.pdf,2026-10-02,6d39aa13282428baffc684274d8b4d921933d9913ae640a6ed2e0280b18e47cf,VERIFIED_PRIMARY,"two extractors agree (PyMuPDF, markitdown; sequence) + page image check"
2.8+2506,IR,delta_tenor_corr,30y,5y,0.88,fraction,"ISDA SIMM Methodology v2.8+2506 (based on v2.8+2506.1, 14 October 2025)",2.8+2506,2025-12-06,D.2,36,correlation matrix for aggregated weighted sensitivities or risk exposures (row 30y),15,https://www.isda.org/a/f2RgE/ISDA-SIMM_v2.82506_PUBLIC.pdf,2026-10-02,6d39aa13282428baffc684274d8b4d921933d9913ae640a6ed2e0280b18e47cf,VERIFIED_PRIMARY,"two extractors agree (PyMuPDF, markitdown; sequence) + page image check"
2.8+2506,IR,delta_tenor_corr,30y,10y,0.95,fraction,"ISDA SIMM Methodology v2.8+2506 (based on v2.8+2506.1, 14 October 2025)",2.8+2506,2025-12-06,D.2,36,correlation matrix for aggregated weighted sensitivities or risk exposures (row 30y),15,https://www.isda.org/a/f2RgE/ISDA-SIMM_v2.82506_PUBLIC.pdf,2026-10-02,6d39aa13282428baffc684274d8b4d921933d9913ae640a6ed2e0280b18e47cf,VERIFIED_PRIMARY,"two extractors agree (PyMuPDF, markitdown; sequence) + page image check"
2.8+2506,IR,delta_tenor_corr,30y,15y,0.97,fraction,"ISDA SIMM Methodology v2.8+2506 (based on v2.8+2506.1, 14 October 2025)",2.8+2506,2025-12-06,D.2,36,correlation matrix for aggregated weighted sensitivities or risk exposures (row 30y),15,https://www.isda.org/a/f2RgE/ISDA-SIMM_v2.82506_PUBLIC.pdf,2026-10-02,6d39aa13282428baffc684274d8b4d921933d9913ae640a6ed2e0280b18e47cf,VERIFIED_PRIMARY,"two extractors agree (PyMuPDF, markitdown; sequence) + page image check"
2.8+2506,IR,delta_tenor_corr,30y,20y,0.98,fraction,"ISDA SIMM Methodology v2.8+2506 (based on v2.8+2506.1, 14 October 2025)",2.8+2506,2025-12-06,D.2,36,correlation matrix for aggregated weighted sensitivities or risk exposures (row 30y),15,https://www.isda.org/a/f2RgE/ISDA-SIMM_v2.82506_PUBLIC.pdf,2026-10-02,6d39aa13282428baffc684274d8b4d921933d9913ae640a6ed2e0280b18e47cf,VERIFIED_PRIMARY,"two extractors agree (PyMuPDF, markitdown; sequence) + page image check"
2.8+2506,IR,delta_tenor_corr,30y,30y,1,fraction,"ISDA SIMM Methodology v2.8+2506 (based on v2.8+2506.1, 14 October 2025)",2.8+2506,2025-12-06,D.2,36,correlation matrix for aggregated weighted sensitivities or risk exposures (row 30y),15,https://www.isda.org/a/f2RgE/ISDA-SIMM_v2.82506_PUBLIC.pdf,2026-10-02,6d39aa13282428baffc684274d8b4d921933d9913ae640a6ed2e0280b18e47cf,VERIFIED_PRIMARY,"two extractors agree (PyMuPDF, markitdown; sequence) + page image check; diagonal blank in source, 1 by definition"
2.8+2506,IR,subcurve_phi,,,0.981,fraction,"ISDA SIMM Methodology v2.8+2506 (based on v2.8+2506.1, 14 October 2025)",2.8+2506,2025-12-06,D.2,36,text under matrix (to one decimal place),15,https://www.isda.org/a/f2RgE/ISDA-SIMM_v2.82506_PUBLIC.pdf,2026-10-02,6d39aa13282428baffc684274d8b4d921933d9913ae640a6ed2e0280b18e47cf,VERIFIED_PRIMARY,"two extractors agree (PyMuPDF, markitdown; sequence) + page image check"
2.8+2506,IR,inflation_yield_corr,,,0.42,fraction,"ISDA SIMM Methodology v2.8+2506 (based on v2.8+2506.1, 14 October 2025)",2.8+2506,2025-12-06,D.2,36,text under matrix,15,https://www.isda.org/a/f2RgE/ISDA-SIMM_v2.82506_PUBLIC.pdf,2026-10-02,6d39aa13282428baffc684274d8b4d921933d9913ae640a6ed2e0280b18e47cf,VERIFIED_PRIMARY,"two extractors agree (PyMuPDF, markitdown; sequence) + page image check"
2.8+2506,IR,inflation_vol_ir_vol_corr,,,0.42,fraction,"ISDA SIMM Methodology v2.8+2506 (based on v2.8+2506.1, 14 October 2025)",2.8+2506,2025-12-06,D.2,36,same sentence: inflation vol vs IR vol,15,https://www.isda.org/a/f2RgE/ISDA-SIMM_v2.82506_PUBLIC.pdf,2026-10-02,6d39aa13282428baffc684274d8b4d921933d9913ae640a6ed2e0280b18e47cf,VERIFIED_PRIMARY,"two extractors agree (PyMuPDF, markitdown; sequence) + page image check"
2.8+2506,IR,xccy_basis_yield_corr,,,-0.01,fraction,"ISDA SIMM Methodology v2.8+2506 (based on v2.8+2506.1, 14 October 2025)",2.8+2506,2025-12-06,D.2,36,"text under matrix (vs yield or inflation, same currency)",15,https://www.isda.org/a/f2RgE/ISDA-SIMM_v2.82506_PUBLIC.pdf,2026-10-02,6d39aa13282428baffc684274d8b4d921933d9913ae640a6ed2e0280b18e47cf,VERIFIED_PRIMARY,"two extractors agree (PyMuPDF, markitdown; sequence) + page image check"
2.8+2506,IR,gamma,,,0.35,fraction,"ISDA SIMM Methodology v2.8+2506 (based on v2.8+2506.1, 14 October 2025)",2.8+2506,2025-12-06,D.2,37,text of paragraph 37 (no table),15,https://www.isda.org/a/f2RgE/ISDA-SIMM_v2.82506_PUBLIC.pdf,2026-10-02,6d39aa13282428baffc684274d8b4d921933d9913ae640a6ed2e0280b18e47cf,VERIFIED_PRIMARY,"two extractors agree (PyMuPDF, markitdown; sequence) + page image check"
2.8+2506,IR,delta_ct,high,,51,USD mm per bp,"ISDA SIMM Methodology v2.8+2506 (based on v2.8+2506.1, 14 October 2025)",2.8+2506,2025-12-06,J.1,74,text of paragraph 74 (no table),26,https://www.isda.org/a/f2RgE/ISDA-SIMM_v2.82506_PUBLIC.pdf,2026-10-02,6d39aa13282428baffc684274d8b4d921933d9913ae640a6ed2e0280b18e47cf,VERIFIED_PRIMARY,"two extractors agree (PyMuPDF, markitdown; sequence) + page image check"
2.8+2506,IR,delta_ct,regular_well_traded,,210,USD mm per bp,"ISDA SIMM Methodology v2.8+2506 (based on v2.8+2506.1, 14 October 2025)",2.8+2506,2025-12-06,J.1,74,text of paragraph 74 (no table),26,https://www.isda.org/a/f2RgE/ISDA-SIMM_v2.82506_PUBLIC.pdf,2026-10-02,6d39aa13282428baffc684274d8b4d921933d9913ae640a6ed2e0280b18e47cf,VERIFIED_PRIMARY,"two extractors agree (PyMuPDF, markitdown; sequence) + page image check"
2.8+2506,IR,delta_ct,regular_less_well_traded,,100,USD mm per bp,"ISDA SIMM Methodology v2.8+2506 (based on v2.8+2506.1, 14 October 2025)",2.8+2506,2025-12-06,J.1,74,text of paragraph 74 (no table),26,https://www.isda.org/a/f2RgE/ISDA-SIMM_v2.82506_PUBLIC.pdf,2026-10-02,6d39aa13282428baffc684274d8b4d921933d9913ae640a6ed2e0280b18e47cf,VERIFIED_PRIMARY,"two extractors agree (PyMuPDF, markitdown; sequence) + page image check"
2.8+2506,IR,delta_ct,low,,230,USD mm per bp,"ISDA SIMM Methodology v2.8+2506 (based on v2.8+2506.1, 14 October 2025)",2.8+2506,2025-12-06,J.1,74,text of paragraph 74 (no table),26,https://www.isda.org/a/f2RgE/ISDA-SIMM_v2.82506_PUBLIC.pdf,2026-10-02,6d39aa13282428baffc684274d8b4d921933d9913ae640a6ed2e0280b18e47cf,VERIFIED_PRIMARY,"two extractors agree (PyMuPDF, markitdown; sequence) + page image check"
2.8+2506,IR,vega_ct,high,,110,USD mm,"ISDA SIMM Methodology v2.8+2506 (based on v2.8+2506.1, 14 October 2025)",2.8+2506,2025-12-06,J.6,81,text of paragraph 81 (no table),27,https://www.isda.org/a/f2RgE/ISDA-SIMM_v2.82506_PUBLIC.pdf,2026-10-02,6d39aa13282428baffc684274d8b4d921933d9913ae640a6ed2e0280b18e47cf,VERIFIED_PRIMARY,"two extractors agree (PyMuPDF, markitdown; sequence) + page image check"
2.8+2506,IR,vega_ct,regular_well_traded,,4400,USD mm,"ISDA SIMM Methodology v2.8+2506 (based on v2.8+2506.1, 14 October 2025)",2.8+2506,2025-12-06,J.6,81,text of paragraph 81 (no table),27,https://www.isda.org/a/f2RgE/ISDA-SIMM_v2.82506_PUBLIC.pdf,2026-10-02,6d39aa13282428baffc684274d8b4d921933d9913ae640a6ed2e0280b18e47cf,VERIFIED_PRIMARY,"two extractors agree (PyMuPDF, markitdown; sequence) + page image check"
2.8+2506,IR,vega_ct,regular_less_well_traded,,480,USD mm,"ISDA SIMM Methodology v2.8+2506 (based on v2.8+2506.1, 14 October 2025)",2.8+2506,2025-12-06,J.6,81,text of paragraph 81 (no table),27,https://www.isda.org/a/f2RgE/ISDA-SIMM_v2.82506_PUBLIC.pdf,2026-10-02,6d39aa13282428baffc684274d8b4d921933d9913ae640a6ed2e0280b18e47cf,VERIFIED_PRIMARY,"two extractors agree (PyMuPDF, markitdown; sequence) + page image check"
2.8+2506,IR,vega_ct,low,,860,USD mm,"ISDA SIMM Methodology v2.8+2506 (based on v2.8+2506.1, 14 October 2025)",2.8+2506,2025-12-06,J.6,81,text of paragraph 81 (no table),27,https://www.isda.org/a/f2RgE/ISDA-SIMM_v2.82506_PUBLIC.pdf,2026-10-02,6d39aa13282428baffc684274d8b4d921933d9913ae640a6ed2e0280b18e47cf,VERIFIED_PRIMARY,"two extractors agree (PyMuPDF, markitdown; sequence) + page image check"
2.8+2506,IR,ct_group_member,regular_well_traded,USD,1,membership,"ISDA SIMM Methodology v2.8+2506 (based on v2.8+2506.1, 14 October 2025)",2.8+2506,2025-12-06,J.1,75(2),text of paragraph 75(2) (no table),26,https://www.isda.org/a/f2RgE/ISDA-SIMM_v2.82506_PUBLIC.pdf,2026-10-02,6d39aa13282428baffc684274d8b4d921933d9913ae640a6ed2e0280b18e47cf,VERIFIED_PRIMARY,"two extractors agree (PyMuPDF, markitdown; sequence) + page image check"
2.8+2506,IR,ct_group_member,regular_well_traded,EUR,1,membership,"ISDA SIMM Methodology v2.8+2506 (based on v2.8+2506.1, 14 October 2025)",2.8+2506,2025-12-06,J.1,75(2),text of paragraph 75(2) (no table),26,https://www.isda.org/a/f2RgE/ISDA-SIMM_v2.82506_PUBLIC.pdf,2026-10-02,6d39aa13282428baffc684274d8b4d921933d9913ae640a6ed2e0280b18e47cf,VERIFIED_PRIMARY,"two extractors agree (PyMuPDF, markitdown; sequence) + page image check"
2.8+2506,IR,ct_group_member,regular_well_traded,GBP,1,membership,"ISDA SIMM Methodology v2.8+2506 (based on v2.8+2506.1, 14 October 2025)",2.8+2506,2025-12-06,J.1,75(2),text of paragraph 75(2) (no table),26,https://www.isda.org/a/f2RgE/ISDA-SIMM_v2.82506_PUBLIC.pdf,2026-10-02,6d39aa13282428baffc684274d8b4d921933d9913ae640a6ed2e0280b18e47cf,VERIFIED_PRIMARY,"two extractors agree (PyMuPDF, markitdown; sequence) + page image check"
2.8+2506,IR,ct_group_member,regular_less_well_traded,AUD,1,membership,"ISDA SIMM Methodology v2.8+2506 (based on v2.8+2506.1, 14 October 2025)",2.8+2506,2025-12-06,J.1,75(3),text of paragraph 75(3) (no table),26,https://www.isda.org/a/f2RgE/ISDA-SIMM_v2.82506_PUBLIC.pdf,2026-10-02,6d39aa13282428baffc684274d8b4d921933d9913ae640a6ed2e0280b18e47cf,VERIFIED_PRIMARY,"two extractors agree (PyMuPDF, markitdown; sequence) + page image check"
2.8+2506,IR,ct_group_member,regular_less_well_traded,CAD,1,membership,"ISDA SIMM Methodology v2.8+2506 (based on v2.8+2506.1, 14 October 2025)",2.8+2506,2025-12-06,J.1,75(3),text of paragraph 75(3) (no table),26,https://www.isda.org/a/f2RgE/ISDA-SIMM_v2.82506_PUBLIC.pdf,2026-10-02,6d39aa13282428baffc684274d8b4d921933d9913ae640a6ed2e0280b18e47cf,VERIFIED_PRIMARY,"two extractors agree (PyMuPDF, markitdown; sequence) + page image check"
2.8+2506,IR,ct_group_member,regular_less_well_traded,CHF,1,membership,"ISDA SIMM Methodology v2.8+2506 (based on v2.8+2506.1, 14 October 2025)",2.8+2506,2025-12-06,J.1,75(3),text of paragraph 75(3) (no table),26,https://www.isda.org/a/f2RgE/ISDA-SIMM_v2.82506_PUBLIC.pdf,2026-10-02,6d39aa13282428baffc684274d8b4d921933d9913ae640a6ed2e0280b18e47cf,VERIFIED_PRIMARY,"two extractors agree (PyMuPDF, markitdown; sequence) + page image check"
2.8+2506,IR,ct_group_member,regular_less_well_traded,DKK,1,membership,"ISDA SIMM Methodology v2.8+2506 (based on v2.8+2506.1, 14 October 2025)",2.8+2506,2025-12-06,J.1,75(3),text of paragraph 75(3) (no table),26,https://www.isda.org/a/f2RgE/ISDA-SIMM_v2.82506_PUBLIC.pdf,2026-10-02,6d39aa13282428baffc684274d8b4d921933d9913ae640a6ed2e0280b18e47cf,VERIFIED_PRIMARY,"two extractors agree (PyMuPDF, markitdown; sequence) + page image check"
2.8+2506,IR,ct_group_member,regular_less_well_traded,HKD,1,membership,"ISDA SIMM Methodology v2.8+2506 (based on v2.8+2506.1, 14 October 2025)",2.8+2506,2025-12-06,J.1,75(3),text of paragraph 75(3) (no table),26,https://www.isda.org/a/f2RgE/ISDA-SIMM_v2.82506_PUBLIC.pdf,2026-10-02,6d39aa13282428baffc684274d8b4d921933d9913ae640a6ed2e0280b18e47cf,VERIFIED_PRIMARY,"two extractors agree (PyMuPDF, markitdown; sequence) + page image check"
2.8+2506,IR,ct_group_member,regular_less_well_traded,KRW,1,membership,"ISDA SIMM Methodology v2.8+2506 (based on v2.8+2506.1, 14 October 2025)",2.8+2506,2025-12-06,J.1,75(3),text of paragraph 75(3) (no table),26,https://www.isda.org/a/f2RgE/ISDA-SIMM_v2.82506_PUBLIC.pdf,2026-10-02,6d39aa13282428baffc684274d8b4d921933d9913ae640a6ed2e0280b18e47cf,VERIFIED_PRIMARY,"two extractors agree (PyMuPDF, markitdown; sequence) + page image check"
2.8+2506,IR,ct_group_member,regular_less_well_traded,NOK,1,membership,"ISDA SIMM Methodology v2.8+2506 (based on v2.8+2506.1, 14 October 2025)",2.8+2506,2025-12-06,J.1,75(3),text of paragraph 75(3) (no table),26,https://www.isda.org/a/f2RgE/ISDA-SIMM_v2.82506_PUBLIC.pdf,2026-10-02,6d39aa13282428baffc684274d8b4d921933d9913ae640a6ed2e0280b18e47cf,VERIFIED_PRIMARY,"two extractors agree (PyMuPDF, markitdown; sequence) + page image check"
2.8+2506,IR,ct_group_member,regular_less_well_traded,NZD,1,membership,"ISDA SIMM Methodology v2.8+2506 (based on v2.8+2506.1, 14 October 2025)",2.8+2506,2025-12-06,J.1,75(3),text of paragraph 75(3) (no table),26,https://www.isda.org/a/f2RgE/ISDA-SIMM_v2.82506_PUBLIC.pdf,2026-10-02,6d39aa13282428baffc684274d8b4d921933d9913ae640a6ed2e0280b18e47cf,VERIFIED_PRIMARY,"two extractors agree (PyMuPDF, markitdown; sequence) + page image check"
2.8+2506,IR,ct_group_member,regular_less_well_traded,SEK,1,membership,"ISDA SIMM Methodology v2.8+2506 (based on v2.8+2506.1, 14 October 2025)",2.8+2506,2025-12-06,J.1,75(3),text of paragraph 75(3) (no table),26,https://www.isda.org/a/f2RgE/ISDA-SIMM_v2.82506_PUBLIC.pdf,2026-10-02,6d39aa13282428baffc684274d8b4d921933d9913ae640a6ed2e0280b18e47cf,VERIFIED_PRIMARY,"two extractors agree (PyMuPDF, markitdown; sequence) + page image check"
2.8+2506,IR,ct_group_member,regular_less_well_traded,SGD,1,membership,"ISDA SIMM Methodology v2.8+2506 (based on v2.8+2506.1, 14 October 2025)",2.8+2506,2025-12-06,J.1,75(3),text of paragraph 75(3) (no table),26,https://www.isda.org/a/f2RgE/ISDA-SIMM_v2.82506_PUBLIC.pdf,2026-10-02,6d39aa13282428baffc684274d8b4d921933d9913ae640a6ed2e0280b18e47cf,VERIFIED_PRIMARY,"two extractors agree (PyMuPDF, markitdown; sequence) + page image check"
2.8+2506,IR,ct_group_member,regular_less_well_traded,TWD,1,membership,"ISDA SIMM Methodology v2.8+2506 (based on v2.8+2506.1, 14 October 2025)",2.8+2506,2025-12-06,J.1,75(3),text of paragraph 75(3) (no table),26,https://www.isda.org/a/f2RgE/ISDA-SIMM_v2.82506_PUBLIC.pdf,2026-10-02,6d39aa13282428baffc684274d8b4d921933d9913ae640a6ed2e0280b18e47cf,VERIFIED_PRIMARY,"two extractors agree (PyMuPDF, markitdown; sequence) + page image check"
2.8+2506,IR,ct_group_member,low,JPY,1,membership,"ISDA SIMM Methodology v2.8+2506 (based on v2.8+2506.1, 14 October 2025)",2.8+2506,2025-12-06,J.1,75(4),text of paragraph 75(4) (no table),26,https://www.isda.org/a/f2RgE/ISDA-SIMM_v2.82506_PUBLIC.pdf,2026-10-02,6d39aa13282428baffc684274d8b4d921933d9913ae640a6ed2e0280b18e47cf,VERIFIED_PRIMARY,"two extractors agree (PyMuPDF, markitdown; sequence) + page image check"
2.8+2506,IR,ct_group_member,high,ALL_OTHER,1,membership,"ISDA SIMM Methodology v2.8+2506 (based on v2.8+2506.1, 14 October 2025)",2.8+2506,2025-12-06,J.1,75(1),all other currencies,26,https://www.isda.org/a/f2RgE/ISDA-SIMM_v2.82506_PUBLIC.pdf,2026-10-02,6d39aa13282428baffc684274d8b4d921933d9913ae640a6ed2e0280b18e47cf,VERIFIED_PRIMARY,"two extractors agree (PyMuPDF, markitdown; sequence) + page image check"
2.8+2506,FX,high_vol_member,high,ARS,1,membership,"ISDA SIMM Methodology v2.8+2506 (based on v2.8+2506.1, 14 October 2025)",2.8+2506,2025-12-06,I.1,67,text of paragraph 67 (no table),24,https://www.isda.org/a/f2RgE/ISDA-SIMM_v2.82506_PUBLIC.pdf,2026-10-02,6d39aa13282428baffc684274d8b4d921933d9913ae640a6ed2e0280b18e47cf,VERIFIED_PRIMARY,"two extractors agree (PyMuPDF, markitdown; sequence) + page image check"
2.8+2506,FX,high_vol_member,high,EGP,1,membership,"ISDA SIMM Methodology v2.8+2506 (based on v2.8+2506.1, 14 October 2025)",2.8+2506,2025-12-06,I.1,67,text of paragraph 67 (no table),24,https://www.isda.org/a/f2RgE/ISDA-SIMM_v2.82506_PUBLIC.pdf,2026-10-02,6d39aa13282428baffc684274d8b4d921933d9913ae640a6ed2e0280b18e47cf,VERIFIED_PRIMARY,"two extractors agree (PyMuPDF, markitdown; sequence) + page image check"
2.8+2506,FX,high_vol_member,high,ETB,1,membership,"ISDA SIMM Methodology v2.8+2506 (based on v2.8+2506.1, 14 October 2025)",2.8+2506,2025-12-06,I.1,67,text of paragraph 67 (no table),24,https://www.isda.org/a/f2RgE/ISDA-SIMM_v2.82506_PUBLIC.pdf,2026-10-02,6d39aa13282428baffc684274d8b4d921933d9913ae640a6ed2e0280b18e47cf,VERIFIED_PRIMARY,"two extractors agree (PyMuPDF, markitdown; sequence) + page image check"
2.8+2506,FX,high_vol_member,high,GHS,1,membership,"ISDA SIMM Methodology v2.8+2506 (based on v2.8+2506.1, 14 October 2025)",2.8+2506,2025-12-06,I.1,67,text of paragraph 67 (no table),24,https://www.isda.org/a/f2RgE/ISDA-SIMM_v2.82506_PUBLIC.pdf,2026-10-02,6d39aa13282428baffc684274d8b4d921933d9913ae640a6ed2e0280b18e47cf,VERIFIED_PRIMARY,"two extractors agree (PyMuPDF, markitdown; sequence) + page image check"
2.8+2506,FX,high_vol_member,high,LBP,1,membership,"ISDA SIMM Methodology v2.8+2506 (based on v2.8+2506.1, 14 October 2025)",2.8+2506,2025-12-06,I.1,67,text of paragraph 67 (no table),24,https://www.isda.org/a/f2RgE/ISDA-SIMM_v2.82506_PUBLIC.pdf,2026-10-02,6d39aa13282428baffc684274d8b4d921933d9913ae640a6ed2e0280b18e47cf,VERIFIED_PRIMARY,"two extractors agree (PyMuPDF, markitdown; sequence) + page image check"
2.8+2506,FX,high_vol_member,high,NGN,1,membership,"ISDA SIMM Methodology v2.8+2506 (based on v2.8+2506.1, 14 October 2025)",2.8+2506,2025-12-06,I.1,67,text of paragraph 67 (no table),24,https://www.isda.org/a/f2RgE/ISDA-SIMM_v2.82506_PUBLIC.pdf,2026-10-02,6d39aa13282428baffc684274d8b4d921933d9913ae640a6ed2e0280b18e47cf,VERIFIED_PRIMARY,"two extractors agree (PyMuPDF, markitdown; sequence) + page image check"
2.8+2506,FX,high_vol_member,high,RUB,1,membership,"ISDA SIMM Methodology v2.8+2506 (based on v2.8+2506.1, 14 October 2025)",2.8+2506,2025-12-06,I.1,67,text of paragraph 67 (no table),24,https://www.isda.org/a/f2RgE/ISDA-SIMM_v2.82506_PUBLIC.pdf,2026-10-02,6d39aa13282428baffc684274d8b4d921933d9913ae640a6ed2e0280b18e47cf,VERIFIED_PRIMARY,"two extractors agree (PyMuPDF, markitdown; sequence) + page image check"
2.8+2506,FX,high_vol_member,high,SCR,1,membership,"ISDA SIMM Methodology v2.8+2506 (based on v2.8+2506.1, 14 October 2025)",2.8+2506,2025-12-06,I.1,67,text of paragraph 67 (no table),24,https://www.isda.org/a/f2RgE/ISDA-SIMM_v2.82506_PUBLIC.pdf,2026-10-02,6d39aa13282428baffc684274d8b4d921933d9913ae640a6ed2e0280b18e47cf,VERIFIED_PRIMARY,"two extractors agree (PyMuPDF, markitdown; sequence) + page image check"
2.8+2506,FX,high_vol_member,high,VES,1,membership,"ISDA SIMM Methodology v2.8+2506 (based on v2.8+2506.1, 14 October 2025)",2.8+2506,2025-12-06,I.1,67,text of paragraph 67 (no table),24,https://www.isda.org/a/f2RgE/ISDA-SIMM_v2.82506_PUBLIC.pdf,2026-10-02,6d39aa13282428baffc684274d8b4d921933d9913ae640a6ed2e0280b18e47cf,VERIFIED_PRIMARY,"two extractors agree (PyMuPDF, markitdown; sequence) + page image check"
2.8+2506,FX,high_vol_member,high,ZMW,1,membership,"ISDA SIMM Methodology v2.8+2506 (based on v2.8+2506.1, 14 October 2025)",2.8+2506,2025-12-06,I.1,67,text of paragraph 67 (no table),24,https://www.isda.org/a/f2RgE/ISDA-SIMM_v2.82506_PUBLIC.pdf,2026-10-02,6d39aa13282428baffc684274d8b4d921933d9913ae640a6ed2e0280b18e47cf,VERIFIED_PRIMARY,"two extractors agree (PyMuPDF, markitdown; sequence) + page image check"
2.8+2506,FX,high_vol_member,regular,ALL_OTHER,1,membership,"ISDA SIMM Methodology v2.8+2506 (based on v2.8+2506.1, 14 October 2025)",2.8+2506,2025-12-06,I.1,68,all other currencies,24,https://www.isda.org/a/f2RgE/ISDA-SIMM_v2.82506_PUBLIC.pdf,2026-10-02,6d39aa13282428baffc684274d8b4d921933d9913ae640a6ed2e0280b18e47cf,VERIFIED_PRIMARY,"two extractors agree (PyMuPDF, markitdown; sequence) + page image check"
2.8+2506,FX,delta_rw,regular,regular,7.1,multiplier of per-1% sensitivity,"ISDA SIMM Methodology v2.8+2506 (based on v2.8+2506.1, 14 October 2025)",2.8+2506,2025-12-06,I.1,69,"FX risk weight table (key1=FX vol group of the given currency, key2=FX vol group of the calculation currency)",24,https://www.isda.org/a/f2RgE/ISDA-SIMM_v2.82506_PUBLIC.pdf,2026-10-02,6d39aa13282428baffc684274d8b4d921933d9913ae640a6ed2e0280b18e47cf,VERIFIED_PRIMARY,"two extractors agree (PyMuPDF, markitdown; sequence) + page image check"
2.8+2506,FX,delta_rw,regular,high,18,multiplier of per-1% sensitivity,"ISDA SIMM Methodology v2.8+2506 (based on v2.8+2506.1, 14 October 2025)",2.8+2506,2025-12-06,I.1,69,"FX risk weight table (key1=FX vol group of the given currency, key2=FX vol group of the calculation currency)",24,https://www.isda.org/a/f2RgE/ISDA-SIMM_v2.82506_PUBLIC.pdf,2026-10-02,6d39aa13282428baffc684274d8b4d921933d9913ae640a6ed2e0280b18e47cf,VERIFIED_PRIMARY,"two extractors agree (PyMuPDF, markitdown; sequence) + page image check"
2.8+2506,FX,delta_rw,high,regular,18,multiplier of per-1% sensitivity,"ISDA SIMM Methodology v2.8+2506 (based on v2.8+2506.1, 14 October 2025)",2.8+2506,2025-12-06,I.1,69,"FX risk weight table (key1=FX vol group of the given currency, key2=FX vol group of the calculation currency)",24,https://www.isda.org/a/f2RgE/ISDA-SIMM_v2.82506_PUBLIC.pdf,2026-10-02,6d39aa13282428baffc684274d8b4d921933d9913ae640a6ed2e0280b18e47cf,VERIFIED_PRIMARY,"two extractors agree (PyMuPDF, markitdown; sequence) + page image check"
2.8+2506,FX,delta_rw,high,high,30.6,multiplier of per-1% sensitivity,"ISDA SIMM Methodology v2.8+2506 (based on v2.8+2506.1, 14 October 2025)",2.8+2506,2025-12-06,I.1,69,"FX risk weight table (key1=FX vol group of the given currency, key2=FX vol group of the calculation currency)",24,https://www.isda.org/a/f2RgE/ISDA-SIMM_v2.82506_PUBLIC.pdf,2026-10-02,6d39aa13282428baffc684274d8b4d921933d9913ae640a6ed2e0280b18e47cf,VERIFIED_PRIMARY,"two extractors agree (PyMuPDF, markitdown; sequence) + page image check"
2.8+2506,FX,hvr,,,0.68,ratio,"ISDA SIMM Methodology v2.8+2506 (based on v2.8+2506.1, 14 October 2025)",2.8+2506,2025-12-06,I.1,70,text of paragraph 70 (no table),24,https://www.isda.org/a/f2RgE/ISDA-SIMM_v2.82506_PUBLIC.pdf,2026-10-02,6d39aa13282428baffc684274d8b4d921933d9913ae640a6ed2e0280b18e47cf,VERIFIED_PRIMARY,"two extractors agree (PyMuPDF, markitdown; sequence) + page image check"
2.8+2506,FX,vega_rw,,,0.34,ratio,"ISDA SIMM Methodology v2.8+2506 (based on v2.8+2506.1, 14 October 2025)",2.8+2506,2025-12-06,I.1,71,text of paragraph 71 (no table),24,https://www.isda.org/a/f2RgE/ISDA-SIMM_v2.82506_PUBLIC.pdf,2026-10-02,6d39aa13282428baffc684274d8b4d921933d9913ae640a6ed2e0280b18e47cf,VERIFIED_PRIMARY,"two extractors agree (PyMuPDF, markitdown; sequence) + page image check"
2.8+2506,FX,delta_corr_calc_regular,regular,regular,0.5,fraction,"ISDA SIMM Methodology v2.8+2506 (based on v2.8+2506.1, 14 October 2025)",2.8+2506,2025-12-06,I.2,72,"FX correlation table, calculation currency in the regular FX vol group (key1, key2 = FX vol groups of the two risk factors)",24,https://www.isda.org/a/f2RgE/ISDA-SIMM_v2.82506_PUBLIC.pdf,2026-10-02,6d39aa13282428baffc684274d8b4d921933d9913ae640a6ed2e0280b18e47cf,VERIFIED_PRIMARY,"two extractors agree (PyMuPDF, markitdown; sequence) + page image check"
2.8+2506,FX,delta_corr_calc_regular,regular,high,0.2,fraction,"ISDA SIMM Methodology v2.8+2506 (based on v2.8+2506.1, 14 October 2025)",2.8+2506,2025-12-06,I.2,72,"FX correlation table, calculation currency in the regular FX vol group (key1, key2 = FX vol groups of the two risk factors)",24,https://www.isda.org/a/f2RgE/ISDA-SIMM_v2.82506_PUBLIC.pdf,2026-10-02,6d39aa13282428baffc684274d8b4d921933d9913ae640a6ed2e0280b18e47cf,VERIFIED_PRIMARY,"two extractors agree (PyMuPDF, markitdown; sequence) + page image check"
2.8+2506,FX,delta_corr_calc_regular,high,regular,0.2,fraction,"ISDA SIMM Methodology v2.8+2506 (based on v2.8+2506.1, 14 October 2025)",2.8+2506,2025-12-06,I.2,72,"FX correlation table, calculation currency in the regular FX vol group (key1, key2 = FX vol groups of the two risk factors)",24,https://www.isda.org/a/f2RgE/ISDA-SIMM_v2.82506_PUBLIC.pdf,2026-10-02,6d39aa13282428baffc684274d8b4d921933d9913ae640a6ed2e0280b18e47cf,VERIFIED_PRIMARY,"two extractors agree (PyMuPDF, markitdown; sequence) + page image check"
2.8+2506,FX,delta_corr_calc_regular,high,high,0.08,fraction,"ISDA SIMM Methodology v2.8+2506 (based on v2.8+2506.1, 14 October 2025)",2.8+2506,2025-12-06,I.2,72,"FX correlation table, calculation currency in the regular FX vol group (key1, key2 = FX vol groups of the two risk factors)",24,https://www.isda.org/a/f2RgE/ISDA-SIMM_v2.82506_PUBLIC.pdf,2026-10-02,6d39aa13282428baffc684274d8b4d921933d9913ae640a6ed2e0280b18e47cf,VERIFIED_PRIMARY,"two extractors agree (PyMuPDF, markitdown; sequence) + page image check"
2.8+2506,FX,delta_corr_calc_high,regular,regular,0.92,fraction,"ISDA SIMM Methodology v2.8+2506 (based on v2.8+2506.1, 14 October 2025)",2.8+2506,2025-12-06,I.2,72,"FX correlation table, calculation currency in the high FX vol group (key1, key2 = FX vol groups of the two risk factors)",25,https://www.isda.org/a/f2RgE/ISDA-SIMM_v2.82506_PUBLIC.pdf,2026-10-02,6d39aa13282428baffc684274d8b4d921933d9913ae640a6ed2e0280b18e47cf,VERIFIED_PRIMARY,"two extractors agree (PyMuPDF, markitdown; sequence) + page image check"
2.8+2506,FX,delta_corr_calc_high,regular,high,0.68,fraction,"ISDA SIMM Methodology v2.8+2506 (based on v2.8+2506.1, 14 October 2025)",2.8+2506,2025-12-06,I.2,72,"FX correlation table, calculation currency in the high FX vol group (key1, key2 = FX vol groups of the two risk factors)",25,https://www.isda.org/a/f2RgE/ISDA-SIMM_v2.82506_PUBLIC.pdf,2026-10-02,6d39aa13282428baffc684274d8b4d921933d9913ae640a6ed2e0280b18e47cf,VERIFIED_PRIMARY,"two extractors agree (PyMuPDF, markitdown; sequence) + page image check"
2.8+2506,FX,delta_corr_calc_high,high,regular,0.68,fraction,"ISDA SIMM Methodology v2.8+2506 (based on v2.8+2506.1, 14 October 2025)",2.8+2506,2025-12-06,I.2,72,"FX correlation table, calculation currency in the high FX vol group (key1, key2 = FX vol groups of the two risk factors)",25,https://www.isda.org/a/f2RgE/ISDA-SIMM_v2.82506_PUBLIC.pdf,2026-10-02,6d39aa13282428baffc684274d8b4d921933d9913ae640a6ed2e0280b18e47cf,VERIFIED_PRIMARY,"two extractors agree (PyMuPDF, markitdown; sequence) + page image check"
2.8+2506,FX,delta_corr_calc_high,high,high,0.5,fraction,"ISDA SIMM Methodology v2.8+2506 (based on v2.8+2506.1, 14 October 2025)",2.8+2506,2025-12-06,I.2,72,"FX correlation table, calculation currency in the high FX vol group (key1, key2 = FX vol groups of the two risk factors)",25,https://www.isda.org/a/f2RgE/ISDA-SIMM_v2.82506_PUBLIC.pdf,2026-10-02,6d39aa13282428baffc684274d8b4d921933d9913ae640a6ed2e0280b18e47cf,VERIFIED_PRIMARY,"two extractors agree (PyMuPDF, markitdown; sequence) + page image check"
2.8+2506,FX,vol_curvature_corr,,,0.5,fraction,"ISDA SIMM Methodology v2.8+2506 (based on v2.8+2506.1, 14 October 2025)",2.8+2506,2025-12-06,I.2,73,text of paragraph 73 (no table),25,https://www.isda.org/a/f2RgE/ISDA-SIMM_v2.82506_PUBLIC.pdf,2026-10-02,6d39aa13282428baffc684274d8b4d921933d9913ae640a6ed2e0280b18e47cf,VERIFIED_PRIMARY,"two extractors agree (PyMuPDF, markitdown; sequence) + page image check"
2.8+2506,FX,delta_ct,Category 1,,3100,USD mm per percent,"ISDA SIMM Methodology v2.8+2506 (based on v2.8+2506.1, 14 October 2025)",2.8+2506,2025-12-06,J.5,79,text of paragraph 79 (no table),27,https://www.isda.org/a/f2RgE/ISDA-SIMM_v2.82506_PUBLIC.pdf,2026-10-02,6d39aa13282428baffc684274d8b4d921933d9913ae640a6ed2e0280b18e47cf,VERIFIED_PRIMARY,"two extractors agree (PyMuPDF, markitdown; sequence) + page image check"
2.8+2506,FX,delta_ct,Category 2,,950,USD mm per percent,"ISDA SIMM Methodology v2.8+2506 (based on v2.8+2506.1, 14 October 2025)",2.8+2506,2025-12-06,J.5,79,text of paragraph 79 (no table),27,https://www.isda.org/a/f2RgE/ISDA-SIMM_v2.82506_PUBLIC.pdf,2026-10-02,6d39aa13282428baffc684274d8b4d921933d9913ae640a6ed2e0280b18e47cf,VERIFIED_PRIMARY,"two extractors agree (PyMuPDF, markitdown; sequence) + page image check"
2.8+2506,FX,delta_ct,Category 3,,160,USD mm per percent,"ISDA SIMM Methodology v2.8+2506 (based on v2.8+2506.1, 14 October 2025)",2.8+2506,2025-12-06,J.5,79,text of paragraph 79 (no table),27,https://www.isda.org/a/f2RgE/ISDA-SIMM_v2.82506_PUBLIC.pdf,2026-10-02,6d39aa13282428baffc684274d8b4d921933d9913ae640a6ed2e0280b18e47cf,VERIFIED_PRIMARY,"two extractors agree (PyMuPDF, markitdown; sequence) + page image check"
2.8+2506,FX,vega_ct,Category 1,Category 1,2800,USD mm,"ISDA SIMM Methodology v2.8+2506 (based on v2.8+2506.1, 14 October 2025)",2.8+2506,2025-12-06,J.10,86,text of paragraph 86 (no table),28,https://www.isda.org/a/f2RgE/ISDA-SIMM_v2.82506_PUBLIC.pdf,2026-10-02,6d39aa13282428baffc684274d8b4d921933d9913ae640a6ed2e0280b18e47cf,VERIFIED_PRIMARY,"two extractors agree (PyMuPDF, markitdown; sequence) + page image check"
2.8+2506,FX,vega_ct,Category 1,Category 2,1400,USD mm,"ISDA SIMM Methodology v2.8+2506 (based on v2.8+2506.1, 14 October 2025)",2.8+2506,2025-12-06,J.10,86,text of paragraph 86 (no table),28,https://www.isda.org/a/f2RgE/ISDA-SIMM_v2.82506_PUBLIC.pdf,2026-10-02,6d39aa13282428baffc684274d8b4d921933d9913ae640a6ed2e0280b18e47cf,VERIFIED_PRIMARY,"two extractors agree (PyMuPDF, markitdown; sequence) + page image check"
2.8+2506,FX,vega_ct,Category 1,Category 3,740,USD mm,"ISDA SIMM Methodology v2.8+2506 (based on v2.8+2506.1, 14 October 2025)",2.8+2506,2025-12-06,J.10,86,text of paragraph 86 (no table),28,https://www.isda.org/a/f2RgE/ISDA-SIMM_v2.82506_PUBLIC.pdf,2026-10-02,6d39aa13282428baffc684274d8b4d921933d9913ae640a6ed2e0280b18e47cf,VERIFIED_PRIMARY,"two extractors agree (PyMuPDF, markitdown; sequence) + page image check"
2.8+2506,FX,vega_ct,Category 2,Category 2,670,USD mm,"ISDA SIMM Methodology v2.8+2506 (based on v2.8+2506.1, 14 October 2025)",2.8+2506,2025-12-06,J.10,86,text of paragraph 86 (no table),28,https://www.isda.org/a/f2RgE/ISDA-SIMM_v2.82506_PUBLIC.pdf,2026-10-02,6d39aa13282428baffc684274d8b4d921933d9913ae640a6ed2e0280b18e47cf,VERIFIED_PRIMARY,"two extractors agree (PyMuPDF, markitdown; sequence) + page image check"
2.8+2506,FX,vega_ct,Category 2,Category 3,440,USD mm,"ISDA SIMM Methodology v2.8+2506 (based on v2.8+2506.1, 14 October 2025)",2.8+2506,2025-12-06,J.10,86,text of paragraph 86 (no table),28,https://www.isda.org/a/f2RgE/ISDA-SIMM_v2.82506_PUBLIC.pdf,2026-10-02,6d39aa13282428baffc684274d8b4d921933d9913ae640a6ed2e0280b18e47cf,VERIFIED_PRIMARY,"two extractors agree (PyMuPDF, markitdown; sequence) + page image check"
2.8+2506,FX,vega_ct,Category 3,Category 3,270,USD mm,"ISDA SIMM Methodology v2.8+2506 (based on v2.8+2506.1, 14 October 2025)",2.8+2506,2025-12-06,J.10,86,text of paragraph 86 (no table),28,https://www.isda.org/a/f2RgE/ISDA-SIMM_v2.82506_PUBLIC.pdf,2026-10-02,6d39aa13282428baffc684274d8b4d921933d9913ae640a6ed2e0280b18e47cf,VERIFIED_PRIMARY,"two extractors agree (PyMuPDF, markitdown; sequence) + page image check"
2.8+2506,FX,ct_category_member,Category 1,USD,1,membership,"ISDA SIMM Methodology v2.8+2506 (based on v2.8+2506.1, 14 October 2025)",2.8+2506,2025-12-06,J.5,80,text of paragraph 80 (no table),27,https://www.isda.org/a/f2RgE/ISDA-SIMM_v2.82506_PUBLIC.pdf,2026-10-02,6d39aa13282428baffc684274d8b4d921933d9913ae640a6ed2e0280b18e47cf,VERIFIED_PRIMARY,"two extractors agree (PyMuPDF, markitdown; sequence) + page image check"
2.8+2506,FX,ct_category_member,Category 1,EUR,1,membership,"ISDA SIMM Methodology v2.8+2506 (based on v2.8+2506.1, 14 October 2025)",2.8+2506,2025-12-06,J.5,80,text of paragraph 80 (no table),27,https://www.isda.org/a/f2RgE/ISDA-SIMM_v2.82506_PUBLIC.pdf,2026-10-02,6d39aa13282428baffc684274d8b4d921933d9913ae640a6ed2e0280b18e47cf,VERIFIED_PRIMARY,"two extractors agree (PyMuPDF, markitdown; sequence) + page image check"
2.8+2506,FX,ct_category_member,Category 1,JPY,1,membership,"ISDA SIMM Methodology v2.8+2506 (based on v2.8+2506.1, 14 October 2025)",2.8+2506,2025-12-06,J.5,80,text of paragraph 80 (no table),27,https://www.isda.org/a/f2RgE/ISDA-SIMM_v2.82506_PUBLIC.pdf,2026-10-02,6d39aa13282428baffc684274d8b4d921933d9913ae640a6ed2e0280b18e47cf,VERIFIED_PRIMARY,"two extractors agree (PyMuPDF, markitdown; sequence) + page image check"
2.8+2506,FX,ct_category_member,Category 1,GBP,1,membership,"ISDA SIMM Methodology v2.8+2506 (based on v2.8+2506.1, 14 October 2025)",2.8+2506,2025-12-06,J.5,80,text of paragraph 80 (no table),27,https://www.isda.org/a/f2RgE/ISDA-SIMM_v2.82506_PUBLIC.pdf,2026-10-02,6d39aa13282428baffc684274d8b4d921933d9913ae640a6ed2e0280b18e47cf,VERIFIED_PRIMARY,"two extractors agree (PyMuPDF, markitdown; sequence) + page image check"
2.8+2506,FX,ct_category_member,Category 1,AUD,1,membership,"ISDA SIMM Methodology v2.8+2506 (based on v2.8+2506.1, 14 October 2025)",2.8+2506,2025-12-06,J.5,80,text of paragraph 80 (no table),27,https://www.isda.org/a/f2RgE/ISDA-SIMM_v2.82506_PUBLIC.pdf,2026-10-02,6d39aa13282428baffc684274d8b4d921933d9913ae640a6ed2e0280b18e47cf,VERIFIED_PRIMARY,"two extractors agree (PyMuPDF, markitdown; sequence) + page image check"
2.8+2506,FX,ct_category_member,Category 1,CHF,1,membership,"ISDA SIMM Methodology v2.8+2506 (based on v2.8+2506.1, 14 October 2025)",2.8+2506,2025-12-06,J.5,80,text of paragraph 80 (no table),27,https://www.isda.org/a/f2RgE/ISDA-SIMM_v2.82506_PUBLIC.pdf,2026-10-02,6d39aa13282428baffc684274d8b4d921933d9913ae640a6ed2e0280b18e47cf,VERIFIED_PRIMARY,"two extractors agree (PyMuPDF, markitdown; sequence) + page image check"
2.8+2506,FX,ct_category_member,Category 1,CAD,1,membership,"ISDA SIMM Methodology v2.8+2506 (based on v2.8+2506.1, 14 October 2025)",2.8+2506,2025-12-06,J.5,80,text of paragraph 80 (no table),27,https://www.isda.org/a/f2RgE/ISDA-SIMM_v2.82506_PUBLIC.pdf,2026-10-02,6d39aa13282428baffc684274d8b4d921933d9913ae640a6ed2e0280b18e47cf,VERIFIED_PRIMARY,"two extractors agree (PyMuPDF, markitdown; sequence) + page image check"
2.8+2506,FX,ct_category_member,Category 2,BRL,1,membership,"ISDA SIMM Methodology v2.8+2506 (based on v2.8+2506.1, 14 October 2025)",2.8+2506,2025-12-06,J.5,80,text of paragraph 80 (no table),27,https://www.isda.org/a/f2RgE/ISDA-SIMM_v2.82506_PUBLIC.pdf,2026-10-02,6d39aa13282428baffc684274d8b4d921933d9913ae640a6ed2e0280b18e47cf,VERIFIED_PRIMARY,"two extractors agree (PyMuPDF, markitdown; sequence) + page image check"
2.8+2506,FX,ct_category_member,Category 2,CNY,1,membership,"ISDA SIMM Methodology v2.8+2506 (based on v2.8+2506.1, 14 October 2025)",2.8+2506,2025-12-06,J.5,80,text of paragraph 80 (no table),27,https://www.isda.org/a/f2RgE/ISDA-SIMM_v2.82506_PUBLIC.pdf,2026-10-02,6d39aa13282428baffc684274d8b4d921933d9913ae640a6ed2e0280b18e47cf,VERIFIED_PRIMARY,"two extractors agree (PyMuPDF, markitdown; sequence) + page image check"
2.8+2506,FX,ct_category_member,Category 2,HKD,1,membership,"ISDA SIMM Methodology v2.8+2506 (based on v2.8+2506.1, 14 October 2025)",2.8+2506,2025-12-06,J.5,80,text of paragraph 80 (no table),27,https://www.isda.org/a/f2RgE/ISDA-SIMM_v2.82506_PUBLIC.pdf,2026-10-02,6d39aa13282428baffc684274d8b4d921933d9913ae640a6ed2e0280b18e47cf,VERIFIED_PRIMARY,"two extractors agree (PyMuPDF, markitdown; sequence) + page image check"
2.8+2506,FX,ct_category_member,Category 2,INR,1,membership,"ISDA SIMM Methodology v2.8+2506 (based on v2.8+2506.1, 14 October 2025)",2.8+2506,2025-12-06,J.5,80,text of paragraph 80 (no table),27,https://www.isda.org/a/f2RgE/ISDA-SIMM_v2.82506_PUBLIC.pdf,2026-10-02,6d39aa13282428baffc684274d8b4d921933d9913ae640a6ed2e0280b18e47cf,VERIFIED_PRIMARY,"two extractors agree (PyMuPDF, markitdown; sequence) + page image check"
2.8+2506,FX,ct_category_member,Category 2,KRW,1,membership,"ISDA SIMM Methodology v2.8+2506 (based on v2.8+2506.1, 14 October 2025)",2.8+2506,2025-12-06,J.5,80,text of paragraph 80 (no table),27,https://www.isda.org/a/f2RgE/ISDA-SIMM_v2.82506_PUBLIC.pdf,2026-10-02,6d39aa13282428baffc684274d8b4d921933d9913ae640a6ed2e0280b18e47cf,VERIFIED_PRIMARY,"two extractors agree (PyMuPDF, markitdown; sequence) + page image check"
2.8+2506,FX,ct_category_member,Category 2,MXN,1,membership,"ISDA SIMM Methodology v2.8+2506 (based on v2.8+2506.1, 14 October 2025)",2.8+2506,2025-12-06,J.5,80,text of paragraph 80 (no table),27,https://www.isda.org/a/f2RgE/ISDA-SIMM_v2.82506_PUBLIC.pdf,2026-10-02,6d39aa13282428baffc684274d8b4d921933d9913ae640a6ed2e0280b18e47cf,VERIFIED_PRIMARY,"two extractors agree (PyMuPDF, markitdown; sequence) + page image check"
2.8+2506,FX,ct_category_member,Category 2,NOK,1,membership,"ISDA SIMM Methodology v2.8+2506 (based on v2.8+2506.1, 14 October 2025)",2.8+2506,2025-12-06,J.5,80,text of paragraph 80 (no table),27,https://www.isda.org/a/f2RgE/ISDA-SIMM_v2.82506_PUBLIC.pdf,2026-10-02,6d39aa13282428baffc684274d8b4d921933d9913ae640a6ed2e0280b18e47cf,VERIFIED_PRIMARY,"two extractors agree (PyMuPDF, markitdown; sequence) + page image check"
2.8+2506,FX,ct_category_member,Category 2,NZD,1,membership,"ISDA SIMM Methodology v2.8+2506 (based on v2.8+2506.1, 14 October 2025)",2.8+2506,2025-12-06,J.5,80,text of paragraph 80 (no table),27,https://www.isda.org/a/f2RgE/ISDA-SIMM_v2.82506_PUBLIC.pdf,2026-10-02,6d39aa13282428baffc684274d8b4d921933d9913ae640a6ed2e0280b18e47cf,VERIFIED_PRIMARY,"two extractors agree (PyMuPDF, markitdown; sequence) + page image check"
2.8+2506,FX,ct_category_member,Category 2,RUB,1,membership,"ISDA SIMM Methodology v2.8+2506 (based on v2.8+2506.1, 14 October 2025)",2.8+2506,2025-12-06,J.5,80,text of paragraph 80 (no table),27,https://www.isda.org/a/f2RgE/ISDA-SIMM_v2.82506_PUBLIC.pdf,2026-10-02,6d39aa13282428baffc684274d8b4d921933d9913ae640a6ed2e0280b18e47cf,VERIFIED_PRIMARY,"two extractors agree (PyMuPDF, markitdown; sequence) + page image check"
2.8+2506,FX,ct_category_member,Category 2,SEK,1,membership,"ISDA SIMM Methodology v2.8+2506 (based on v2.8+2506.1, 14 October 2025)",2.8+2506,2025-12-06,J.5,80,text of paragraph 80 (no table),27,https://www.isda.org/a/f2RgE/ISDA-SIMM_v2.82506_PUBLIC.pdf,2026-10-02,6d39aa13282428baffc684274d8b4d921933d9913ae640a6ed2e0280b18e47cf,VERIFIED_PRIMARY,"two extractors agree (PyMuPDF, markitdown; sequence) + page image check"
2.8+2506,FX,ct_category_member,Category 2,SGD,1,membership,"ISDA SIMM Methodology v2.8+2506 (based on v2.8+2506.1, 14 October 2025)",2.8+2506,2025-12-06,J.5,80,text of paragraph 80 (no table),27,https://www.isda.org/a/f2RgE/ISDA-SIMM_v2.82506_PUBLIC.pdf,2026-10-02,6d39aa13282428baffc684274d8b4d921933d9913ae640a6ed2e0280b18e47cf,VERIFIED_PRIMARY,"two extractors agree (PyMuPDF, markitdown; sequence) + page image check"
2.8+2506,FX,ct_category_member,Category 2,TRY,1,membership,"ISDA SIMM Methodology v2.8+2506 (based on v2.8+2506.1, 14 October 2025)",2.8+2506,2025-12-06,J.5,80,text of paragraph 80 (no table),27,https://www.isda.org/a/f2RgE/ISDA-SIMM_v2.82506_PUBLIC.pdf,2026-10-02,6d39aa13282428baffc684274d8b4d921933d9913ae640a6ed2e0280b18e47cf,VERIFIED_PRIMARY,"two extractors agree (PyMuPDF, markitdown; sequence) + page image check"
2.8+2506,FX,ct_category_member,Category 2,ZAR,1,membership,"ISDA SIMM Methodology v2.8+2506 (based on v2.8+2506.1, 14 October 2025)",2.8+2506,2025-12-06,J.5,80,text of paragraph 80 (no table),27,https://www.isda.org/a/f2RgE/ISDA-SIMM_v2.82506_PUBLIC.pdf,2026-10-02,6d39aa13282428baffc684274d8b4d921933d9913ae640a6ed2e0280b18e47cf,VERIFIED_PRIMARY,"two extractors agree (PyMuPDF, markitdown; sequence) + page image check"
2.8+2506,FX,ct_category_member,Category 3,ALL_OTHER,1,membership,"ISDA SIMM Methodology v2.8+2506 (based on v2.8+2506.1, 14 October 2025)",2.8+2506,2025-12-06,J.5,80,all other currencies,27,https://www.isda.org/a/f2RgE/ISDA-SIMM_v2.82506_PUBLIC.pdf,2026-10-02,6d39aa13282428baffc684274d8b4d921933d9913ae640a6ed2e0280b18e47cf,VERIFIED_PRIMARY,"two extractors agree (PyMuPDF, markitdown; sequence) + page image check"
2.8+2506,ALL,curvature_sf_example,2w,,0.5,fraction,"ISDA SIMM Methodology v2.8+2506 (based on v2.8+2506.1, 14 October 2025)",2.8+2506,2025-12-06,B,11(a),SF example table (document rounds to 0.1 percent),7,https://www.isda.org/a/f2RgE/ISDA-SIMM_v2.82506_PUBLIC.pdf,2026-10-02,6d39aa13282428baffc684274d8b4d921933d9913ae640a6ed2e0280b18e47cf,VERIFIED_PRIMARY,"two extractors agree (PyMuPDF, markitdown; sequence) + page image check"
2.8+2506,ALL,curvature_sf_example,1m,,0.23,fraction,"ISDA SIMM Methodology v2.8+2506 (based on v2.8+2506.1, 14 October 2025)",2.8+2506,2025-12-06,B,11(a),SF example table (document rounds to 0.1 percent),7,https://www.isda.org/a/f2RgE/ISDA-SIMM_v2.82506_PUBLIC.pdf,2026-10-02,6d39aa13282428baffc684274d8b4d921933d9913ae640a6ed2e0280b18e47cf,VERIFIED_PRIMARY,"two extractors agree (PyMuPDF, markitdown; sequence) + page image check"
2.8+2506,ALL,curvature_sf_example,3m,,0.077,fraction,"ISDA SIMM Methodology v2.8+2506 (based on v2.8+2506.1, 14 October 2025)",2.8+2506,2025-12-06,B,11(a),SF example table (document rounds to 0.1 percent),7,https://www.isda.org/a/f2RgE/ISDA-SIMM_v2.82506_PUBLIC.pdf,2026-10-02,6d39aa13282428baffc684274d8b4d921933d9913ae640a6ed2e0280b18e47cf,VERIFIED_PRIMARY,"two extractors agree (PyMuPDF, markitdown; sequence) + page image check"
2.8+2506,ALL,curvature_sf_example,6m,,0.038,fraction,"ISDA SIMM Methodology v2.8+2506 (based on v2.8+2506.1, 14 October 2025)",2.8+2506,2025-12-06,B,11(a),SF example table (document rounds to 0.1 percent),7,https://www.isda.org/a/f2RgE/ISDA-SIMM_v2.82506_PUBLIC.pdf,2026-10-02,6d39aa13282428baffc684274d8b4d921933d9913ae640a6ed2e0280b18e47cf,VERIFIED_PRIMARY,"two extractors agree (PyMuPDF, markitdown; sequence) + page image check"
2.8+2506,ALL,curvature_sf_example,12m,,0.019,fraction,"ISDA SIMM Methodology v2.8+2506 (based on v2.8+2506.1, 14 October 2025)",2.8+2506,2025-12-06,B,11(a),SF example table (document rounds to 0.1 percent),7,https://www.isda.org/a/f2RgE/ISDA-SIMM_v2.82506_PUBLIC.pdf,2026-10-02,6d39aa13282428baffc684274d8b4d921933d9913ae640a6ed2e0280b18e47cf,VERIFIED_PRIMARY,"two extractors agree (PyMuPDF, markitdown; sequence) + page image check"
2.8+2506,ALL,curvature_sf_example,2y,,0.01,fraction,"ISDA SIMM Methodology v2.8+2506 (based on v2.8+2506.1, 14 October 2025)",2.8+2506,2025-12-06,B,11(a),SF example table (document rounds to 0.1 percent),7,https://www.isda.org/a/f2RgE/ISDA-SIMM_v2.82506_PUBLIC.pdf,2026-10-02,6d39aa13282428baffc684274d8b4d921933d9913ae640a6ed2e0280b18e47cf,VERIFIED_PRIMARY,"two extractors agree (PyMuPDF, markitdown; sequence) + page image check"
2.8+2506,ALL,curvature_sf_example,3y,,0.006,fraction,"ISDA SIMM Methodology v2.8+2506 (based on v2.8+2506.1, 14 October 2025)",2.8+2506,2025-12-06,B,11(a),SF example table (document rounds to 0.1 percent),7,https://www.isda.org/a/f2RgE/ISDA-SIMM_v2.82506_PUBLIC.pdf,2026-10-02,6d39aa13282428baffc684274d8b4d921933d9913ae640a6ed2e0280b18e47cf,VERIFIED_PRIMARY,"two extractors agree (PyMuPDF, markitdown; sequence) + page image check"
2.8+2506,ALL,curvature_sf_example,5y,,0.004,fraction,"ISDA SIMM Methodology v2.8+2506 (based on v2.8+2506.1, 14 October 2025)",2.8+2506,2025-12-06,B,11(a),SF example table (document rounds to 0.1 percent),7,https://www.isda.org/a/f2RgE/ISDA-SIMM_v2.82506_PUBLIC.pdf,2026-10-02,6d39aa13282428baffc684274d8b4d921933d9913ae640a6ed2e0280b18e47cf,VERIFIED_PRIMARY,"two extractors agree (PyMuPDF, markitdown; sequence) + page image check"
2.8+2506,ALL,curvature_sf_example,10y,,0.002,fraction,"ISDA SIMM Methodology v2.8+2506 (based on v2.8+2506.1, 14 October 2025)",2.8+2506,2025-12-06,B,11(a),SF example table (document rounds to 0.1 percent),7,https://www.isda.org/a/f2RgE/ISDA-SIMM_v2.82506_PUBLIC.pdf,2026-10-02,6d39aa13282428baffc684274d8b4d921933d9913ae640a6ed2e0280b18e47cf,VERIFIED_PRIMARY,"two extractors agree (PyMuPDF, markitdown; sequence) + page image check"
2.8+2506,ALL,curvature_sf_scale,,,0.5,fraction,"ISDA SIMM Methodology v2.8+2506 (based on v2.8+2506.1, 14 October 2025)",2.8+2506,2025-12-06,B,11(a),"SF(t) = 0.5 min(1, 14 days / t days)",7,https://www.isda.org/a/f2RgE/ISDA-SIMM_v2.82506_PUBLIC.pdf,2026-10-02,6d39aa13282428baffc684274d8b4d921933d9913ae640a6ed2e0280b18e47cf,VERIFIED_PRIMARY,"two extractors agree (PyMuPDF, markitdown; sequence) + page image check"
2.8+2506,ALL,curvature_sf_ref_days,,,14,days,"ISDA SIMM Methodology v2.8+2506 (based on v2.8+2506.1, 14 October 2025)",2.8+2506,2025-12-06,B,11(a),"SF(t) = 0.5 min(1, 14 days / t days)",7,https://www.isda.org/a/f2RgE/ISDA-SIMM_v2.82506_PUBLIC.pdf,2026-10-02,6d39aa13282428baffc684274d8b4d921933d9913ae640a6ed2e0280b18e47cf,VERIFIED_PRIMARY,"two extractors agree (PyMuPDF, markitdown; sequence) + page image check"
2.8+2506,ALL,tenor_days_per_year,,,365,days,"ISDA SIMM Methodology v2.8+2506 (based on v2.8+2506.1, 14 October 2025)",2.8+2506,2025-12-06,B,11(a),"12m = 365 calendar days, pro-rata for other tenors",7,https://www.isda.org/a/f2RgE/ISDA-SIMM_v2.82506_PUBLIC.pdf,2026-10-02,6d39aa13282428baffc684274d8b4d921933d9913ae640a6ed2e0280b18e47cf,VERIFIED_PRIMARY,"two extractors agree (PyMuPDF, markitdown; sequence) + page image check"
2.8+2506,ALL,curvature_lambda_quantile,,,0.995,fraction,"ISDA SIMM Methodology v2.8+2506 (based on v2.8+2506.1, 14 October 2025)",2.8+2506,2025-12-06,B,11(d),"lambda = (Phi^-1(99.5%)^2 - 1)(1+theta) - theta; theta = min(sum CVR / sum |CVR|, 0)",7,https://www.isda.org/a/f2RgE/ISDA-SIMM_v2.82506_PUBLIC.pdf,2026-10-02,6d39aa13282428baffc684274d8b4d921933d9913ae640a6ed2e0280b18e47cf,VERIFIED_PRIMARY,"two extractors agree (PyMuPDF, markitdown; sequence) + page image check"
2.8+2506,IR,curvature_hvr_exponent,,,-2,exponent,"ISDA SIMM Methodology v2.8+2506 (based on v2.8+2506.1, 14 October 2025)",2.8+2506,2025-12-06,B,11(d),IR curvature margin multiplied by HVR_IR^-2,8,https://www.isda.org/a/f2RgE/ISDA-SIMM_v2.82506_PUBLIC.pdf,2026-10-02,6d39aa13282428baffc684274d8b4d921933d9913ae640a6ed2e0280b18e47cf,VERIFIED_PRIMARY,"two extractors agree (PyMuPDF, markitdown; sequence) + page image check"
2.8+2506,ALL,vega_sigma_days_numerator,,,365,days,"ISDA SIMM Methodology v2.8+2506 (based on v2.8+2506.1, 14 October 2025)",2.8+2506,2025-12-06,B,10(b),"sigma_kj = RW_k sqrt(365/14)/alpha, alpha = Phi^-1(99%), Equity/FX/Commodity",5,https://www.isda.org/a/f2RgE/ISDA-SIMM_v2.82506_PUBLIC.pdf,2026-10-02,6d39aa13282428baffc684274d8b4d921933d9913ae640a6ed2e0280b18e47cf,VERIFIED_PRIMARY,"two extractors agree (PyMuPDF, markitdown; sequence) + page image check"
2.8+2506,ALL,vega_sigma_days_denominator,,,14,days,"ISDA SIMM Methodology v2.8+2506 (based on v2.8+2506.1, 14 October 2025)",2.8+2506,2025-12-06,B,10(b),same formula,5,https://www.isda.org/a/f2RgE/ISDA-SIMM_v2.82506_PUBLIC.pdf,2026-10-02,6d39aa13282428baffc684274d8b4d921933d9913ae640a6ed2e0280b18e47cf,VERIFIED_PRIMARY,"two extractors agree (PyMuPDF, markitdown; sequence) + page image check"
2.8+2506,ALL,vega_sigma_quantile,,,0.99,fraction,"ISDA SIMM Methodology v2.8+2506 (based on v2.8+2506.1, 14 October 2025)",2.8+2506,2025-12-06,B,10(b),alpha = Phi^-1(99%),5,https://www.isda.org/a/f2RgE/ISDA-SIMM_v2.82506_PUBLIC.pdf,2026-10-02,6d39aa13282428baffc684274d8b4d921933d9913ae640a6ed2e0280b18e47cf,VERIFIED_PRIMARY,"two extractors agree (PyMuPDF, markitdown; sequence) + page image check"
2.8+2506,ALL,concentration_exponent,,,0.5,exponent,"ISDA SIMM Methodology v2.8+2506 (based on v2.8+2506.1, 14 October 2025)",2.8+2506,2025-12-06,B,"7(b), 8(b)","CR = max(1, (|s|/T)^(1/2)) (IR para 7(b) on this page; FX para 8(b) on next page); VCR likewise for vega, para 10(d)",3,https://www.isda.org/a/f2RgE/ISDA-SIMM_v2.82506_PUBLIC.pdf,2026-10-02,6d39aa13282428baffc684274d8b4d921933d9913ae640a6ed2e0280b18e47cf,VERIFIED_PRIMARY,"two extractors agree (PyMuPDF, markitdown; sequence) + page image check"
2.8+2506,ALL,psi,IR,IR,1,fraction,"ISDA SIMM Methodology v2.8+2506 (based on v2.8+2506.1, 14 October 2025)",2.8+2506,2025-12-06,K,88,correlation between risk classes within a product class,29,https://www.isda.org/a/f2RgE/ISDA-SIMM_v2.82506_PUBLIC.pdf,2026-10-02,6d39aa13282428baffc684274d8b4d921933d9913ae640a6ed2e0280b18e47cf,VERIFIED_PRIMARY,"two extractors agree (PyMuPDF, markitdown; sequence) + page image check; diagonal blank in source, 1 by definition"
2.8+2506,ALL,psi,IR,CreditQ,0.1,fraction,"ISDA SIMM Methodology v2.8+2506 (based on v2.8+2506.1, 14 October 2025)",2.8+2506,2025-12-06,K,88,correlation between risk classes within a product class,29,https://www.isda.org/a/f2RgE/ISDA-SIMM_v2.82506_PUBLIC.pdf,2026-10-02,6d39aa13282428baffc684274d8b4d921933d9913ae640a6ed2e0280b18e47cf,VERIFIED_PRIMARY,"two extractors agree (PyMuPDF, markitdown; sequence) + page image check"
2.8+2506,ALL,psi,IR,CreditNonQ,0.14,fraction,"ISDA SIMM Methodology v2.8+2506 (based on v2.8+2506.1, 14 October 2025)",2.8+2506,2025-12-06,K,88,correlation between risk classes within a product class,29,https://www.isda.org/a/f2RgE/ISDA-SIMM_v2.82506_PUBLIC.pdf,2026-10-02,6d39aa13282428baffc684274d8b4d921933d9913ae640a6ed2e0280b18e47cf,VERIFIED_PRIMARY,"two extractors agree (PyMuPDF, markitdown; sequence) + page image check"
2.8+2506,ALL,psi,IR,Equity,0.12,fraction,"ISDA SIMM Methodology v2.8+2506 (based on v2.8+2506.1, 14 October 2025)",2.8+2506,2025-12-06,K,88,correlation between risk classes within a product class,29,https://www.isda.org/a/f2RgE/ISDA-SIMM_v2.82506_PUBLIC.pdf,2026-10-02,6d39aa13282428baffc684274d8b4d921933d9913ae640a6ed2e0280b18e47cf,VERIFIED_PRIMARY,"two extractors agree (PyMuPDF, markitdown; sequence) + page image check"
2.8+2506,ALL,psi,IR,Commodity,0.3,fraction,"ISDA SIMM Methodology v2.8+2506 (based on v2.8+2506.1, 14 October 2025)",2.8+2506,2025-12-06,K,88,correlation between risk classes within a product class,29,https://www.isda.org/a/f2RgE/ISDA-SIMM_v2.82506_PUBLIC.pdf,2026-10-02,6d39aa13282428baffc684274d8b4d921933d9913ae640a6ed2e0280b18e47cf,VERIFIED_PRIMARY,"two extractors agree (PyMuPDF, markitdown; sequence) + page image check"
2.8+2506,ALL,psi,IR,FX,0.1,fraction,"ISDA SIMM Methodology v2.8+2506 (based on v2.8+2506.1, 14 October 2025)",2.8+2506,2025-12-06,K,88,correlation between risk classes within a product class,29,https://www.isda.org/a/f2RgE/ISDA-SIMM_v2.82506_PUBLIC.pdf,2026-10-02,6d39aa13282428baffc684274d8b4d921933d9913ae640a6ed2e0280b18e47cf,VERIFIED_PRIMARY,"two extractors agree (PyMuPDF, markitdown; sequence) + page image check"
2.8+2506,ALL,psi,CreditQ,IR,0.1,fraction,"ISDA SIMM Methodology v2.8+2506 (based on v2.8+2506.1, 14 October 2025)",2.8+2506,2025-12-06,K,88,correlation between risk classes within a product class,29,https://www.isda.org/a/f2RgE/ISDA-SIMM_v2.82506_PUBLIC.pdf,2026-10-02,6d39aa13282428baffc684274d8b4d921933d9913ae640a6ed2e0280b18e47cf,VERIFIED_PRIMARY,"two extractors agree (PyMuPDF, markitdown; sequence) + page image check"
2.8+2506,ALL,psi,CreditQ,CreditQ,1,fraction,"ISDA SIMM Methodology v2.8+2506 (based on v2.8+2506.1, 14 October 2025)",2.8+2506,2025-12-06,K,88,correlation between risk classes within a product class,29,https://www.isda.org/a/f2RgE/ISDA-SIMM_v2.82506_PUBLIC.pdf,2026-10-02,6d39aa13282428baffc684274d8b4d921933d9913ae640a6ed2e0280b18e47cf,VERIFIED_PRIMARY,"two extractors agree (PyMuPDF, markitdown; sequence) + page image check; diagonal blank in source, 1 by definition"
2.8+2506,ALL,psi,CreditQ,CreditNonQ,0.6,fraction,"ISDA SIMM Methodology v2.8+2506 (based on v2.8+2506.1, 14 October 2025)",2.8+2506,2025-12-06,K,88,correlation between risk classes within a product class,29,https://www.isda.org/a/f2RgE/ISDA-SIMM_v2.82506_PUBLIC.pdf,2026-10-02,6d39aa13282428baffc684274d8b4d921933d9913ae640a6ed2e0280b18e47cf,VERIFIED_PRIMARY,"two extractors agree (PyMuPDF, markitdown; sequence) + page image check"
2.8+2506,ALL,psi,CreditQ,Equity,0.66,fraction,"ISDA SIMM Methodology v2.8+2506 (based on v2.8+2506.1, 14 October 2025)",2.8+2506,2025-12-06,K,88,correlation between risk classes within a product class,29,https://www.isda.org/a/f2RgE/ISDA-SIMM_v2.82506_PUBLIC.pdf,2026-10-02,6d39aa13282428baffc684274d8b4d921933d9913ae640a6ed2e0280b18e47cf,VERIFIED_PRIMARY,"two extractors agree (PyMuPDF, markitdown; sequence) + page image check"
2.8+2506,ALL,psi,CreditQ,Commodity,0.25,fraction,"ISDA SIMM Methodology v2.8+2506 (based on v2.8+2506.1, 14 October 2025)",2.8+2506,2025-12-06,K,88,correlation between risk classes within a product class,29,https://www.isda.org/a/f2RgE/ISDA-SIMM_v2.82506_PUBLIC.pdf,2026-10-02,6d39aa13282428baffc684274d8b4d921933d9913ae640a6ed2e0280b18e47cf,VERIFIED_PRIMARY,"two extractors agree (PyMuPDF, markitdown; sequence) + page image check"
2.8+2506,ALL,psi,CreditQ,FX,0.22,fraction,"ISDA SIMM Methodology v2.8+2506 (based on v2.8+2506.1, 14 October 2025)",2.8+2506,2025-12-06,K,88,correlation between risk classes within a product class,29,https://www.isda.org/a/f2RgE/ISDA-SIMM_v2.82506_PUBLIC.pdf,2026-10-02,6d39aa13282428baffc684274d8b4d921933d9913ae640a6ed2e0280b18e47cf,VERIFIED_PRIMARY,"two extractors agree (PyMuPDF, markitdown; sequence) + page image check"
2.8+2506,ALL,psi,CreditNonQ,IR,0.14,fraction,"ISDA SIMM Methodology v2.8+2506 (based on v2.8+2506.1, 14 October 2025)",2.8+2506,2025-12-06,K,88,correlation between risk classes within a product class,29,https://www.isda.org/a/f2RgE/ISDA-SIMM_v2.82506_PUBLIC.pdf,2026-10-02,6d39aa13282428baffc684274d8b4d921933d9913ae640a6ed2e0280b18e47cf,VERIFIED_PRIMARY,"two extractors agree (PyMuPDF, markitdown; sequence) + page image check"
2.8+2506,ALL,psi,CreditNonQ,CreditQ,0.6,fraction,"ISDA SIMM Methodology v2.8+2506 (based on v2.8+2506.1, 14 October 2025)",2.8+2506,2025-12-06,K,88,correlation between risk classes within a product class,29,https://www.isda.org/a/f2RgE/ISDA-SIMM_v2.82506_PUBLIC.pdf,2026-10-02,6d39aa13282428baffc684274d8b4d921933d9913ae640a6ed2e0280b18e47cf,VERIFIED_PRIMARY,"two extractors agree (PyMuPDF, markitdown; sequence) + page image check"
2.8+2506,ALL,psi,CreditNonQ,CreditNonQ,1,fraction,"ISDA SIMM Methodology v2.8+2506 (based on v2.8+2506.1, 14 October 2025)",2.8+2506,2025-12-06,K,88,correlation between risk classes within a product class,29,https://www.isda.org/a/f2RgE/ISDA-SIMM_v2.82506_PUBLIC.pdf,2026-10-02,6d39aa13282428baffc684274d8b4d921933d9913ae640a6ed2e0280b18e47cf,VERIFIED_PRIMARY,"two extractors agree (PyMuPDF, markitdown; sequence) + page image check; diagonal blank in source, 1 by definition"
2.8+2506,ALL,psi,CreditNonQ,Equity,0.52,fraction,"ISDA SIMM Methodology v2.8+2506 (based on v2.8+2506.1, 14 October 2025)",2.8+2506,2025-12-06,K,88,correlation between risk classes within a product class,29,https://www.isda.org/a/f2RgE/ISDA-SIMM_v2.82506_PUBLIC.pdf,2026-10-02,6d39aa13282428baffc684274d8b4d921933d9913ae640a6ed2e0280b18e47cf,VERIFIED_PRIMARY,"two extractors agree (PyMuPDF, markitdown; sequence) + page image check"
2.8+2506,ALL,psi,CreditNonQ,Commodity,0.27,fraction,"ISDA SIMM Methodology v2.8+2506 (based on v2.8+2506.1, 14 October 2025)",2.8+2506,2025-12-06,K,88,correlation between risk classes within a product class,29,https://www.isda.org/a/f2RgE/ISDA-SIMM_v2.82506_PUBLIC.pdf,2026-10-02,6d39aa13282428baffc684274d8b4d921933d9913ae640a6ed2e0280b18e47cf,VERIFIED_PRIMARY,"two extractors agree (PyMuPDF, markitdown; sequence) + page image check"
2.8+2506,ALL,psi,CreditNonQ,FX,0.15,fraction,"ISDA SIMM Methodology v2.8+2506 (based on v2.8+2506.1, 14 October 2025)",2.8+2506,2025-12-06,K,88,correlation between risk classes within a product class,29,https://www.isda.org/a/f2RgE/ISDA-SIMM_v2.82506_PUBLIC.pdf,2026-10-02,6d39aa13282428baffc684274d8b4d921933d9913ae640a6ed2e0280b18e47cf,VERIFIED_PRIMARY,"two extractors agree (PyMuPDF, markitdown; sequence) + page image check"
2.8+2506,ALL,psi,Equity,IR,0.12,fraction,"ISDA SIMM Methodology v2.8+2506 (based on v2.8+2506.1, 14 October 2025)",2.8+2506,2025-12-06,K,88,correlation between risk classes within a product class,29,https://www.isda.org/a/f2RgE/ISDA-SIMM_v2.82506_PUBLIC.pdf,2026-10-02,6d39aa13282428baffc684274d8b4d921933d9913ae640a6ed2e0280b18e47cf,VERIFIED_PRIMARY,"two extractors agree (PyMuPDF, markitdown; sequence) + page image check"
2.8+2506,ALL,psi,Equity,CreditQ,0.66,fraction,"ISDA SIMM Methodology v2.8+2506 (based on v2.8+2506.1, 14 October 2025)",2.8+2506,2025-12-06,K,88,correlation between risk classes within a product class,29,https://www.isda.org/a/f2RgE/ISDA-SIMM_v2.82506_PUBLIC.pdf,2026-10-02,6d39aa13282428baffc684274d8b4d921933d9913ae640a6ed2e0280b18e47cf,VERIFIED_PRIMARY,"two extractors agree (PyMuPDF, markitdown; sequence) + page image check"
2.8+2506,ALL,psi,Equity,CreditNonQ,0.52,fraction,"ISDA SIMM Methodology v2.8+2506 (based on v2.8+2506.1, 14 October 2025)",2.8+2506,2025-12-06,K,88,correlation between risk classes within a product class,29,https://www.isda.org/a/f2RgE/ISDA-SIMM_v2.82506_PUBLIC.pdf,2026-10-02,6d39aa13282428baffc684274d8b4d921933d9913ae640a6ed2e0280b18e47cf,VERIFIED_PRIMARY,"two extractors agree (PyMuPDF, markitdown; sequence) + page image check"
2.8+2506,ALL,psi,Equity,Equity,1,fraction,"ISDA SIMM Methodology v2.8+2506 (based on v2.8+2506.1, 14 October 2025)",2.8+2506,2025-12-06,K,88,correlation between risk classes within a product class,29,https://www.isda.org/a/f2RgE/ISDA-SIMM_v2.82506_PUBLIC.pdf,2026-10-02,6d39aa13282428baffc684274d8b4d921933d9913ae640a6ed2e0280b18e47cf,VERIFIED_PRIMARY,"two extractors agree (PyMuPDF, markitdown; sequence) + page image check; diagonal blank in source, 1 by definition"
2.8+2506,ALL,psi,Equity,Commodity,0.33,fraction,"ISDA SIMM Methodology v2.8+2506 (based on v2.8+2506.1, 14 October 2025)",2.8+2506,2025-12-06,K,88,correlation between risk classes within a product class,29,https://www.isda.org/a/f2RgE/ISDA-SIMM_v2.82506_PUBLIC.pdf,2026-10-02,6d39aa13282428baffc684274d8b4d921933d9913ae640a6ed2e0280b18e47cf,VERIFIED_PRIMARY,"two extractors agree (PyMuPDF, markitdown; sequence) + page image check"
2.8+2506,ALL,psi,Equity,FX,0.24,fraction,"ISDA SIMM Methodology v2.8+2506 (based on v2.8+2506.1, 14 October 2025)",2.8+2506,2025-12-06,K,88,correlation between risk classes within a product class,29,https://www.isda.org/a/f2RgE/ISDA-SIMM_v2.82506_PUBLIC.pdf,2026-10-02,6d39aa13282428baffc684274d8b4d921933d9913ae640a6ed2e0280b18e47cf,VERIFIED_PRIMARY,"two extractors agree (PyMuPDF, markitdown; sequence) + page image check"
2.8+2506,ALL,psi,Commodity,IR,0.3,fraction,"ISDA SIMM Methodology v2.8+2506 (based on v2.8+2506.1, 14 October 2025)",2.8+2506,2025-12-06,K,88,correlation between risk classes within a product class,29,https://www.isda.org/a/f2RgE/ISDA-SIMM_v2.82506_PUBLIC.pdf,2026-10-02,6d39aa13282428baffc684274d8b4d921933d9913ae640a6ed2e0280b18e47cf,VERIFIED_PRIMARY,"two extractors agree (PyMuPDF, markitdown; sequence) + page image check"
2.8+2506,ALL,psi,Commodity,CreditQ,0.25,fraction,"ISDA SIMM Methodology v2.8+2506 (based on v2.8+2506.1, 14 October 2025)",2.8+2506,2025-12-06,K,88,correlation between risk classes within a product class,29,https://www.isda.org/a/f2RgE/ISDA-SIMM_v2.82506_PUBLIC.pdf,2026-10-02,6d39aa13282428baffc684274d8b4d921933d9913ae640a6ed2e0280b18e47cf,VERIFIED_PRIMARY,"two extractors agree (PyMuPDF, markitdown; sequence) + page image check"
2.8+2506,ALL,psi,Commodity,CreditNonQ,0.27,fraction,"ISDA SIMM Methodology v2.8+2506 (based on v2.8+2506.1, 14 October 2025)",2.8+2506,2025-12-06,K,88,correlation between risk classes within a product class,29,https://www.isda.org/a/f2RgE/ISDA-SIMM_v2.82506_PUBLIC.pdf,2026-10-02,6d39aa13282428baffc684274d8b4d921933d9913ae640a6ed2e0280b18e47cf,VERIFIED_PRIMARY,"two extractors agree (PyMuPDF, markitdown; sequence) + page image check"
2.8+2506,ALL,psi,Commodity,Equity,0.33,fraction,"ISDA SIMM Methodology v2.8+2506 (based on v2.8+2506.1, 14 October 2025)",2.8+2506,2025-12-06,K,88,correlation between risk classes within a product class,29,https://www.isda.org/a/f2RgE/ISDA-SIMM_v2.82506_PUBLIC.pdf,2026-10-02,6d39aa13282428baffc684274d8b4d921933d9913ae640a6ed2e0280b18e47cf,VERIFIED_PRIMARY,"two extractors agree (PyMuPDF, markitdown; sequence) + page image check"
2.8+2506,ALL,psi,Commodity,Commodity,1,fraction,"ISDA SIMM Methodology v2.8+2506 (based on v2.8+2506.1, 14 October 2025)",2.8+2506,2025-12-06,K,88,correlation between risk classes within a product class,29,https://www.isda.org/a/f2RgE/ISDA-SIMM_v2.82506_PUBLIC.pdf,2026-10-02,6d39aa13282428baffc684274d8b4d921933d9913ae640a6ed2e0280b18e47cf,VERIFIED_PRIMARY,"two extractors agree (PyMuPDF, markitdown; sequence) + page image check; diagonal blank in source, 1 by definition"
2.8+2506,ALL,psi,Commodity,FX,0.23,fraction,"ISDA SIMM Methodology v2.8+2506 (based on v2.8+2506.1, 14 October 2025)",2.8+2506,2025-12-06,K,88,correlation between risk classes within a product class,29,https://www.isda.org/a/f2RgE/ISDA-SIMM_v2.82506_PUBLIC.pdf,2026-10-02,6d39aa13282428baffc684274d8b4d921933d9913ae640a6ed2e0280b18e47cf,VERIFIED_PRIMARY,"two extractors agree (PyMuPDF, markitdown; sequence) + page image check"
2.8+2506,ALL,psi,FX,IR,0.1,fraction,"ISDA SIMM Methodology v2.8+2506 (based on v2.8+2506.1, 14 October 2025)",2.8+2506,2025-12-06,K,88,correlation between risk classes within a product class,29,https://www.isda.org/a/f2RgE/ISDA-SIMM_v2.82506_PUBLIC.pdf,2026-10-02,6d39aa13282428baffc684274d8b4d921933d9913ae640a6ed2e0280b18e47cf,VERIFIED_PRIMARY,"two extractors agree (PyMuPDF, markitdown; sequence) + page image check"
2.8+2506,ALL,psi,FX,CreditQ,0.22,fraction,"ISDA SIMM Methodology v2.8+2506 (based on v2.8+2506.1, 14 October 2025)",2.8+2506,2025-12-06,K,88,correlation between risk classes within a product class,29,https://www.isda.org/a/f2RgE/ISDA-SIMM_v2.82506_PUBLIC.pdf,2026-10-02,6d39aa13282428baffc684274d8b4d921933d9913ae640a6ed2e0280b18e47cf,VERIFIED_PRIMARY,"two extractors agree (PyMuPDF, markitdown; sequence) + page image check"
2.8+2506,ALL,psi,FX,CreditNonQ,0.15,fraction,"ISDA SIMM Methodology v2.8+2506 (based on v2.8+2506.1, 14 October 2025)",2.8+2506,2025-12-06,K,88,correlation between risk classes within a product class,29,https://www.isda.org/a/f2RgE/ISDA-SIMM_v2.82506_PUBLIC.pdf,2026-10-02,6d39aa13282428baffc684274d8b4d921933d9913ae640a6ed2e0280b18e47cf,VERIFIED_PRIMARY,"two extractors agree (PyMuPDF, markitdown; sequence) + page image check"
2.8+2506,ALL,psi,FX,Equity,0.24,fraction,"ISDA SIMM Methodology v2.8+2506 (based on v2.8+2506.1, 14 October 2025)",2.8+2506,2025-12-06,K,88,correlation between risk classes within a product class,29,https://www.isda.org/a/f2RgE/ISDA-SIMM_v2.82506_PUBLIC.pdf,2026-10-02,6d39aa13282428baffc684274d8b4d921933d9913ae640a6ed2e0280b18e47cf,VERIFIED_PRIMARY,"two extractors agree (PyMuPDF, markitdown; sequence) + page image check"
2.8+2506,ALL,psi,FX,Commodity,0.23,fraction,"ISDA SIMM Methodology v2.8+2506 (based on v2.8+2506.1, 14 October 2025)",2.8+2506,2025-12-06,K,88,correlation between risk classes within a product class,29,https://www.isda.org/a/f2RgE/ISDA-SIMM_v2.82506_PUBLIC.pdf,2026-10-02,6d39aa13282428baffc684274d8b4d921933d9913ae640a6ed2e0280b18e47cf,VERIFIED_PRIMARY,"two extractors agree (PyMuPDF, markitdown; sequence) + page image check"
2.8+2506,ALL,psi,FX,FX,1,fraction,"ISDA SIMM Methodology v2.8+2506 (based on v2.8+2506.1, 14 October 2025)",2.8+2506,2025-12-06,K,88,correlation between risk classes within a product class,29,https://www.isda.org/a/f2RgE/ISDA-SIMM_v2.82506_PUBLIC.pdf,2026-10-02,6d39aa13282428baffc684274d8b4d921933d9913ae640a6ed2e0280b18e47cf,VERIFIED_PRIMARY,"two extractors agree (PyMuPDF, markitdown; sequence) + page image check; diagonal blank in source, 1 by definition"
2.8+2506,ALL,multiplicative_scale_default,RatesFX,,1.0,scalar,"ISDA SIMM Methodology v2.8+2506 (based on v2.8+2506.1, 14 October 2025)",2.8+2506,2025-12-06,L,Annex L,default and minimum value of the multiplicative scales,30,https://www.isda.org/a/f2RgE/ISDA-SIMM_v2.82506_PUBLIC.pdf,2026-10-02,6d39aa13282428baffc684274d8b4d921933d9913ae640a6ed2e0280b18e47cf,VERIFIED_PRIMARY,"two extractors agree (PyMuPDF, markitdown; sequence) + page image check"
2.8+2506,ALL,sens_bump_ir_bp,,,1,bp,"ISDA SIMM Methodology v2.8+2506 (based on v2.8+2506.1, 14 October 2025)",2.8+2506,2025-12-06,C.2,20,PV01: V(x+1bp)-V(x); central +/-0.5bp allowed (para 21),10,https://www.isda.org/a/f2RgE/ISDA-SIMM_v2.82506_PUBLIC.pdf,2026-10-02,6d39aa13282428baffc684274d8b4d921933d9913ae640a6ed2e0280b18e47cf,VERIFIED_PRIMARY,"two extractors agree (PyMuPDF, markitdown; sequence) + page image check"
2.8+2506,ALL,sens_bump_fx_pct,,,1,percent,"ISDA SIMM Methodology v2.8+2506 (based on v2.8+2506.1, 14 October 2025)",2.8+2506,2025-12-06,C.2,20,"V(x+1% x)-V(x) for FX, Equity, Commodity",10,https://www.isda.org/a/f2RgE/ISDA-SIMM_v2.82506_PUBLIC.pdf,2026-10-02,6d39aa13282428baffc684274d8b4d921933d9913ae640a6ed2e0280b18e47cf,VERIFIED_PRIMARY,"two extractors agree (PyMuPDF, markitdown; sequence) + page image check"
2.8+2506,ALL,sens_bump_vol,,,1,vol unit,"ISDA SIMM Methodology v2.8+2506 (based on v2.8+2506.1, 14 October 2025)",2.8+2506,2025-12-06,C.3,30,V(sigma+1)-V(sigma); FX/Equity/Commodity vol in percent points,13,https://www.isda.org/a/f2RgE/ISDA-SIMM_v2.82506_PUBLIC.pdf,2026-10-02,6d39aa13282428baffc684274d8b4d921933d9913ae640a6ed2e0280b18e47cf,VERIFIED_PRIMARY,"two extractors agree (PyMuPDF, markitdown; sequence) + page image check"
