date,im,regime,im_prev,dim,dim_rel,flag_rel,flag_abs,flagged,d_rates,d_fx,d_vol,data_source
2018-10-01,4531959.137697785,0,,,,False,False,False,,,,synthetic (no market data)
2018-10-02,4590687.55998519,0,4531959.137697785,58728.42228740454,0.012958727230986974,False,False,False,,,,synthetic (no market data)
2018-10-03,4572306.829792634,0,4590687.55998519,-18380.730192556046,-0.00400391661431547,False,False,False,,,,synthetic (no market data)
2018-10-04,4602895.379595499,0,4572306.829792634,30588.5498028649,0.00668996000083664,False,False,False,,,,synthetic (no market data)
2018-10-05,4649477.439839756,0,4602895.379595499,46582.06024425756,0.010120164896807015,False,False,False,,,,synthetic (no market data)
2018-10-08,4631942.119137822,0,4649477.439839756,-17535.320701934397,-0.003771460541281549,False,False,False,,,,synthetic (no market data)
2018-10-09,4660149.349724127,0,4631942.119137822,28207.23058630526,0.006089720005299998,False,False,False,,,,synthetic (no market data)
2018-10-10,4833071.522237302,0,4660149.349724127,172922.17251317482,0.03710657310230015,False,False,False,,,,synthetic (no market data)
2018-10-11,4826303.483775699,0,4833071.522237302,-6768.038461603224,-0.0014003596740629646,False,False,False,,,,synthetic (no market data)
2018-10-12,4813104.545307536,0,4826303.483775699,-13198.938468162902,-0.0027347924788677295,False,False,False,,,,synthetic (no market data)
2018-10-15,4886223.522470017,0,4813104.545307536,73118.97716248129,0.015191645324589415,False,False,False,,,,synthetic (no market data)
2018-10-16,4886325.892689566,0,4886223.522470017,102.37021954916418,2.0950785218563925e-05,False,False,False,,,,synthetic (no market data)
2018-10-17,4833283.933463332,0,4886325.892689566,-53041.959226233885,-0.010855182480888141,False,False,False,,,,synthetic (no market data)
2018-10-18,4868775.805529281,0,4833283.933463332,35491.87206594832,0.00734322099726434,False,False,False,,,,synthetic (no market data)
2018-10-19,4887792.314077978,0,4868775.805529281,19016.508548697457,0.003905809038711773,False,False,False,,,,synthetic (no market data)
2018-10-22,4893544.945543601,0,4887792.314077978,5752.631465623155,0.0011769386045831448,False,False,False,,,,synthetic (no market data)
2018-10-23,4929371.333441305,0,4893544.945543601,35826.3878977038,0.007321152313177336,False,False,False,,,,synthetic (no market data)
2018-10-24,5021213.863838511,0,4929371.333441305,91842.53039720561,0.01863169239739305,False,False,False,,,,synthetic (no market data)
2018-10-25,5030361.151766854,0,5021213.863838511,9147.28792834375,0.001821728405997634,False,False,False,,,,synthetic (no market data)
2018-10-26,4992275.874488609,0,5030361.151766854,-38085.27727824543,-0.007571082101106881,False,False,False,,,,synthetic (no market data)
2018-10-29,5000670.298500814,0,4992275.874488609,8394.424012204632,0.0016814823986594145,False,False,False,,,,synthetic (no market data)
2018-10-30,4984566.312721471,0,5000670.298500814,-16103.985779342242,-0.003220365434643866,False,False,False,,,,synthetic (no market data)
2018-10-31,4989734.684150515,0,4984566.312721471,5168.371429043822,0.0010368748462335124,False,False,False,,,,synthetic (no market data)
2018-11-01,5027124.529642373,0,4989734.684150515,37389.8454918582,0.007493353426310218,False,False,False,,,,synthetic (no market data)
2018-11-02,4992115.009376867,0,5027124.529642373,-35009.52026550658,-0.006964124333716701,False,False,False,,,,synthetic (no market data)
2018-11-05,4990902.929446063,0,4992115.009376867,-1212.0799308037385,-0.00024279887953844128,False,False,False,,,,synthetic (no market data)
2018-11-06,4980724.386804975,0,4990902.929446063,-10178.542641088367,-0.0020394190760624703,False,False,False,,,,synthetic (no market data)
2018-11-07,4947924.062183187,0,4980724.386804975,-32800.324621787295,-0.006585452651964142,False,False,False,,,,synthetic (no market data)
2018-11-08,4974368.057381538,0,4947924.062183187,26443.9951983504,0.0053444626202857354,False,False,False,,,,synthetic (no market data)
2018-11-09,4973817.579428187,0,4974368.057381538,-550.4779533511028,-0.0001106628916479633,False,False,False,,,,synthetic (no market data)
2018-11-12,4945895.360972542,0,4973817.579428187,-27922.218455644324,-0.005613840477610438,False,False,False,,,,synthetic (no market data)
2018-11-13,4951653.541158158,0,4945895.360972542,5758.180185616016,0.0011642341305991054,False,False,False,,,,synthetic (no market data)
2018-11-14,4955741.229810938,0,4951653.541158158,4087.688652779907,0.0008255199235574596,False,False,False,,,,synthetic (no market data)
2018-11-15,4935165.106414468,0,4955741.229810938,-20576.12339647021,-0.0041519769580977885,False,False,False,,,,synthetic (no market data)
2018-11-16,4958949.564321784,0,4935165.106414468,23784.457907316275,0.004819384436885908,False,False,False,,,,synthetic (no market data)
2018-11-19,4922291.581702184,0,4958949.564321784,-36657.98261960037,-0.0073922878513110945,False,False,False,,,,synthetic (no market data)
2018-11-20,4902632.163041945,0,4922291.581702184,-19659.418660239317,-0.003993956541160625,False,False,False,,,,synthetic (no market data)
2018-11-21,4877534.106887257,0,4902632.163041945,-25098.05615468789,-0.005119302309458855,False,False,False,,,,synthetic (no market data)
2018-11-22,4811072.6324592065,0,4877534.106887257,-66461.47442805022,-0.013626039915170288,False,False,False,,,,synthetic (no market data)
2018-11-23,4821260.827303885,0,4811072.6324592065,10188.194844678044,0.0021176555880575623,False,False,False,,,,synthetic (no market data)
2018-11-26,4816835.696624176,0,4821260.827303885,-4425.1306797089055,-0.000917836814521296,False,False,False,,,,synthetic (no market data)
2018-11-27,4811024.406594845,0,4816835.696624176,-5811.29002933111,-0.001206453862107833,False,False,False,,,,synthetic (no market data)
2018-11-28,4778957.18947565,0,4811024.406594845,-32067.217119194567,-0.006665361554856705,False,False,False,,,,synthetic (no market data)
2018-11-29,4860709.023848927,0,4778957.18947565,81751.83437327668,0.01710662622241371,False,False,False,,,,synthetic (no market data)
2018-11-30,4803088.387519914,0,4860709.023848927,-57620.63632901292,-0.011854368580036155,False,False,False,,,,synthetic (no market data)
2018-12-03,4762593.975198777,0,4803088.387519914,-40494.41232113633,-0.00843091133329023,False,False,False,,,,synthetic (no market data)
2018-12-04,4692063.331838287,0,4762593.975198777,-70530.64336048998,-0.014809291685954865,False,False,False,,,,synthetic (no market data)
2018-12-05,4658785.439650217,0,4692063.331838287,-33277.89218807034,-0.007092379159134775,False,False,False,,,,synthetic (no market data)
2018-12-06,4672284.433634937,0,4658785.439650217,13498.993984719738,0.002897535024865461,False,False,False,,,,synthetic (no market data)
2018-12-07,4667269.22473667,0,4672284.433634937,-5015.208898266777,-0.0010733954598660966,False,False,False,,,,synthetic (no market data)
2018-12-10,4825184.957469533,1,4667269.22473667,157915.73273286317,0.033834716860965494,False,False,False,,,,synthetic (no market data)
2018-12-11,4603378.233665467,1,4825184.957469533,-221806.72380406596,-0.04596854333235504,False,False,False,,,,synthetic (no market data)
2018-12-12,4459803.024225092,1,4603378.233665467,-143575.20944037568,-0.03118909682249878,False,False,False,,,,synthetic (no market data)
2018-12-13,4790446.461324501,1,4459803.024225092,330643.4370994093,0.07413857412612071,False,False,False,,,,synthetic (no market data)
2018-12-14,4764862.30270981,1,4790446.461324501,-25584.158614690416,-0.0053406626754402145,False,False,False,,,,synthetic (no market data)
2018-12-17,4774237.854351749,1,4764862.30270981,9375.551641938277,0.001967643773589498,False,False,False,,,,synthetic (no market data)
2018-12-18,4836161.892833129,1,4774237.854351749,61924.03848137986,0.012970455258096472,False,False,False,,,,synthetic (no market data)
2018-12-19,4835381.299073462,1,4836161.892833129,-780.593759666197,-0.00016140769828714487,False,False,False,,,,synthetic (no market data)
2018-12-20,4837353.865374025,1,4835381.299073462,1972.566300562583,0.0004079443126730375,False,False,False,,,,synthetic (no market data)
2018-12-21,4652132.14290766,1,4837353.865374025,-185221.7224663645,-0.03828988484638039,False,False,False,,,,synthetic (no market data)
2018-12-24,4805366.779888304,1,4652132.14290766,153234.6369806435,0.03293858219703735,False,False,False,,,,synthetic (no market data)
2018-12-25,4667949.084761709,1,4805366.779888304,-137417.69512659498,-0.0285967130962247,False,False,False,,,,synthetic (no market data)
2018-12-26,4569173.219882345,1,4667949.084761709,-98775.86487936415,-0.021160441788410485,False,False,False,,,,synthetic (no market data)
2018-12-27,4592007.345538523,1,4569173.219882345,22834.12565617822,0.004997430510364016,False,False,False,,,,synthetic (no market data)
2018-12-28,4758899.412559528,1,4592007.345538523,166892.06702100486,0.03634403311291584,False,False,False,,,,synthetic (no market data)
2018-12-31,4844638.650078275,1,4758899.412559528,85739.23751874734,0.01801661058278879,False,False,False,,,,synthetic (no market data)
2019-01-01,4967946.070808224,1,4844638.650078275,123307.42072994914,0.02545234632266265,False,False,False,,,,synthetic (no market data)
2019-01-02,5002256.757888995,1,4967946.070808224,34310.68708077073,0.006906412950490986,False,False,False,,,,synthetic (no market data)
2019-01-03,5035057.614373305,1,5002256.757888995,32800.85648430977,0.006557211689020153,False,False,False,,,,synthetic (no market data)
2019-01-04,5062093.858093458,1,5035057.614373305,27036.243720153347,0.005369599673094991,False,False,False,,,,synthetic (no market data)
2019-01-07,5087032.135140644,1,5062093.858093458,24938.27704718616,0.004926474645924224,False,False,False,,,,synthetic (no market data)
2019-01-08,4936815.252106574,1,5087032.135140644,-150216.88303407002,-0.029529375683787946,False,False,False,,,,synthetic (no market data)
2019-01-09,4817982.118548747,1,4936815.252106574,-118833.13355782721,-0.02407080830240108,False,False,False,,,,synthetic (no market data)
2019-01-10,4797184.494642188,1,4817982.118548747,-20797.62390655931,-0.004316666893903684,False,False,False,,,,synthetic (no market data)
2019-01-11,4802098.974663439,0,4797184.494642188,4914.4800212513655,0.0010244509100578018,False,False,False,,,,synthetic (no market data)
2019-01-14,4857997.932959625,0,4802098.974663439,55898.95829618536,0.011640526068104022,False,False,False,,,,synthetic (no market data)
2019-01-15,4872946.096457953,0,4857997.932959625,14948.163498328067,0.003077021378891621,False,False,False,,,,synthetic (no market data)
2019-01-16,4847680.867674195,0,4872946.096457953,-25265.228783757426,-0.0051847954571305884,False,False,False,,,,synthetic (no market data)
2019-01-17,4827991.956071499,0,4847680.867674195,-19688.911602696404,-0.004061511502126312,False,False,False,,,,synthetic (no market data)
2019-01-18,4794880.50801402,0,4827991.956071499,-33111.448057479225,-0.006858223534494404,False,False,False,,,,synthetic (no market data)
2019-01-21,4812961.100693902,0,4794880.50801402,18080.592679882422,0.0037708119419583162,False,False,False,,,,synthetic (no market data)
2019-01-22,4797959.643381304,0,4812961.100693902,-15001.457312597893,-0.003116887296353814,False,False,False,,,,synthetic (no market data)
2019-01-23,4723999.8546157405,0,4797959.643381304,-73959.78876556363,-0.015414841779169564,False,False,False,,,,synthetic (no market data)
2019-01-24,4332125.531028565,0,4723999.8546157405,-391874.32358717546,-0.08295392371874899,False,False,False,,,,synthetic (no market data)
2019-01-25,4374735.749480124,0,4332125.531028565,42610.21845155861,0.009835868823829254,False,False,False,,,,synthetic (no market data)
2019-01-28,4396223.076640929,0,4374735.749480124,21487.327160805464,0.004911685731728809,False,False,False,,,,synthetic (no market data)
2019-01-29,4330293.12965286,0,4396223.076640929,-65929.94698806945,-0.014996952119737582,False,False,False,,,,synthetic (no market data)
2019-01-30,4329290.230354338,0,4330293.12965286,-1002.8992985216901,-0.00023160078740491364,False,False,False,,,,synthetic (no market data)
2019-01-31,4349067.025117263,0,4329290.230354338,19776.794762925245,0.004568137895736914,False,False,False,,,,synthetic (no market data)
2019-02-01,4298418.884699918,0,4349067.025117263,-50648.14041734487,-0.011645748415656862,False,False,False,,,,synthetic (no market data)
2019-02-04,4279611.683603978,0,4298418.884699918,-18807.201095940545,-0.00437537652807272,False,False,False,,,,synthetic (no market data)
2019-02-05,4385882.042960543,0,4279611.683603978,106270.3593565654,0.0248317761547637,False,False,False,,,,synthetic (no market data)
2019-02-06,4408923.62675792,0,4385882.042960543,23041.583797376603,0.005253580368026303,False,False,False,,,,synthetic (no market data)
2019-02-07,4392263.908161442,0,4408923.62675792,-16659.718596477993,-0.00377863624023096,False,False,False,,,,synthetic (no market data)
2019-02-08,4337566.598248991,0,4392263.908161442,-54697.30991245061,-0.012453101875507832,False,False,False,,,,synthetic (no market data)
2019-02-11,4223941.4996581925,0,4337566.598248991,-113625.09859079868,-0.026195585939053335,False,False,False,,,,synthetic (no market data)
2019-02-12,4312355.220036454,0,4223941.4996581925,88413.72037826106,0.02093156839066441,False,False,False,,,,synthetic (no market data)
2019-02-13,4142548.701820074,0,4312355.220036454,-169806.51821637945,-0.03937674647659105,False,False,False,,,,synthetic (no market data)
2019-02-14,4045752.5986050004,0,4142548.701820074,-96796.1032150737,-0.023366316290390328,False,False,False,,,,synthetic (no market data)
2019-02-15,4027196.1228083177,0,4045752.5986050004,-18556.47579668276,-0.004586656090409765,False,False,False,,,,synthetic (no market data)
2019-02-18,3892020.341680436,0,4027196.1228083177,-135175.78112788172,-0.033565730847401214,False,False,False,,,,synthetic (no market data)
2019-02-19,3853623.6065069265,0,3892020.341680436,-38396.735173509456,-0.009865502182070074,False,False,False,,,,synthetic (no market data)
2019-02-20,3917513.667843348,0,3853623.6065069265,63890.06133642141,0.016579216825572084,False,False,False,,,,synthetic (no market data)
2019-02-21,3917088.9935148912,0,3917513.667843348,-424.6743284566328,-0.00010840404513264216,False,False,False,,,,synthetic (no market data)
2019-02-22,3988967.2595148836,0,3917088.9935148912,71878.26599999238,0.0183499190646405,False,False,False,,,,synthetic (no market data)
2019-02-25,3960585.933505114,0,3988967.2595148836,-28381.32600976946,-0.007114955867855642,False,False,False,,,,synthetic (no market data)
2019-02-26,3954635.2101021777,0,3960585.933505114,-5950.723402936477,-0.0015024856177454768,False,False,False,,,,synthetic (no market data)
2019-02-27,4062540.0584562244,0,3954635.2101021777,107904.8483540467,0.02728566419436161,False,False,False,,,,synthetic (no market data)
2019-02-28,4083076.1722402098,0,4062540.0584562244,20536.113783985376,0.005054993547999414,False,False,False,,,,synthetic (no market data)
2019-03-01,4225413.5983943725,1,4083076.1722402098,142337.42615416273,0.03486034062305241,False,False,False,,,,synthetic (no market data)
2019-03-04,4272380.417640103,1,4225413.5983943725,46966.81924573053,0.011115318808927388,False,False,False,,,,synthetic (no market data)
2019-03-05,4106580.6729904604,1,4272380.417640103,-165799.7446496426,-0.038807345892017724,False,False,False,,,,synthetic (no market data)
2019-03-06,3997729.0306685274,1,4106580.6729904604,-108851.64232193306,-0.026506636783703075,False,False,False,,,,synthetic (no market data)
2019-03-07,3912547.965601369,1,3997729.0306685274,-85181.06506715855,-0.02130736335897033,False,False,False,,,,synthetic (no market data)
2019-03-08,3958361.4081693576,1,3912547.965601369,45813.442567988764,0.011709362535814208,False,False,False,,,,synthetic (no market data)
2019-03-11,3680107.4119229326,1,3958361.4081693576,-278253.99624642497,-0.07029524784476676,False,False,False,,,,synthetic (no market data)
2019-03-12,3601024.7222837955,1,3680107.4119229326,-79082.68963913713,-0.02148923408673411,False,False,False,,,,synthetic (no market data)
2019-03-13,3798514.0594250453,1,3601024.7222837955,197489.3371412498,0.054842538547194605,False,False,False,,,,synthetic (no market data)
2019-03-14,3629303.002120113,1,3798514.0594250453,-169211.05730493227,-0.04454664499268553,False,False,False,,,,synthetic (no market data)
2019-03-15,3697755.1765206484,1,3629303.002120113,68452.17440053541,0.01886096982273126,False,False,False,,,,synthetic (no market data)
2019-03-18,3784142.20624572,1,3697755.1765206484,86387.02972507151,0.023362019820456634,False,False,False,,,,synthetic (no market data)
2019-03-19,3568419.899150206,1,3784142.20624572,-215722.30709551414,-0.05700692398384629,False,False,False,,,,synthetic (no market data)
2019-03-20,3615244.696365585,1,3568419.899150206,46824.79721537931,0.013121997561590302,False,False,False,,,,synthetic (no market data)
2019-03-21,3661012.4202925093,1,3615244.696365585,45767.72392692417,0.01265964762300449,False,False,False,,,,synthetic (no market data)
2019-03-22,3697500.1271868288,1,3661012.4202925093,36487.706894319504,0.009966561897488508,False,False,False,,,,synthetic (no market data)
2019-03-25,3739810.5137973162,1,3697500.1271868288,42310.386610487476,0.011442970968246731,False,False,False,,,,synthetic (no market data)
2019-03-26,4108985.281532408,1,3739810.5137973162,369174.76773509197,0.0987148323085066,False,False,False,,,,synthetic (no market data)
2019-03-27,3950812.1975999335,1,4108985.281532408,-158173.08393247472,-0.038494439160776335,False,False,False,,,,synthetic (no market data)
2019-03-28,4440440.895967118,1,3950812.1975999335,489628.69836718496,0.1239311498189228,True,False,True,-3515.0267586298287,493153.38898846414,-9.663862649351358,synthetic (no market data)
2019-03-29,4321273.917257179,1,4440440.895967118,-119166.97870993987,-0.026836744706627957,False,False,False,,,,synthetic (no market data)
2019-04-01,4482951.155530179,1,4321273.917257179,161677.23827300034,0.03741425361334672,False,False,False,,,,synthetic (no market data)
2019-04-02,4456436.949302753,1,4482951.155530179,-26514.206227425486,-0.005914453516790496,False,False,False,,,,synthetic (no market data)
2019-04-03,4472053.276450407,1,4456436.949302753,15616.327147653326,0.0035042181288117698,False,False,False,,,,synthetic (no market data)
2019-04-04,4416658.520010998,1,4472053.276450407,-55394.75643940922,-0.012386873101694704,False,False,False,,,,synthetic (no market data)
2019-04-05,4522560.2488635,1,4416658.520010998,105901.72885250207,0.023977794156528627,False,False,False,,,,synthetic (no market data)
2019-04-08,4572865.250280698,1,4522560.2488635,50305.00141719822,0.011123124657065575,False,False,False,,,,synthetic (no market data)
2019-04-09,4658394.464225294,1,4572865.250280698,85529.21394459624,0.018703637492783365,False,False,False,,,,synthetic (no market data)
2019-04-10,4643722.172402964,1,4658394.464225294,-14672.291822330095,-0.0031496456418638958,False,False,False,,,,synthetic (no market data)
2019-04-11,4656693.982819681,1,4643722.172402964,12971.810416717082,0.0027934079462821576,False,False,False,,,,synthetic (no market data)
2019-04-12,4650658.879550116,1,4656693.982819681,-6035.103269564919,-0.001296005984466816,False,False,False,,,,synthetic (no market data)
2019-04-15,4640158.512929035,1,4650658.879550116,-10500.366621080786,-0.002257823438148305,False,False,False,,,,synthetic (no market data)
2019-04-16,4697769.922441287,1,4640158.512929035,57611.409512251616,0.012415827897199404,False,False,False,,,,synthetic (no market data)
2019-04-17,4697610.89854478,1,4697769.922441287,-159.0238965069875,-3.3850933343357024e-05,False,False,False,,,,synthetic (no market data)
2019-04-18,4561869.994000298,1,4697610.89854478,-135740.904544482,-0.02889573178283703,False,False,False,,,,synthetic (no market data)
2019-04-19,4576618.919489517,1,4561869.994000298,14748.925489218906,0.0032330876391954326,False,False,False,,,,synthetic (no market data)
2019-04-22,4506512.928688703,1,4576618.919489517,-70105.99080081377,-0.015318293271538873,False,False,False,,,,synthetic (no market data)
2019-04-23,4538902.328335658,1,4506512.928688703,32389.39964695461,0.007187242144754974,False,False,False,,,,synthetic (no market data)
2019-04-24,4538452.190281859,1,4538902.328335658,-450.13805379904807,-9.917332897623871e-05,False,False,False,,,,synthetic (no market data)
2019-04-25,4530732.9126040805,1,4538452.190281859,-7719.277677778155,-0.0017008612967891047,False,False,False,,,,synthetic (no market data)
2019-04-26,4522014.576140641,1,4530732.9126040805,-8718.336463439278,-0.0019242662570520702,False,False,False,,,,synthetic (no market data)
2019-04-29,4554523.961483053,1,4522014.576140641,32509.385342411697,0.007189137671943809,False,False,False,,,,synthetic (no market data)
2019-04-30,4467969.829036113,1,4554523.961483053,-86554.13244694006,-0.019003991016166732,False,False,False,,,,synthetic (no market data)
2019-05-01,4374071.488548474,1,4467969.829036113,-93898.34048763849,-0.021015885084411018,False,False,False,,,,synthetic (no market data)
2019-05-02,4451462.872122006,1,4374071.488548474,77391.38357353117,0.017693214154397216,False,False,False,,,,synthetic (no market data)
2019-05-03,4459640.901511489,1,4451462.872122006,8178.029389483854,0.001837155475495497,False,False,False,,,,synthetic (no market data)
2019-05-06,4626905.4201675,1,4459640.901511489,167264.51865601074,0.037506275135139336,False,False,False,,,,synthetic (no market data)
2019-05-07,4570482.424526176,1,4626905.4201675,-56422.99564132374,-0.012194542684056236,False,False,False,,,,synthetic (no market data)
2019-05-08,4669492.765708922,1,4570482.424526176,99010.341182746,0.02166299571603985,False,False,False,,,,synthetic (no market data)
2019-05-09,4600754.335159463,1,4669492.765708922,-68738.43054945953,-0.014720748911798275,False,False,False,,,,synthetic (no market data)
2019-05-10,4594906.300382448,1,4600754.335159463,-5848.034777014516,-0.0012711034649955555,False,False,False,,,,synthetic (no market data)
2019-05-13,4579737.4044072665,1,4594906.300382448,-15168.895975181833,-0.003301241632265554,False,False,False,,,,synthetic (no market data)
2019-05-14,4636124.750965418,1,4579737.4044072665,56387.34655815177,0.012312353652392371,False,False,False,,,,synthetic (no market data)
2019-05-15,4681507.7744098725,1,4636124.750965418,45383.023444454186,0.009788999624094177,False,False,False,,,,synthetic (no market data)
2019-05-16,4889776.493007032,1,4681507.7744098725,208268.71859715972,0.04448753022169509,False,False,False,,,,synthetic (no market data)
2019-05-17,4952293.229028941,1,4889776.493007032,62516.73602190893,0.012785192965632556,False,False,False,,,,synthetic (no market data)
2019-05-20,5023535.065155863,1,4952293.229028941,71241.8361269217,0.01438562557429399,False,False,False,,,,synthetic (no market data)
2019-05-21,5096114.403759374,1,5023535.065155863,72579.33860351145,0.014447861448591197,False,False,False,,,,synthetic (no market data)
2019-05-22,5114015.728166868,1,5096114.403759374,17901.324407493696,0.0035127399012643812,False,False,False,,,,synthetic (no market data)
2019-05-23,5115016.362991288,1,5114015.728166868,1000.6348244203255,0.00019566518321581416,False,False,False,,,,synthetic (no market data)
2019-05-24,5102726.63235837,1,5115016.362991288,-12289.730632917956,-0.0024026766994995215,False,False,False,,,,synthetic (no market data)
2019-05-27,5083326.041619605,1,5102726.63235837,-19400.590738764964,-0.0038020047195431337,False,False,False,,,,synthetic (no market data)
2019-05-28,4911580.18587392,1,5083326.041619605,-171745.8557456853,-0.033786118446765045,False,False,False,,,,synthetic (no market data)
2019-05-29,5078328.331466456,1,4911580.18587392,166748.14559253585,0.03394999965023807,False,False,False,,,,synthetic (no market data)
2019-05-30,4950461.69504959,1,5078328.331466456,-127866.63641686551,-0.025178883299958234,False,False,False,,,,synthetic (no market data)
2019-05-31,5143488.015716099,1,4950461.69504959,193026.32066650875,0.03899157948430003,False,False,False,,,,synthetic (no market data)
2019-06-03,5134054.430765279,1,5143488.015716099,-9433.584950820543,-0.0018340831984046447,False,False,False,,,,synthetic (no market data)
2019-06-04,4997473.220541138,1,5134054.430765279,-136581.21022414044,-0.026602992248327552,False,False,False,,,,synthetic (no market data)
2019-06-05,4875124.775437759,1,4997473.220541138,-122348.44510337897,-0.024482061174533075,False,False,False,,,,synthetic (no market data)
2019-06-06,4931598.901886654,1,4875124.775437759,56474.12644889485,0.011584139699034428,False,False,False,,,,synthetic (no market data)
2019-06-07,5051708.329289292,1,4931598.901886654,120109.4274026379,0.024355068161907554,False,False,False,,,,synthetic (no market data)
2019-06-10,5038542.812282464,1,5051708.329289292,-13165.51700682845,-0.0026061514538549503,False,False,False,,,,synthetic (no market data)
2019-06-11,4950898.861800367,1,5038542.812282464,-87643.95048209652,-0.01739470195002546,False,False,False,,,,synthetic (no market data)
2019-06-12,4816556.040437155,1,4950898.861800367,-134342.8213632116,-0.027135036508170274,False,False,False,,,,synthetic (no market data)
2019-06-13,4872992.409543058,1,4816556.040437155,56436.3691059025,0.011717162352538574,False,False,False,,,,synthetic (no market data)
2019-06-14,4859308.026289177,1,4872992.409543058,-13684.383253880776,-0.0028082094335057594,False,False,False,,,,synthetic (no market data)
2019-06-17,4790844.249490912,1,4859308.026289177,-68463.77679826505,-0.01408920291281629,False,False,False,,,,synthetic (no market data)
2019-06-18,4805490.343150849,1,4790844.249490912,14646.093659937382,0.003057100773312285,False,False,False,,,,synthetic (no market data)
2019-06-19,4759080.186668235,1,4805490.343150849,-46410.15648261458,-0.009657735874708782,False,False,False,,,,synthetic (no market data)
2019-06-20,4738504.359508462,1,4759080.186668235,-20575.827159772627,-0.0043234882272865155,False,False,False,,,,synthetic (no market data)
2019-06-21,4845385.864434261,1,4738504.359508462,106881.50492579862,0.02255595791767631,False,False,False,,,,synthetic (no market data)
2019-06-24,4991792.207887671,1,4845385.864434261,146406.34345341008,0.03021562111865042,False,False,False,,,,synthetic (no market data)
2019-06-25,4952332.264998015,1,4991792.207887671,-39459.94288965594,-0.007904965039871687,False,False,False,,,,synthetic (no market data)
2019-06-26,4886275.446728286,1,4952332.264998015,-66056.81826972868,-0.013338527129248498,False,False,False,,,,synthetic (no market data)
2019-06-27,4836168.232467891,1,4886275.446728286,-50107.214260395616,-0.010254684740285366,False,False,False,,,,synthetic (no market data)
2019-06-28,4831460.355145944,1,4836168.232467891,-4707.877321946435,-0.0009734726121270621,False,False,False,,,,synthetic (no market data)
2019-07-01,4831285.916399336,1,4831460.355145944,-174.4387466078624,-3.610476621671319e-05,False,False,False,,,,synthetic (no market data)
2019-07-02,4801865.3761297865,1,4831285.916399336,-29420.540269549936,-0.006089587902401871,False,False,False,,,,synthetic (no market data)
2019-07-03,4880365.282023532,1,4801865.3761297865,78499.90589374583,0.016347793981058106,False,False,False,,,,synthetic (no market data)
2019-07-04,4894936.006437224,1,4880365.282023532,14570.72441369202,0.0029855807038383407,False,False,False,,,,synthetic (no market data)
2019-07-05,4927550.269893478,1,4894936.006437224,32614.263456253335,0.006662857984938521,False,False,False,,,,synthetic (no market data)
2019-07-08,4939371.217315111,1,4927550.269893478,11820.947421633638,0.0023989501423978734,False,False,False,,,,synthetic (no market data)
2019-07-09,4951451.537739532,1,4939371.217315111,12080.320424420759,0.0024457202937233874,False,False,False,,,,synthetic (no market data)
2019-07-10,4912511.685374671,1,4951451.537739532,-38939.85236486141,-0.007864330705463891,False,False,False,,,,synthetic (no market data)
2019-07-11,4892354.989665525,1,4912511.685374671,-20156.695709145628,-0.004103134404576649,False,False,False,,,,synthetic (no market data)
2019-07-12,4878614.650609295,1,4892354.989665525,-13740.33905623015,-0.0028085327179354037,False,False,False,,,,synthetic (no market data)
2019-07-15,4962511.662480523,1,4878614.650609295,83897.011871228,0.017196892536029674,False,False,False,,,,synthetic (no market data)
2019-07-16,4914431.755013029,1,4962511.662480523,-48079.90746749379,-0.009688623571609087,False,False,False,,,,synthetic (no market data)
2019-07-17,4765726.95645499,1,4914431.755013029,-148704.79855803866,-0.030258798162442774,False,False,False,,,,synthetic (no market data)
2019-07-18,4832449.636355508,1,4765726.95645499,66722.67990051769,0.014000525105649293,False,False,False,,,,synthetic (no market data)
2019-07-19,4993715.418522519,1,4832449.636355508,161265.78216701094,0.03337143566976372,False,False,False,,,,synthetic (no market data)
2019-07-22,5032930.257801929,1,4993715.418522519,39214.8392794095,0.007852838216201738,False,False,False,,,,synthetic (no market data)
2019-07-23,5036205.503183186,1,5032930.257801929,3275.245381257497,0.0006507631168105875,False,False,False,,,,synthetic (no market data)
2019-07-24,4955343.403197247,1,5036205.503183186,-80862.09998593945,-0.016056155757510238,False,False,False,,,,synthetic (no market data)
2019-07-25,4826049.176794279,1,4955343.403197247,-129294.22640296724,-0.026091880195335215,False,False,False,,,,synthetic (no market data)
2019-07-26,4851109.420406731,1,4826049.176794279,25060.24361245148,0.005192703740556958,False,False,False,,,,synthetic (no market data)
2019-07-29,4740101.248397612,1,4851109.420406731,-111008.17200911883,-0.02288304847178887,False,False,False,,,,synthetic (no market data)
2019-07-30,4656576.2685750825,1,4740101.248397612,-83524.97982252948,-0.017620927369592587,False,False,False,,,,synthetic (no market data)
2019-07-31,4701928.934186029,1,4656576.2685750825,45352.665610946715,0.009739487339015427,False,False,False,,,,synthetic (no market data)
2019-08-01,4621688.209176061,1,4701928.934186029,-80240.7250099685,-0.017065490808797032,False,False,False,,,,synthetic (no market data)
2019-08-02,4574478.7831543265,1,4621688.209176061,-47209.42602173425,-0.010214757873108578,False,False,False,,,,synthetic (no market data)
2019-08-05,4526072.727350857,1,4574478.7831543265,-48406.05580346938,-0.01058176419611483,False,False,False,,,,synthetic (no market data)
2019-08-06,4551930.0795775,1,4526072.727350857,25857.35222664289,0.005712977626362046,False,False,False,,,,synthetic (no market data)
2019-08-07,4046791.864942179,1,4551930.0795775,-505138.21463532094,-0.11097231411827985,True,False,True,-23266.184238980524,-482585.197860633,713.1674642926082,synthetic (no market data)
2019-08-08,4035274.409073008,1,4046791.864942179,-11517.455869170837,-0.0028460707280124472,False,False,False,,,,synthetic (no market data)
2019-08-09,4090621.7898136694,1,4035274.409073008,55347.380740661174,0.013715890204695073,False,False,False,,,,synthetic (no market data)
2019-08-12,4106907.42845621,1,4090621.7898136694,16285.638642540667,0.003981213487664546,False,False,False,,,,synthetic (no market data)
2019-08-13,4226123.33989926,1,4106907.42845621,119215.91144304955,0.02902814673080248,False,False,False,,,,synthetic (no market data)
2019-08-14,4173216.9458703045,1,4226123.33989926,-52906.39402895514,-0.012518894924211156,False,False,False,,,,synthetic (no market data)
2019-08-15,4010979.8412152603,1,4173216.9458703045,-162237.10465504415,-0.038875789770668245,False,False,False,,,,synthetic (no market data)
2019-08-16,4042229.7267829166,1,4010979.8412152603,31249.885567656253,0.007791085172392204,False,False,False,,,,synthetic (no market data)
2019-08-19,4003876.8500411157,1,4042229.7267829166,-38352.87674180092,-0.009488049748306802,False,False,False,,,,synthetic (no market data)
2019-08-20,4013339.0320861572,1,4003876.8500411157,9462.182045041583,0.0023632550149349416,False,False,False,,,,synthetic (no market data)
2019-08-21,3947030.5976047916,1,4013339.0320861572,-66308.4344813656,-0.016522011709261975,False,False,False,,,,synthetic (no market data)
2019-08-22,3696670.862819004,1,3947030.5976047916,-250359.73478578776,-0.06342989459917427,False,False,False,,,,synthetic (no market data)
2019-08-23,3722297.9977676217,1,3696670.862819004,25627.13494861778,0.006932490313480346,False,False,False,,,,synthetic (no market data)
2019-08-26,3659239.8374647964,1,3722297.9977676217,-63058.16030282527,-0.016940653419109167,False,False,False,,,,synthetic (no market data)
2019-08-27,3645233.245262378,1,3659239.8374647964,-14006.592202418484,-0.003827732759961032,False,False,False,,,,synthetic (no market data)
2019-08-28,3655523.7463548826,1,3645233.245262378,10290.50109250471,0.0028230020961975554,False,False,False,,,,synthetic (no market data)
2019-08-29,3750170.771431374,1,3655523.7463548826,94647.02507649129,0.025891508753258376,False,False,False,,,,synthetic (no market data)
2019-08-30,3681401.7384968307,1,3750170.771431374,-68769.03293454321,-0.018337573706888897,False,False,False,,,,synthetic (no market data)
2019-09-02,3651909.2450422994,1,3681401.7384968307,-29492.4934545313,-0.008011212996974763,False,False,False,,,,synthetic (no market data)
2019-09-03,3659594.417133217,1,3651909.2450422994,7685.172090917826,0.0021044258154418647,False,False,False,,,,synthetic (no market data)
2019-09-04,3664045.0930078966,1,3659594.417133217,4450.675874679349,0.0012161664292202725,False,False,False,,,,synthetic (no market data)
2019-09-05,3666486.688144421,1,3664045.0930078966,2441.5951365246437,0.0006663660174881428,False,False,False,,,,synthetic (no market data)
2019-09-06,3648700.8761351565,1,3666486.688144421,-17785.812009264715,-0.004850914109895751,False,False,False,,,,synthetic (no market data)
2019-09-09,3591262.3951462545,1,3648700.8761351565,-57438.48098890204,-0.015742173156639543,False,False,False,,,,synthetic (no market data)
2019-09-10,3647689.2106566364,1,3591262.3951462545,56426.815510381944,0.01571225081927882,False,False,False,,,,synthetic (no market data)
2019-09-11,3703741.245490774,1,3647689.2106566364,56052.03483413765,0.015366450264014538,False,False,False,,,,synthetic (no market data)
2019-09-12,3695330.2391861463,1,3703741.245490774,-8411.00630462775,-0.0022709486832720753,False,False,False,,,,synthetic (no market data)
2019-09-13,3724845.8011569674,1,3695330.2391861463,29515.561970821116,0.007987259611558176,False,False,False,,,,synthetic (no market data)
2019-09-16,3904522.8132888107,1,3724845.8011569674,179677.01213184325,0.04823743631911799,False,False,False,,,,synthetic (no market data)
2019-09-17,3904123.9296048237,1,3904522.8132888107,-398.88368398696184,-0.00010215939387762955,False,False,False,,,,synthetic (no market data)
2019-09-18,3933810.433358087,1,3904123.9296048237,29686.503753263503,0.00760388355711556,False,False,False,,,,synthetic (no market data)
2019-09-19,3942735.444994388,1,3933810.433358087,8925.011636300944,0.0022687955577671624,False,False,False,,,,synthetic (no market data)
2019-09-20,4034176.456300661,1,3942735.444994388,91441.01130627282,0.02319227667744341,False,False,False,,,,synthetic (no market data)
2019-09-23,4090005.1383251594,1,4034176.456300661,55828.68202449847,0.013838929117070244,False,False,False,,,,synthetic (no market data)
2019-09-24,4114336.064667637,1,4090005.1383251594,24330.926342477556,0.00594887427267169,False,False,False,,,,synthetic (no market data)
2019-09-25,4162376.9843368838,1,4114336.064667637,48040.91966924677,0.011676469523674555,False,False,False,,,,synthetic (no market data)
2019-09-26,4211167.047620834,1,4162376.9843368838,48790.06328395009,0.011721682939231159,False,False,False,,,,synthetic (no market data)
2019-09-27,4213337.67891935,1,4211167.047620834,2170.6312985159457,0.0005154464959404255,False,False,False,,,,synthetic (no market data)
2019-09-30,4399056.03351832,1,4213337.67891935,185718.35459897015,0.04407867793938695,False,False,False,,,,synthetic (no market data)
2019-10-01,4329852.698961143,1,4399056.03351832,-69203.33455717657,-0.015731405562894922,False,False,False,,,,synthetic (no market data)
2019-10-02,4278021.651951064,1,4329852.698961143,-51831.047010079026,-0.011970625934345247,False,False,False,,,,synthetic (no market data)
2019-10-03,4375819.069061163,1,4278021.651951064,97797.41711009853,0.02286043060709998,False,False,False,,,,synthetic (no market data)
2019-10-04,4551274.237222288,1,4375819.069061163,175455.16816112492,0.04009653173314797,False,False,False,,,,synthetic (no market data)
2019-10-07,4571696.497910974,1,4551274.237222288,20422.260688685812,0.004487152305977024,False,False,False,,,,synthetic (no market data)
2019-10-08,4584033.76295545,1,4571696.497910974,12337.265044476837,0.0026986185653650285,False,False,False,,,,synthetic (no market data)
2019-10-09,4523144.436934626,1,4584033.76295545,-60889.32602082472,-0.01328291395078376,False,False,False,,,,synthetic (no market data)
2019-10-10,4650490.508226113,1,4523144.436934626,127346.07129148766,0.028154323406437847,False,False,False,,,,synthetic (no market data)
2019-10-11,4504520.116316518,1,4650490.508226113,-145970.39190959558,-0.031388171129775,False,False,False,,,,synthetic (no market data)
2019-10-14,4459828.916207678,1,4504520.116316518,-44691.20010884013,-0.009921412038311747,False,False,False,,,,synthetic (no market data)
2019-10-15,4477519.370158358,1,4459828.916207678,17690.45395067986,0.003966621653667058,False,False,False,,,,synthetic (no market data)
2019-10-16,4423953.09112527,1,4477519.370158358,-53566.279033087194,-0.011963382981678245,False,False,False,,,,synthetic (no market data)
2019-10-17,4412222.526673537,1,4423953.09112527,-11730.564451733604,-0.0026516023588192784,False,False,False,,,,synthetic (no market data)
2019-10-18,4304896.947915453,1,4412222.526673537,-107325.57875808328,-0.024324606954717262,False,False,False,,,,synthetic (no market data)
2019-10-21,4329903.17918097,1,4304896.947915453,25006.23126551695,0.005808787426984899,False,False,False,,,,synthetic (no market data)
2019-10-22,4307204.164165949,1,4329903.17918097,-22699.015015020967,-0.005242383969268022,False,False,False,,,,synthetic (no market data)
2019-10-23,4398398.468530044,1,4307204.164165949,91194.30436409451,0.021172505618097037,False,False,False,,,,synthetic (no market data)
2019-10-24,4457798.42633958,1,4398398.468530044,59399.95780953579,0.013504905986698245,False,False,False,,,,synthetic (no market data)
2019-10-25,4421708.3047191035,1,4457798.42633958,-36090.121620476246,-0.008095951895723296,False,False,False,,,,synthetic (no market data)
2019-10-28,4414077.037681526,1,4421708.3047191035,-7631.267037577927,-0.0017258639674248516,False,False,False,,,,synthetic (no market data)
2019-10-29,4283297.500024677,1,4414077.037681526,-130779.53765684832,-0.029627833075958204,False,False,False,,,,synthetic (no market data)
2019-10-30,4246986.196609448,1,4283297.500024677,-36311.303415229544,-0.008477418020816986,False,False,False,,,,synthetic (no market data)
2019-10-31,4260179.437232075,1,4246986.196609448,13193.240622627549,0.0031064948205295046,False,False,False,,,,synthetic (no market data)
2019-11-01,4196460.095974082,1,4260179.437232075,-63719.34125799313,-0.014956961836188026,False,False,False,,,,synthetic (no market data)
2019-11-04,4270984.995577246,1,4196460.095974082,74524.89960316382,0.0177589916021506,False,False,False,,,,synthetic (no market data)
2019-11-05,4368110.766820955,1,4270984.995577246,97125.77124370914,0.02274083644505571,False,False,False,,,,synthetic (no market data)
2019-11-06,4276311.798177689,1,4368110.766820955,-91798.96864326578,-0.021015714468723436,False,False,False,,,,synthetic (no market data)
2019-11-07,4277006.700574388,1,4276311.798177689,694.9023966984823,0.0001625004044360396,False,False,False,,,,synthetic (no market data)
2019-11-08,4250627.221310045,1,4277006.700574388,-26379.479264343157,-0.006167743263250086,False,False,False,,,,synthetic (no market data)
2019-11-11,4146680.4699832858,1,4250627.221310045,-103946.75132675888,-0.02445445011165257,False,False,False,,,,synthetic (no market data)
2019-11-12,4139689.1161004496,1,4146680.4699832858,-6991.353882836178,-0.0016860122050504553,False,False,False,,,,synthetic (no market data)
2019-11-13,4142760.225816455,1,4139689.1161004496,3071.1097160056233,0.0007418696500810141,False,False,False,,,,synthetic (no market data)
2019-11-14,4326814.768279882,1,4142760.225816455,184054.54246342694,0.044427997863949145,False,False,False,,,,synthetic (no market data)
2019-11-15,4192118.7709234958,1,4326814.768279882,-134695.9973563864,-0.031130520849621337,False,False,False,,,,synthetic (no market data)
2019-11-18,4262650.856152734,1,4192118.7709234958,70532.08522923803,0.016824925314246352,False,False,False,,,,synthetic (no market data)
2019-11-19,4245868.046807163,1,4262650.856152734,-16782.809345570393,-0.00393717663302074,False,False,False,,,,synthetic (no market data)
2019-11-20,4170495.2230324917,1,4245868.046807163,-75372.82377467165,-0.017752041029949345,False,False,False,,,,synthetic (no market data)
2019-11-21,4176555.1493179193,1,4170495.2230324917,6059.926285427529,0.001453047170983492,False,False,False,,,,synthetic (no market data)
2019-11-22,4180941.6365913837,1,4176555.1493179193,4386.487273464445,0.001050264420471213,False,False,False,,,,synthetic (no market data)
2019-11-25,4176803.291575865,1,4180941.6365913837,-4138.345015518833,-0.000989811715930271,False,False,False,,,,synthetic (no market data)
2019-11-26,4214876.189530293,1,4176803.291575865,38072.89795442857,0.009115319850282931,False,False,False,,,,synthetic (no market data)
2019-11-27,4143121.5480321134,1,4214876.189530293,-71754.6414981801,-0.017024139801880268,False,False,False,,,,synthetic (no market data)
2019-11-28,4199232.625061318,1,4143121.5480321134,56111.07702920493,0.013543188723453307,False,False,False,,,,synthetic (no market data)
2019-11-29,4156435.880414686,1,4199232.625061318,-42796.74464663211,-0.01019156318971664,False,False,False,,,,synthetic (no market data)
2019-12-02,4103078.7829655586,1,4156435.880414686,-53357.097449127585,-0.012837223761961213,False,False,False,,,,synthetic (no market data)
2019-12-03,4113773.9750279286,1,4103078.7829655586,10695.192062370013,0.0026066260552374556,False,False,False,,,,synthetic (no market data)
2019-12-04,4022133.1453669523,1,4113773.9750279286,-91640.8296609763,-0.02227658355010964,False,False,False,,,,synthetic (no market data)
2019-12-05,4072965.7039732416,1,4022133.1453669523,50832.55860628933,0.012638208823306298,False,False,False,,,,synthetic (no market data)
2019-12-06,4060991.7368785245,1,4072965.7039732416,-11973.967094717082,-0.002939864453814647,False,False,False,,,,synthetic (no market data)
2019-12-09,4093154.521390648,1,4060991.7368785245,32162.78451212356,0.007919933502953995,False,False,False,,,,synthetic (no market data)
2019-12-10,4115775.27286876,1,4093154.521390648,22620.751478111837,0.005526483635029357,False,False,False,,,,synthetic (no market data)
2019-12-11,3979810.595518976,1,4115775.27286876,-135964.67734978395,-0.03303501001283154,False,False,False,,,,synthetic (no market data)
2019-12-12,3898359.09884151,1,3979810.595518976,-81451.4966774662,-0.020466174136320864,False,False,False,,,,synthetic (no market data)
2019-12-13,3899772.536499301,1,3898359.09884151,1413.4376577911898,0.0003625724624012258,False,False,False,,,,synthetic (no market data)
2019-12-16,3878110.816254784,1,3899772.536499301,-21661.720244517084,-0.005554611209186602,False,False,False,,,,synthetic (no market data)
2019-12-17,3894207.8427096037,1,3878110.816254784,16097.026454819832,0.004150739165923383,False,False,False,,,,synthetic (no market data)
2019-12-18,3863529.907629606,1,3894207.8427096037,-30677.93507999787,-0.007877837115815588,False,False,False,,,,synthetic (no market data)
2019-12-19,3928456.5987942275,1,3863529.907629606,64926.69116462162,0.016805018394294283,False,False,False,,,,synthetic (no market data)
2019-12-20,3954014.119744352,1,3928456.5987942275,25557.5209501246,0.006505740946194758,False,False,False,,,,synthetic (no market data)
2019-12-23,4047383.866202945,1,3954014.119744352,93369.74645859282,0.023613913261551447,False,False,False,,,,synthetic (no market data)
2019-12-24,4084393.505361167,1,4047383.866202945,37009.63915822189,0.00914408921458258,False,False,False,,,,synthetic (no market data)
2019-12-25,4138640.735833309,1,4084393.505361167,54247.23047214234,0.013281587682709204,False,False,False,,,,synthetic (no market data)
2019-12-26,4119466.483402376,1,4138640.735833309,-19174.252430933062,-0.004632983062510826,False,False,False,,,,synthetic (no market data)
2019-12-27,4058536.867618432,1,4119466.483402376,-60929.61578394426,-0.014790657001200039,False,False,False,,,,synthetic (no market data)
2019-12-30,4275566.578432095,1,4058536.867618432,217029.71081366343,0.05347486493106997,False,False,False,,,,synthetic (no market data)
2019-12-31,4330925.726077782,1,4275566.578432095,55359.14764568675,0.012947792211900875,False,False,False,,,,synthetic (no market data)
2020-01-01,4405427.524409039,1,4330925.726077782,74501.79833125696,0.01720228030757019,False,False,False,,,,synthetic (no market data)
2020-01-02,4367338.193728183,1,4405427.524409039,-38089.33068085555,-0.00864600097716169,False,False,False,,,,synthetic (no market data)
2020-01-03,4334061.613591916,1,4367338.193728183,-33276.58013626747,-0.007619419119878343,False,False,False,,,,synthetic (no market data)
2020-01-06,4469920.514831514,1,4334061.613591916,135858.90123959817,0.031346785844837854,False,False,False,,,,synthetic (no market data)
2020-01-07,4321148.481278241,1,4469920.514831514,-148772.03355327342,-0.033282925962472315,False,False,False,,,,synthetic (no market data)
2020-01-08,4453817.897552203,1,4321148.481278241,132669.4162739627,0.0307023507404952,False,False,False,,,,synthetic (no market data)
2020-01-09,4364035.426606167,1,4453817.897552203,-89782.47094603628,-0.0201585410565125,False,False,False,,,,synthetic (no market data)
2020-01-10,4121176.8585342723,1,4364035.426606167,-242858.5680718948,-0.05564999921661076,False,False,False,,,,synthetic (no market data)
2020-01-13,4171557.542081215,1,4121176.8585342723,50380.68354694266,0.012224829284531344,False,False,False,,,,synthetic (no market data)
2020-01-14,4167157.6140789436,1,4171557.542081215,-4399.928002271336,-0.001054744650621836,False,False,False,,,,synthetic (no market data)
2020-01-15,4284089.34131909,1,4167157.6140789436,116931.72724014614,0.028060308265059772,False,False,False,,,,synthetic (no market data)
2020-01-16,4205041.012145068,1,4284089.34131909,-79048.32917402219,-0.018451606135198587,False,False,False,,,,synthetic (no market data)
2020-01-17,4268990.913123308,1,4205041.012145068,63949.900978240184,0.015207913738186868,False,False,False,,,,synthetic (no market data)
2020-01-20,4293413.37839495,1,4268990.913123308,24422.46527164243,0.005720898865482546,False,False,False,,,,synthetic (no market data)
2020-01-21,4426198.73265841,1,4293413.37839495,132785.35426346026,0.030927689127642478,False,False,False,,,,synthetic (no market data)
2020-01-22,4382231.625512032,1,4426198.73265841,-43967.10714637861,-0.009933378459030829,False,False,False,,,,synthetic (no market data)
2020-01-23,4440188.82584541,1,4382231.625512032,57957.20033337828,0.01322549908041577,False,False,False,,,,synthetic (no market data)
2020-01-24,4534775.375652752,1,4440188.82584541,94586.54980734177,0.021302371029081748,False,False,False,,,,synthetic (no market data)
2020-01-27,4593339.6735057635,1,4534775.375652752,58564.29785301164,0.012914487047681316,False,False,False,,,,synthetic (no market data)
2020-01-28,4522258.893010096,1,4593339.6735057635,-71080.78049566783,-0.015474749430280434,False,False,False,,,,synthetic (no market data)
2020-01-29,4508846.09857466,1,4522258.893010096,-13412.794435435906,-0.002965950148534754,False,False,False,,,,synthetic (no market data)
2020-01-30,4319218.872441086,1,4508846.09857466,-189627.2261335738,-0.042056708520949275,False,False,False,,,,synthetic (no market data)
2020-01-31,4291394.546504734,1,4319218.872441086,-27824.325936351903,-0.0064419810058448075,False,False,False,,,,synthetic (no market data)
2020-02-03,4333379.734138324,1,4291394.546504734,41985.18763358984,0.00978357668552896,False,False,False,,,,synthetic (no market data)
2020-02-04,4376314.624795188,1,4333379.734138324,42934.89065686427,0.009907945596972178,False,False,False,,,,synthetic (no market data)
2020-02-05,4304477.772580941,1,4376314.624795188,-71836.85221424699,-0.016414919486646588,False,False,False,,,,synthetic (no market data)
2020-02-06,4148338.5228004847,1,4304477.772580941,-156139.24978045654,-0.03627368011400749,False,False,False,,,,synthetic (no market data)
2020-02-07,4108101.924203791,1,4148338.5228004847,-40236.59859669348,-0.009699449159113062,False,False,False,,,,synthetic (no market data)
2020-02-10,4166632.9743097452,1,4108101.924203791,58531.050105954055,0.014247711275395926,False,False,False,,,,synthetic (no market data)
2020-02-11,4195579.821471739,1,4166632.9743097452,28946.847161993384,0.006947299495893034,False,False,False,,,,synthetic (no market data)
2020-02-12,4181402.8862117273,1,4195579.821471739,-14176.935260011349,-0.0033790169328820727,False,False,False,,,,synthetic (no market data)
2020-02-13,4874966.091975408,1,4181402.8862117273,693563.2057636804,0.1658685433184927,True,False,True,97199.8676525238,618008.368015796,-21645.02990463935,synthetic (no market data)
2020-02-14,4786989.398536454,1,4874966.091975408,-87976.69343895372,-0.018046626741418888,False,False,False,,,,synthetic (no market data)
2020-02-17,4790340.367113018,1,4786989.398536454,3350.9685765644535,0.0007000158758632219,False,False,False,,,,synthetic (no market data)
2020-02-18,4768280.903410773,1,4790340.367113018,-22059.463702245615,-0.004604988792380975,False,False,False,,,,synthetic (no market data)
2020-02-19,4867830.81388202,1,4768280.903410773,99549.91047124751,0.02087752640580361,False,False,False,,,,synthetic (no market data)
2020-02-20,4906122.672191121,1,4867830.81388202,38291.85830910038,0.00786630837700853,False,False,False,,,,synthetic (no market data)
2020-02-21,4929621.605637372,1,4906122.672191121,23498.933446250856,0.004789715833941024,False,False,False,,,,synthetic (no market data)
2020-02-24,4861749.370595011,1,4929621.605637372,-67872.23504236061,-0.013768244395217658,False,False,False,,,,synthetic (no market data)
2020-02-25,4792031.728323486,0,4861749.370595011,-69717.64227152523,-0.014340032148344322,False,False,False,,,,synthetic (no market data)
2020-02-26,4778365.689164864,0,4792031.728323486,-13666.039158621803,-0.002851825683425291,False,False,False,,,,synthetic (no market data)
2020-02-27,4783822.479869308,0,4778365.689164864,5456.790704444051,0.001141978462807387,False,False,False,,,,synthetic (no market data)
2020-02-28,4785075.999408836,0,4783822.479869308,1253.519539527595,0.00026203303839189297,False,False,False,,,,synthetic (no market data)
2020-03-02,4775391.994050584,0,4785075.999408836,-9684.005358251743,-0.0020237934276170614,False,False,False,,,,synthetic (no market data)
2020-03-03,4736580.598108979,0,4775391.994050584,-38811.39594160486,-0.008127373834432438,False,False,False,,,,synthetic (no market data)
2020-03-04,4743720.86952923,0,4736580.598108979,7140.271420250647,0.00150747385637253,False,False,False,,,,synthetic (no market data)
2020-03-05,4778200.781779468,0,4743720.86952923,34479.91225023847,0.0072685373356844,False,False,False,,,,synthetic (no market data)
2020-03-06,4766128.161935216,0,4778200.781779468,-12072.619844252244,-0.002526603714579828,False,False,False,,,,synthetic (no market data)
2020-03-09,4755089.797453587,0,4766128.161935216,-11038.364481628872,-0.0023160024461337412,False,False,False,,,,synthetic (no market data)
2020-03-10,4746834.692686633,0,4755089.797453587,-8255.104766953737,-0.001736056545425168,False,False,False,,,,synthetic (no market data)
2020-03-11,4729148.003070378,0,4746834.692686633,-17686.689616255462,-0.0037259965348077195,False,False,False,,,,synthetic (no market data)
2020-03-12,4750558.308572733,0,4729148.003070378,21410.3055023551,0.004527307136180673,False,False,False,,,,synthetic (no market data)
2020-03-13,4730626.4378458345,0,4750558.308572733,-19931.870726898313,-0.004195690155182346,False,False,False,,,,synthetic (no market data)
2020-03-16,4811890.452055269,0,4730626.4378458345,81264.01420943439,0.017178277608079162,False,False,False,,,,synthetic (no market data)
2020-03-17,4832347.173512939,0,4811890.452055269,20456.721457670443,0.0042512857808167485,False,False,False,,,,synthetic (no market data)
2020-03-18,4782437.124627998,0,4832347.173512939,-49910.048884941265,-0.010328324330360248,False,False,False,,,,synthetic (no market data)
2020-03-19,4800447.422367578,0,4782437.124627998,18010.297739580274,0.003765924625926202,False,False,False,,,,synthetic (no market data)
2020-03-20,4805576.307592097,0,4800447.422367578,5128.885224518366,0.0010684181646528278,False,False,False,,,,synthetic (no market data)
2020-03-23,4774965.753704224,0,4805576.307592097,-30610.553887872957,-0.006369798735588243,False,False,False,,,,synthetic (no market data)
2020-03-24,4767235.249417507,0,4774965.753704224,-7730.504286716692,-0.001618965388541202,False,False,False,,,,synthetic (no market data)
2020-03-25,4743566.140720369,0,4767235.249417507,-23669.108697137795,-0.0049649550439177185,False,False,False,,,,synthetic (no market data)
2020-03-26,4709695.133623074,0,4743566.140720369,-33871.007097295485,-0.007140409997983448,False,False,False,,,,synthetic (no market data)
2020-03-27,4666035.029648685,0,4709695.133623074,-43660.10397438891,-0.009270261181598408,False,False,False,,,,synthetic (no market data)
2020-03-30,4754629.047872498,0,4666035.029648685,88594.0182238128,0.018987002382295278,False,False,False,,,,synthetic (no market data)
2020-03-31,4736322.592456553,0,4754629.047872498,-18306.45541594457,-0.00385023841641988,False,False,False,,,,synthetic (no market data)
2020-04-01,4759929.262960003,0,4736322.592456553,23606.670503449626,0.004984177078868636,False,False,False,,,,synthetic (no market data)
2020-04-02,4724427.7028741455,0,4759929.262960003,-35501.56008585729,-0.007458421779944759,False,False,False,,,,synthetic (no market data)
2020-04-03,4774223.658601358,0,4724427.7028741455,49795.95572721213,0.010540103237672224,False,False,False,,,,synthetic (no market data)
2020-04-06,4760235.613792484,0,4774223.658601358,-13988.044808873907,-0.0029299098260033764,False,False,False,,,,synthetic (no market data)
2020-04-07,4784334.7617895175,0,4760235.613792484,24099.147997033782,0.005062595625982885,False,False,False,,,,synthetic (no market data)
2020-04-08,4813263.347947756,0,4784334.7617895175,28928.58615823835,0.006046522160045923,False,False,False,,,,synthetic (no market data)
2020-04-09,4857331.172769503,0,4813263.347947756,44067.82482174691,0.009155498387707421,False,False,False,,,,synthetic (no market data)
2020-04-10,4848724.727918407,0,4857331.172769503,-8606.444851095788,-0.0017718464203849323,False,False,False,,,,synthetic (no market data)
2020-04-13,4800696.71183178,0,4848724.727918407,-48028.0160866268,-0.009905288252411387,False,False,False,,,,synthetic (no market data)
2020-04-14,4762277.19334674,0,4800696.71183178,-38419.518485040404,-0.008002904743045275,False,False,False,,,,synthetic (no market data)
2020-04-15,4808208.1435941225,0,4762277.19334674,45930.950247382745,0.00964474523061189,False,False,False,,,,synthetic (no market data)
2020-04-16,4791947.726495653,0,4808208.1435941225,-16260.4170984691,-0.003381803909660717,False,False,False,,,,synthetic (no market data)
2020-04-17,4769092.002043736,0,4791947.726495653,-22855.724451917224,-0.00476961055429367,False,False,False,,,,synthetic (no market data)
2020-04-20,4763134.891039214,0,4769092.002043736,-5957.11100452207,-0.001249108006716839,False,False,False,,,,synthetic (no market data)
2020-04-21,4816371.360354969,0,4763134.891039214,53236.46931575518,0.011176771293189247,False,False,False,,,,synthetic (no market data)
2020-04-22,4830708.941764869,0,4816371.360354969,14337.581409899518,0.0029768430083935283,False,False,False,,,,synthetic (no market data)
2020-04-23,4792342.674084837,0,4830708.941764869,-38366.26768003218,-0.00794216090071767,False,False,False,,,,synthetic (no market data)
2020-04-24,4710610.346620891,0,4792342.674084837,-81732.32746394537,-0.017054775299337976,False,False,False,,,,synthetic (no market data)
2020-04-27,4654869.1106797075,0,4710610.346620891,-55741.23594118375,-0.011833123913797957,False,False,False,,,,synthetic (no market data)
2020-04-28,4671734.622445347,0,4654869.1106797075,16865.511765639298,0.0036231978525335124,False,False,False,,,,synthetic (no market data)
2020-04-29,4666706.428326996,0,4671734.622445347,-5028.194118350744,-0.0010763013151887499,False,False,False,,,,synthetic (no market data)
2020-04-30,4554329.630469925,0,4666706.428326996,-112376.79785707127,-0.02408053722319921,False,False,False,,,,synthetic (no market data)
2020-05-01,4588418.864134776,0,4554329.630469925,34089.233664851636,0.007485016771026792,False,False,False,,,,synthetic (no market data)
2020-05-04,4557869.688376363,0,4588418.864134776,-30549.17575841304,-0.006657887316521963,False,False,False,,,,synthetic (no market data)
2020-05-05,4487629.226848126,0,4557869.688376363,-70240.46152823698,-0.015410809507644905,False,False,False,,,,synthetic (no market data)
2020-05-06,4484724.460819253,0,4487629.226848126,-2904.7660288736224,-0.0006472829821802762,False,False,False,,,,synthetic (no market data)
2020-05-07,4435413.379840385,0,4484724.460819253,-49311.0809788676,-0.010995342391639292,False,False,False,,,,synthetic (no market data)
2020-05-08,4507020.047165058,0,4435413.379840385,71606.66732467245,0.01614430520729712,False,False,False,,,,synthetic (no market data)
2020-05-11,4548563.018462729,0,4507020.047165058,41542.97129767109,0.00921739217108694,False,False,False,,,,synthetic (no market data)
2020-05-12,4543757.613983068,0,4548563.018462729,-4805.404479661025,-0.0010564665060494426,False,False,False,,,,synthetic (no market data)
2020-05-13,4629598.798666828,0,4543757.613983068,85841.18468376063,0.01889211352726891,False,False,False,,,,synthetic (no market data)
2020-05-14,4618013.682404109,0,4629598.798666828,-11585.116262719035,-0.0025024017774618323,False,False,False,,,,synthetic (no market data)
2020-05-15,4700079.512720298,0,4618013.682404109,82065.83031618875,0.017770807095891017,False,False,False,,,,synthetic (no market data)
2020-05-18,4584460.63719762,0,4700079.512720298,-115618.87552267779,-0.024599344587632358,False,False,False,,,,synthetic (no market data)
2020-05-19,4608298.916216188,0,4584460.63719762,23838.279018567875,0.005199800130280907,False,False,False,,,,synthetic (no market data)
2020-05-20,4526968.485441313,0,4608298.916216188,-81330.43077487499,-0.017648688215228518,False,False,False,,,,synthetic (no market data)
2020-05-21,4545785.954525932,0,4526968.485441313,18817.469084618613,0.0041567484167683985,False,False,False,,,,synthetic (no market data)
2020-05-22,4531258.206968764,0,4545785.954525932,-14527.747557167895,-0.0031958714516031267,False,False,False,,,,synthetic (no market data)
2020-05-25,4587937.728427413,0,4531258.206968764,56679.52145864908,0.012508561390626529,False,False,False,,,,synthetic (no market data)
2020-05-26,4553375.480816661,0,4587937.728427413,-34562.24761075154,-0.0075332861203847,False,False,False,,,,synthetic (no market data)
2020-05-27,4578950.614952089,0,4553375.480816661,25575.134135427885,0.0056167417431695985,False,False,False,,,,synthetic (no market data)
2020-05-28,4638090.512608043,0,4578950.614952089,59139.89765595365,0.012915600675586768,False,False,False,,,,synthetic (no market data)
2020-05-29,4662723.751360238,0,4638090.512608043,24633.23875219468,0.0053110733145962635,False,False,False,,,,synthetic (no market data)
2020-06-01,4620911.735415075,0,4662723.751360238,-41812.015945162624,-0.008967294262921961,False,False,False,,,,synthetic (no market data)
2020-06-02,4535472.959492992,0,4620911.735415075,-85438.7759220833,-0.018489592706840294,False,False,False,,,,synthetic (no market data)
2020-06-03,4744533.136382806,0,4535472.959492992,209060.17688981444,0.04609445999501333,False,False,False,,,,synthetic (no market data)
2020-06-04,4783845.139792452,0,4744533.136382806,39312.00340964552,0.008285747465474901,False,False,False,,,,synthetic (no market data)
2020-06-05,4830768.653137001,0,4783845.139792452,46923.513344549574,0.009808744215868442,False,False,False,,,,synthetic (no market data)
2020-06-08,4904172.23497376,0,4830768.653137001,73403.58183675911,0.015195010795868344,False,False,False,,,,synthetic (no market data)
2020-06-09,4855319.555849215,0,4904172.23497376,-48852.679124545306,-0.009961452572190645,False,False,False,,,,synthetic (no market data)
2020-06-10,4738127.537167347,0,4855319.555849215,-117192.01868186798,-0.02413682916929463,False,False,False,,,,synthetic (no market data)
2020-06-11,4650719.147082225,0,4738127.537167347,-87408.39008512162,-0.018447876170378068,False,False,False,,,,synthetic (no market data)
2020-06-12,4672332.357690119,0,4650719.147082225,21613.210607893765,0.0046472835542979395,False,False,False,,,,synthetic (no market data)
2020-06-15,4678398.071466736,0,4672332.357690119,6065.71377661638,0.001298219671088448,False,False,False,,,,synthetic (no market data)
2020-06-16,4672781.771754646,0,4678398.071466736,-5616.299712089822,-0.0012004749545241331,False,False,False,,,,synthetic (no market data)
2020-06-17,4593491.945986747,0,4672781.771754646,-79289.82576789893,-0.016968441849173992,False,False,False,,,,synthetic (no market data)
2020-06-18,4584242.779081771,0,4593491.945986747,-9249.16690497566,-0.0020135371986570033,False,False,False,,,,synthetic (no market data)
2020-06-19,4648351.82523836,0,4584242.779081771,64109.04615658894,0.01398465335412058,False,False,False,,,,synthetic (no market data)
2020-06-22,4609860.23668811,0,4648351.82523836,-38491.588550250046,-0.008280696039671279,False,False,False,,,,synthetic (no market data)
2020-06-23,4624647.820790417,0,4609860.23668811,14787.584102306515,0.0032078161469230246,False,False,False,,,,synthetic (no market data)
2020-06-24,4644066.470634254,0,4624647.820790417,19418.649843837135,0.004198946729854602,False,False,False,,,,synthetic (no market data)
2020-06-25,4606272.698200049,0,4644066.470634254,-37793.77243420482,-0.008138077409784191,False,False,False,,,,synthetic (no market data)
2020-06-26,4629800.69023215,0,4606272.698200049,23527.992032101378,0.005107815705591029,False,False,False,,,,synthetic (no market data)
2020-06-29,4688584.439556367,0,4629800.69023215,58783.74932421651,0.012696820718057507,False,False,False,,,,synthetic (no market data)
2020-06-30,4590190.849308769,0,4688584.439556367,-98393.59024759755,-0.02098577758725564,False,False,False,,,,synthetic (no market data)
2020-07-01,4535237.260290202,0,4590190.849308769,-54953.589018567465,-0.011971961694543235,False,False,False,,,,synthetic (no market data)
2020-07-02,4687630.567500021,0,4535237.260290202,152393.30720981956,0.033602058384938426,False,False,False,,,,synthetic (no market data)
2020-07-03,4703007.965749673,0,4687630.567500021,15377.398249651305,0.0032804202524543834,False,False,False,,,,synthetic (no market data)
2020-07-06,4675362.895805619,0,4703007.965749673,-27645.06994405389,-0.005878167790780509,False,False,False,,,,synthetic (no market data)
2020-07-07,4715052.981405706,0,4675362.895805619,39690.08560008742,0.008489198910248092,False,False,False,,,,synthetic (no market data)
2020-07-08,4745166.955484702,0,4715052.981405706,30113.974078996107,0.006386773212889366,False,False,False,,,,synthetic (no market data)
2020-07-09,4809114.3788015405,0,4745166.955484702,63947.42331683822,0.013476327369877803,False,False,False,,,,synthetic (no market data)
2020-07-10,4821247.684806233,1,4809114.3788015405,12133.3060046928,0.0025229813743204194,False,False,False,,,,synthetic (no market data)
2020-07-13,4876139.451655379,1,4821247.684806233,54891.76684914529,0.011385386198293067,False,False,False,,,,synthetic (no market data)
2020-07-14,4759707.930124272,1,4876139.451655379,-116431.5215311069,-0.02387780798426101,False,False,False,,,,synthetic (no market data)
2020-07-15,4541267.19397784,1,4759707.930124272,-218440.73614643142,-0.0458937269583111,False,False,False,,,,synthetic (no market data)
2020-07-16,4578317.745584423,1,4541267.19397784,37050.55160658248,0.008158637231413093,False,False,False,,,,synthetic (no market data)
2020-07-17,4509632.600877701,1,4578317.745584423,-68685.14470672142,-0.015002266885684177,False,False,False,,,,synthetic (no market data)
2020-07-20,5108657.843966859,1,4509632.600877701,599025.2430891581,0.13283238261417812,True,False,True,100854.57936366368,472807.66166055296,25363.00206494145,synthetic (no market data)
2020-07-21,5015303.050391587,1,5108657.843966859,-93354.79357527196,-0.018273839514525447,False,False,False,,,,synthetic (no market data)
2020-07-22,5163468.2896646885,1,5015303.050391587,148165.2392731011,0.029542629385383316,False,False,False,,,,synthetic (no market data)
2020-07-23,5365563.90570839,1,5163468.2896646885,202095.61604370177,0.03913950947432383,False,False,False,,,,synthetic (no market data)
2020-07-24,5364476.705575281,1,5365563.90570839,-1087.2001331094652,-0.00020262551191549497,False,False,False,,,,synthetic (no market data)
2020-07-27,5358417.832503965,1,5364476.705575281,-6058.873071315698,-0.0011294434487931944,False,False,False,,,,synthetic (no market data)
2020-07-28,5379754.7374203885,1,5358417.832503965,21336.904916423373,0.003981941234032646,False,False,False,,,,synthetic (no market data)
2020-07-29,5363673.246179049,1,5379754.7374203885,-16081.491241339594,-0.00298926104000249,False,False,False,,,,synthetic (no market data)
2020-07-30,5494356.017767175,1,5363673.246179049,130682.7715881262,0.024364416993749843,False,False,False,,,,synthetic (no market data)
2020-07-31,5288384.0699793715,1,5494356.017767175,-205971.9477878036,-0.037487914347331924,False,False,False,,,,synthetic (no market data)
2020-08-03,5167258.34177319,1,5288384.0699793715,-121125.7282061819,-0.022904109573617708,False,False,False,,,,synthetic (no market data)
2020-08-04,5264598.105419331,1,5167258.34177319,97339.76364614163,0.018837796991729012,False,False,False,,,,synthetic (no market data)
2020-08-05,4918132.826188814,1,5264598.105419331,-346465.27923051734,-0.06581039469544105,False,False,False,,,,synthetic (no market data)
2020-08-06,4957350.538623948,1,4918132.826188814,39217.712435133755,0.007974105991261842,False,False,False,,,,synthetic (no market data)
2020-08-07,4869930.153320486,1,4957350.538623948,-87420.38530346192,-0.01763449742404698,False,False,False,,,,synthetic (no market data)
2020-08-10,4816804.793772652,1,4869930.153320486,-53125.35954783391,-0.010908854516447472,False,False,False,,,,synthetic (no market data)
2020-08-11,4800813.727789926,1,4816804.793772652,-15991.065982725471,-0.003319849291671385,False,False,False,,,,synthetic (no market data)
2020-08-12,4792355.790873379,1,4800813.727789926,-8457.936916546896,-0.0017617715237705214,False,False,False,,,,synthetic (no market data)
2020-08-13,4938802.675448903,1,4792355.790873379,146446.88457552344,0.03055843325623249,False,False,False,,,,synthetic (no market data)
2020-08-14,4928621.259694272,0,4938802.675448903,-10181.415754631162,-0.002061514991324439,False,False,False,,,,synthetic (no market data)
2020-08-17,4914536.424741177,0,4928621.259694272,-14084.834953094833,-0.0028577637052940304,False,False,False,,,,synthetic (no market data)
2020-08-18,4991809.998738354,0,4914536.424741177,77273.57399717718,0.015723471619451226,False,False,False,,,,synthetic (no market data)
2020-08-19,5019049.3591151545,0,4991809.998738354,27239.36037680041,0.00545681033206091,False,False,False,,,,synthetic (no market data)
2020-08-20,4949885.0423086425,0,5019049.3591151545,-69164.31680651195,-0.01378036194860324,False,False,False,,,,synthetic (no market data)
2020-08-21,4840370.127918178,0,4949885.0423086425,-109514.91439046431,-0.022124738949368852,False,False,False,,,,synthetic (no market data)
2020-08-24,4841829.609263519,0,4840370.127918178,1459.4813453406096,0.00030152267425225313,False,False,False,,,,synthetic (no market data)
2020-08-25,4800937.379282366,0,4841829.609263519,-40892.22998115327,-0.008445615249020155,False,False,False,,,,synthetic (no market data)
2020-08-26,4758408.499712823,0,4800937.379282366,-42528.879569542594,-0.008858453299780328,False,False,False,,,,synthetic (no market data)
2020-08-27,4734936.695453032,0,4758408.499712823,-23471.80425979104,-0.004932700557593489,False,False,False,,,,synthetic (no market data)
2020-08-28,4729976.005093893,0,4734936.695453032,-4960.690359138884,-0.0010476782855201937,False,False,False,,,,synthetic (no market data)
2020-08-31,4748214.368169028,0,4729976.005093893,18238.363075135276,0.0038559102742791256,False,False,False,,,,synthetic (no market data)
2020-09-01,4748905.321951479,0,4748214.368169028,690.9537824504077,0.00014551865793642512,False,False,False,,,,synthetic (no market data)
2020-09-02,4750357.257488053,0,4748905.321951479,1451.9355365745723,0.00030574109992530344,False,False,False,,,,synthetic (no market data)
2020-09-03,4804734.849736408,0,4750357.257488053,54377.59224835504,0.011447053200606943,False,False,False,,,,synthetic (no market data)
2020-09-04,4828228.8217774555,0,4804734.849736408,23493.97204104718,0.004889754122922325,False,False,False,,,,synthetic (no market data)
2020-09-07,4913541.751340424,0,4828228.8217774555,85312.9295629682,0.0176696119243912,False,False,False,,,,synthetic (no market data)
2020-09-08,4959600.821102568,0,4913541.751340424,46059.06976214424,0.009373904220836067,False,False,False,,,,synthetic (no market data)
2020-09-09,5022751.412165557,0,4959600.821102568,63150.591062989086,0.012732998751490265,False,False,False,,,,synthetic (no market data)
2020-09-10,4986628.482750472,0,5022751.412165557,-36122.92941508535,-0.007191860884771713,False,False,False,,,,synthetic (no market data)
2020-09-11,4914531.930192073,0,4986628.482750472,-72096.5525583988,-0.014457975525506274,False,False,False,,,,synthetic (no market data)
2020-09-14,4886670.532671232,0,4914531.930192073,-27861.3975208411,-0.00566918638775681,False,False,False,,,,synthetic (no market data)
2020-09-15,4916985.499417959,0,4886670.532671232,30314.966746727005,0.006203603566896445,False,False,False,,,,synthetic (no market data)
2020-09-16,4845391.740921808,0,4916985.499417959,-71593.75849615037,-0.014560498196430554,False,False,False,,,,synthetic (no market data)
2020-09-17,4854196.692349912,0,4845391.740921808,8804.95142810326,0.0018171805085935462,False,False,False,,,,synthetic (no market data)
2020-09-18,4844922.454525762,0,4854196.692349912,-9274.23782414943,-0.0019105607811000713,False,False,False,,,,synthetic (no market data)
2020-09-21,4831652.5840497445,0,4844922.454525762,-13269.870476017706,-0.0027389231923871126,False,False,False,,,,synthetic (no market data)
2020-09-22,4804500.645454974,0,4831652.5840497445,-27151.938594770618,-0.005619596633335066,False,False,False,,,,synthetic (no market data)
2020-09-23,4785146.833216984,0,4804500.645454974,-19353.81223799009,-0.004028267174091998,False,False,False,,,,synthetic (no market data)
2020-09-24,4810470.179524403,0,4785146.833216984,25323.34630741924,0.005292072989617066,False,False,False,,,,synthetic (no market data)
2020-09-25,4762750.1604059115,0,4810470.179524403,-47720.01911849156,-0.009920032208412836,False,False,False,,,,synthetic (no market data)
2020-09-28,4801367.687581431,0,4762750.1604059115,38617.527175519615,0.008108241220914345,False,False,False,,,,synthetic (no market data)
2020-09-29,4735977.337152331,0,4801367.687581431,-65390.350429099984,-0.013619109113061644,False,False,False,,,,synthetic (no market data)
2020-09-30,4832462.237656824,0,4735977.337152331,96484.90050449315,0.020372753844829,False,False,False,,,,synthetic (no market data)
2020-10-01,4800974.844952135,0,4832462.237656824,-31487.392704688944,-0.006515807295776537,False,False,False,,,,synthetic (no market data)
2020-10-02,4847344.92286077,0,4800974.844952135,46370.07790863421,0.009658471332627136,False,False,False,,,,synthetic (no market data)
2020-10-05,4837035.221910331,0,4847344.92286077,-10309.700950438157,-0.0021268758700904774,False,False,False,,,,synthetic (no market data)
2020-10-06,4834784.433406749,0,4837035.221910331,-2250.7885035825893,-0.0004653239846977311,False,False,False,,,,synthetic (no market data)
2020-10-07,4802583.519381764,0,4834784.433406749,-32200.914024984464,-0.0066602584807063745,False,False,False,,,,synthetic (no market data)
2020-10-08,4803924.09738396,0,4802583.519381764,1340.5780021958053,0.0002791368430732419,False,False,False,,,,synthetic (no market data)
2020-10-09,4874936.962433453,0,4803924.09738396,71012.86504949257,0.014782262086148188,False,False,False,,,,synthetic (no market data)
2020-10-12,4966939.116347105,0,4874936.962433453,92002.15391365252,0.01887248073618725,False,False,False,,,,synthetic (no market data)
2020-10-13,4934694.2434653975,0,4966939.116347105,-32244.872881707735,-0.006491900167566774,False,False,False,,,,synthetic (no market data)
2020-10-14,5000232.101103767,0,4934694.2434653975,65537.85763836931,0.013281037163580218,False,False,False,,,,synthetic (no market data)
2020-10-15,5093212.801187637,0,5000232.101103767,92980.70008387044,0.018595276819919137,False,False,False,,,,synthetic (no market data)
2020-10-16,5082752.030994114,0,5093212.801187637,-10460.770193523727,-0.002053864741540837,False,False,False,,,,synthetic (no market data)
2020-10-19,5094139.163185602,0,5082752.030994114,11387.13219148852,0.002240347772633984,False,False,False,,,,synthetic (no market data)
2020-10-20,5094155.3403211245,0,5094139.163185602,16.17713552247733,3.1756367473009933e-06,False,False,False,,,,synthetic (no market data)
2020-10-21,5128558.050029422,0,5094155.3403211245,34402.709708297625,0.00675336879423252,False,False,False,,,,synthetic (no market data)
2020-10-22,5073093.586862248,0,5128558.050029422,-55464.46316717379,-0.010814826043912205,False,False,False,,,,synthetic (no market data)
2020-10-23,5058831.878590491,0,5073093.586862248,-14261.7082717577,-0.002811244860274436,False,False,False,,,,synthetic (no market data)
2020-10-26,5071197.415659624,0,5058831.878590491,12365.537069133483,0.0024443463166794964,False,False,False,,,,synthetic (no market data)
2020-10-27,4938654.228693825,0,5071197.415659624,-132543.18696579896,-0.02613646760359037,False,False,False,,,,synthetic (no market data)
2020-10-28,4867937.340780611,0,4938654.228693825,-70716.88791321404,-0.014319060342865356,False,False,False,,,,synthetic (no market data)
2020-10-29,4891016.912737323,0,4867937.340780611,23079.57195671182,0.004741139899925424,False,False,False,,,,synthetic (no market data)
2020-10-30,5169316.505152963,1,4891016.912737323,278299.59241564013,0.056900149269752995,False,False,False,,,,synthetic (no market data)
2020-11-02,5072735.372942339,1,5169316.505152963,-96581.1322106244,-0.01868354009942104,False,False,False,,,,synthetic (no market data)
2020-11-03,5233009.2163940575,1,5072735.372942339,160273.8434517188,0.03159515166247578,False,False,False,,,,synthetic (no market data)
2020-11-04,5173681.620055192,0,5233009.2163940575,-59327.59633886535,-0.011337185524726935,False,False,False,,,,synthetic (no market data)
2020-11-05,5168872.650379602,0,5173681.620055192,-4808.969675590284,-0.0009295063030065199,False,False,False,,,,synthetic (no market data)
2020-11-06,5163781.872242983,0,5168872.650379602,-5090.778136618435,-0.0009848913836645924,False,False,False,,,,synthetic (no market data)
2020-11-09,5203266.757572772,0,5163781.872242983,39484.88532978855,0.0076465052759166156,False,False,False,,,,synthetic (no market data)
2020-11-10,5225320.116289654,0,5203266.757572772,22053.358716881834,0.004238367883942456,False,False,False,,,,synthetic (no market data)
2020-11-11,5161412.609738756,0,5225320.116289654,-63907.506550897844,-0.012230352424087787,False,False,False,,,,synthetic (no market data)
2020-11-12,5121545.431735082,0,5161412.609738756,-39867.17800367437,-0.007724082730462474,False,False,False,,,,synthetic (no market data)
2020-11-13,4995315.32677501,0,5121545.431735082,-126230.10496007185,-0.024646877908746288,False,False,False,,,,synthetic (no market data)
2020-11-16,4929985.728949478,0,4995315.32677501,-65329.59782553185,-0.013078172958444413,False,False,False,,,,synthetic (no market data)
2020-11-17,4868782.892883393,0,4929985.728949478,-61202.836066084914,-0.012414404306830827,False,False,False,,,,synthetic (no market data)
2020-11-18,4899597.617567943,0,4868782.892883393,30814.724684550427,0.006329040617028071,False,False,False,,,,synthetic (no market data)
2020-11-19,4853028.2831974365,0,4899597.617567943,-46569.33437050693,-0.00950472630722336,False,False,False,,,,synthetic (no market data)
2020-11-20,4833382.076571483,0,4853028.2831974365,-19646.206625953317,-0.004048236581264954,False,False,False,,,,synthetic (no market data)
2020-11-23,4809855.140731339,0,4833382.076571483,-23526.935840143822,-0.004867592809222408,False,False,False,,,,synthetic (no market data)
2020-11-24,4799006.319967252,0,4809855.140731339,-10848.82076408714,-0.0022555400207827413,False,False,False,,,,synthetic (no market data)
2020-11-25,4895584.547696935,0,4799006.319967252,96578.22772968281,0.02012463024435897,False,False,False,,,,synthetic (no market data)
2020-11-26,4827895.532141738,0,4895584.547696935,-67689.01555519737,-0.01382654408185858,False,False,False,,,,synthetic (no market data)
2020-11-27,4854885.244973011,0,4827895.532141738,26989.712831273675,0.005590368029214703,False,False,False,,,,synthetic (no market data)
2020-11-30,4804804.655022845,0,4854885.244973011,-50080.58995016664,-0.010315504367898822,False,False,False,,,,synthetic (no market data)
2020-12-01,4751534.824532136,0,4804804.655022845,-53269.83049070835,-0.011086783816491095,False,False,False,,,,synthetic (no market data)
2020-12-02,4741308.5819943,0,4751534.824532136,-10226.242537836544,-0.002152197745671259,False,False,False,,,,synthetic (no market data)
2020-12-03,4729118.793001848,0,4741308.5819943,-12189.788992451504,-0.0025709756666637816,False,False,False,,,,synthetic (no market data)
2020-12-04,4726769.086830609,0,4729118.793001848,-2349.7061712397262,-0.000496859198106172,False,False,False,,,,synthetic (no market data)
2020-12-07,4655249.994809034,0,4726769.086830609,-71519.09202157427,-0.01513065070617385,False,False,False,,,,synthetic (no market data)
2020-12-08,4616939.794174528,0,4655249.994809034,-38310.20063450653,-0.008229461506304792,False,False,False,,,,synthetic (no market data)
2020-12-09,4551310.119351961,0,4616939.794174528,-65629.67482256703,-0.01421497306622364,False,False,False,,,,synthetic (no market data)
2020-12-10,4570303.369265414,0,4551310.119351961,18993.249913453124,0.004173139033680588,False,False,False,,,,synthetic (no market data)
2020-12-11,4587751.02477334,0,4570303.369265414,17447.655507925898,0.0038176143022055587,False,False,False,,,,synthetic (no market data)
2020-12-14,4544685.538443645,0,4587751.02477334,-43065.48632969428,-0.00938705829874932,False,False,False,,,,synthetic (no market data)
2020-12-15,4568452.907426108,0,4544685.538443645,23767.368982462212,0.005229705945859895,False,False,False,,,,synthetic (no market data)
2020-12-16,4579495.104278406,0,4568452.907426108,11042.196852298453,0.002417053885867829,False,False,False,,,,synthetic (no market data)
2020-12-17,4563215.13061682,0,4579495.104278406,-16279.973661585711,-0.003554971299429079,False,False,False,,,,synthetic (no market data)
2020-12-18,4568380.859748401,0,4563215.13061682,5165.72913158033,0.001132037167592856,False,False,False,,,,synthetic (no market data)
2020-12-21,4611879.12158631,0,4568380.859748401,43498.261837909,0.009521592698447788,False,False,False,,,,synthetic (no market data)
2020-12-22,4583506.239208891,0,4611879.12158631,-28372.88237741869,-0.006152130537120302,False,False,False,,,,synthetic (no market data)
2020-12-23,4603005.787796468,0,4583506.239208891,19499.548587576486,0.004254286471952549,False,False,False,,,,synthetic (no market data)
2020-12-24,4647533.908269903,0,4603005.787796468,44528.12047343515,0.009673705080164905,False,False,False,,,,synthetic (no market data)
2020-12-25,4692472.933687107,0,4647533.908269903,44939.025417204015,0.00966943465162002,False,False,False,,,,synthetic (no market data)
2020-12-28,4809329.088552966,0,4692472.933687107,116856.15486585908,0.024902893744352287,False,False,False,,,,synthetic (no market data)
2020-12-29,4793351.461156632,0,4809329.088552966,-15977.627396333963,-0.003322215448795857,False,False,False,,,,synthetic (no market data)
2020-12-30,4821875.9583389815,0,4793351.461156632,28524.497182349674,0.005950846169637379,False,False,False,,,,synthetic (no market data)
2020-12-31,4759133.853702905,0,4821875.9583389815,-62742.10463607684,-0.013011969859483892,False,False,False,,,,synthetic (no market data)
2021-01-01,4744685.879321372,0,4759133.853702905,-14447.97438153252,-0.003035841147920454,False,False,False,,,,synthetic (no market data)
2021-01-04,4734889.29295501,0,4744685.879321372,-9796.586366361938,-0.002064749198478685,False,False,False,,,,synthetic (no market data)
2021-01-05,4705744.600594467,0,4734889.29295501,-29144.692360543646,-0.006155305975982947,False,False,False,,,,synthetic (no market data)
2021-01-06,4670712.269216651,0,4705744.600594467,-35032.331377815455,-0.007444588338557493,False,False,False,,,,synthetic (no market data)
2021-01-07,4683720.837652402,0,4670712.269216651,13008.568435750902,0.0027851359034652408,False,False,False,,,,synthetic (no market data)
2021-01-08,4694152.739724105,0,4683720.837652402,10431.902071703225,0.0022272681129586612,False,False,False,,,,synthetic (no market data)
2021-01-11,4695840.207028275,0,4694152.739724105,1687.4673041701317,0.0003594828284750937,False,False,False,,,,synthetic (no market data)
2021-01-12,4672309.382401677,0,4695840.207028275,-23530.824626598507,-0.005010993472771894,False,False,False,,,,synthetic (no market data)
2021-01-13,4642466.833405619,0,4672309.382401677,-29842.548996058293,-0.006387108933423951,False,False,False,,,,synthetic (no market data)
2021-01-14,4636444.179569108,0,4642466.833405619,-6022.653836510144,-0.001297296039504939,False,False,False,,,,synthetic (no market data)
2021-01-15,4592128.543796432,0,4636444.179569108,-44315.63577267621,-0.009558108338272869,False,False,False,,,,synthetic (no market data)
2021-01-18,4562856.658034646,0,4592128.543796432,-29271.885761786252,-0.006374361144861686,False,False,False,,,,synthetic (no market data)
2021-01-19,4587005.463732126,0,4562856.658034646,24148.805697480217,0.005292475198614239,False,False,False,,,,synthetic (no market data)
2021-01-20,4591009.939274554,0,4587005.463732126,4004.475542427972,0.000873004310566007,False,False,False,,,,synthetic (no market data)
2021-01-21,4567582.768728677,0,4591009.939274554,-23427.170545876957,-0.005102835945848288,False,False,False,,,,synthetic (no market data)
2021-01-22,4577490.442482815,0,4567582.768728677,9907.67375413794,0.0021691284549826785,False,False,False,,,,synthetic (no market data)
2021-01-25,4543121.870909574,0,4577490.442482815,-34368.57157324068,-0.0075081689421506006,False,False,False,,,,synthetic (no market data)
2021-01-26,4571809.906180654,0,4543121.870909574,28688.03527107928,0.00631460834338914,False,False,False,,,,synthetic (no market data)
2021-01-27,4530747.739632531,0,4571809.906180654,-41062.16654812265,-0.00898159971450486,False,False,False,,,,synthetic (no market data)
2021-01-28,4579814.622447684,0,4530747.739632531,49066.88281515334,0.010829753858495095,False,False,False,,,,synthetic (no market data)
2021-01-29,4597154.16766773,0,4579814.622447684,17339.545220045373,0.003786080147230554,False,False,False,,,,synthetic (no market data)
2021-02-01,4673316.604548374,0,4597154.16766773,76162.43688064441,0.016567301009024857,False,False,False,,,,synthetic (no market data)
2021-02-02,4714388.946972416,0,4673316.604548374,41072.34242404159,0.008788692463948908,False,False,False,,,,synthetic (no market data)
2021-02-03,4590138.440184474,0,4714388.946972416,-124250.50678794179,-0.0263555909759494,False,False,False,,,,synthetic (no market data)
2021-02-04,4517577.401128387,0,4590138.440184474,-72561.03905608691,-0.015808028450917645,False,False,False,,,,synthetic (no market data)
2021-02-05,4625035.976547844,0,4517577.401128387,107458.5754194567,0.023786770181871374,False,False,False,,,,synthetic (no market data)
2021-02-08,4610146.012657716,0,4625035.976547844,-14889.963890127838,-0.0032194266089237648,False,False,False,,,,synthetic (no market data)
2021-02-09,4554155.574404184,0,4610146.012657716,-55990.438253532164,-0.012145046621040552,False,False,False,,,,synthetic (no market data)
2021-02-10,4578242.36348045,0,4554155.574404184,24086.78907626588,0.005288969312256561,False,False,False,,,,synthetic (no market data)
2021-02-11,4555608.791930932,0,4578242.36348045,-22633.571549518034,-0.004943725070140596,False,False,False,,,,synthetic (no market data)
2021-02-12,4581552.065892706,0,4555608.791930932,25943.273961774074,0.005694798466392854,False,False,False,,,,synthetic (no market data)
2021-02-15,4619142.536547436,0,4581552.065892706,37590.470654730685,0.008204745927602213,False,False,False,,,,synthetic (no market data)
2021-02-16,4603564.846030938,0,4619142.536547436,-15577.69051649794,-0.0033724203990772358,False,False,False,,,,synthetic (no market data)
2021-02-17,4553914.401800625,0,4603564.846030938,-49650.44423031341,-0.01078521665077024,False,False,False,,,,synthetic (no market data)
2021-02-18,4538259.751811939,0,4553914.401800625,-15654.649988685735,-0.0034376249985058702,False,False,False,,,,synthetic (no market data)
2021-02-19,4483109.300477053,0,4538259.751811939,-55150.45133488625,-0.012152334672528816,False,False,False,,,,synthetic (no market data)
2021-02-22,4405253.153030415,0,4483109.300477053,-77856.14744663797,-0.017366551254584226,False,False,False,,,,synthetic (no market data)
2021-02-23,4459449.12383537,0,4405253.153030415,54195.97080495488,0.012302578063572342,False,False,False,,,,synthetic (no market data)
2021-02-24,4459528.4998278655,0,4459449.12383537,79.3759924955666,1.7799506237510096e-05,False,False,False,,,,synthetic (no market data)
2021-02-25,4451548.30945515,0,4459528.4998278655,-7980.190372715704,-0.001789469530920978,False,False,False,,,,synthetic (no market data)
2021-02-26,4418961.340048674,0,4451548.30945515,-32586.969406476244,-0.007320367463442118,False,False,False,,,,synthetic (no market data)
2021-03-01,4387081.743676396,0,4418961.340048674,-31879.596372277476,-0.007214273653710293,False,False,False,,,,synthetic (no market data)
2021-03-02,4407256.975541202,0,4387081.743676396,20175.231864806265,0.004598781842596651,False,False,False,,,,synthetic (no market data)
2021-03-03,4449251.676042159,0,4407256.975541202,41994.70050095674,0.009528534581489856,False,False,False,,,,synthetic (no market data)
2021-03-04,4411943.543602526,0,4449251.676042159,-37308.1324396329,-0.00838526007430095,False,False,False,,,,synthetic (no market data)
2021-03-05,4456430.382278094,0,4411943.543602526,44486.83867556788,0.010083274691960954,False,False,False,,,,synthetic (no market data)
2021-03-08,4431927.600895352,0,4456430.382278094,-24502.781382742338,-0.0054982978035924565,False,False,False,,,,synthetic (no market data)
2021-03-09,4398659.420268691,0,4431927.600895352,-33268.180626660585,-0.007506481067050744,False,False,False,,,,synthetic (no market data)
2021-03-10,4362208.2886257,0,4398659.420268691,-36451.131642990746,-0.008286872922014984,False,False,False,,,,synthetic (no market data)
2021-03-11,4393756.10833174,0,4362208.2886257,31547.819706039503,0.007232075503661597,False,False,False,,,,synthetic (no market data)
2021-03-12,4385680.808365068,0,4393756.10833174,-8075.299966671504,-0.0018379035539452383,False,False,False,,,,synthetic (no market data)
2021-03-15,4392328.695455382,0,4385680.808365068,6647.887090313248,0.0015158164446517266,False,False,False,,,,synthetic (no market data)
2021-03-16,4398001.275138593,0,4392328.695455382,5672.579683211632,0.0012914743127218347,False,False,False,,,,synthetic (no market data)
2021-03-17,4371098.983152329,0,4398001.275138593,-26902.29198626429,-0.006116935922310873,False,False,False,,,,synthetic (no market data)
2021-03-18,4440785.267149828,1,4371098.983152329,69686.28399749938,0.015942508798380804,False,False,False,,,,synthetic (no market data)
2021-03-19,4460789.078621171,1,4440785.267149828,20003.81147134304,0.0045045662575308055,False,False,False,,,,synthetic (no market data)
2021-03-22,4449943.68041955,1,4460789.078621171,-10845.398201621138,-0.0024312734833392856,False,False,False,,,,synthetic (no market data)
2021-03-23,4511608.379124378,1,4449943.68041955,61664.69870482758,0.013857411044585106,False,False,False,,,,synthetic (no market data)
2021-03-24,4611290.686772033,1,4511608.379124378,99682.30764765479,0.022094627740495802,False,False,False,,,,synthetic (no market data)
2021-03-25,4761694.092462491,1,4611290.686772033,150403.4056904586,0.03261633583888052,False,False,False,,,,synthetic (no market data)
2021-03-26,4736311.360663484,1,4761694.092462491,-25382.731799007393,-0.005330609507063234,False,False,False,,,,synthetic (no market data)
2021-03-29,4699841.740011778,1,4736311.360663484,-36469.62065170612,-0.007700004892963222,False,False,False,,,,synthetic (no market data)
2021-03-30,4907738.540277609,1,4699841.740011778,207896.80026583094,0.044234851249546535,False,False,False,,,,synthetic (no market data)
2021-03-31,5023235.7313955985,1,4907738.540277609,115497.19111798983,0.023533688718359612,False,False,False,,,,synthetic (no market data)
2021-04-01,5007660.927862946,1,5023235.7313955985,-15574.803532652557,-0.0031005519878967397,False,False,False,,,,synthetic (no market data)
2021-04-02,4918830.689549174,1,5007660.927862946,-88830.23831377178,-0.01773886842448031,False,False,False,,,,synthetic (no market data)
2021-04-05,4791266.41432371,1,4918830.689549174,-127564.27522546425,-0.02593386178070624,False,False,False,,,,synthetic (no market data)
2021-04-06,4809246.894393747,1,4791266.41432371,17980.480070036836,0.003752761486249934,False,False,False,,,,synthetic (no market data)
2021-04-07,4840597.00321372,1,4809246.894393747,31350.108819973655,0.006518714781833975,False,False,False,,,,synthetic (no market data)
2021-04-08,4873320.936950102,1,4840597.00321372,32723.933736382052,0.006760309464856568,False,False,False,,,,synthetic (no market data)
2021-04-09,4695646.129131495,1,4873320.936950102,-177674.80781860743,-0.036458671636307755,False,False,False,,,,synthetic (no market data)
2021-04-12,4768294.007134887,1,4695646.129131495,72647.87800339237,0.015471327269039607,False,False,False,,,,synthetic (no market data)
2021-04-13,4626055.052888434,1,4768294.007134887,-142238.954246453,-0.02983015603350343,False,False,False,,,,synthetic (no market data)
2021-04-14,4413120.727558732,1,4626055.052888434,-212934.32532970235,-0.04602935393013743,False,False,False,,,,synthetic (no market data)
2021-04-15,4508518.412999753,1,4413120.727558732,95397.68544102088,0.021616831111210807,False,False,False,,,,synthetic (no market data)
2021-04-16,4424901.909933557,1,4508518.412999753,-83616.5030661961,-0.018546337267936693,False,False,False,,,,synthetic (no market data)
2021-04-19,4329454.5467097,1,4424901.909933557,-95447.36322385725,-0.02157050374598936,False,False,False,,,,synthetic (no market data)
2021-04-20,4282743.713536062,1,4329454.5467097,-46710.83317363728,-0.010789080395620874,False,False,False,,,,synthetic (no market data)
2021-04-21,4224205.038837412,1,4282743.713536062,-58538.674698649906,-0.013668498190454932,False,False,False,,,,synthetic (no market data)
2021-04-22,4239447.030714418,1,4224205.038837412,15241.991877005436,0.003608250957723478,False,False,False,,,,synthetic (no market data)
2021-04-23,4249725.870029509,1,4239447.030714418,10278.83931509126,0.00242457076138043,False,False,False,,,,synthetic (no market data)
2021-04-26,4273442.057867969,1,4249725.870029509,23716.18783846032,0.00558063944917361,False,False,False,,,,synthetic (no market data)
2021-04-27,4254584.9757411145,1,4273442.057867969,-18857.08212685492,-0.004412621458652176,False,False,False,,,,synthetic (no market data)
2021-04-28,4214880.289162704,1,4254584.9757411145,-39704.68657841068,-0.009332211438906434,False,False,False,,,,synthetic (no market data)
2021-04-29,4176641.9194126762,1,4214880.289162704,-38238.369750027545,-0.009072231505209295,False,False,False,,,,synthetic (no market data)
2021-04-30,4098741.282467445,1,4176641.9194126762,-77900.63694523135,-0.018651500044367178,False,False,False,,,,synthetic (no market data)
2021-05-03,4107940.7490925365,1,4098741.282467445,9199.46662509162,0.0022444614068330595,False,False,False,,,,synthetic (no market data)
2021-05-04,4145118.8324144655,1,4107940.7490925365,37178.08332192898,0.00905029687444781,False,False,False,,,,synthetic (no market data)
2021-05-05,4130376.338341621,1,4145118.8324144655,-14742.494072844274,-0.003556591419661908,False,False,False,,,,synthetic (no market data)
2021-05-06,4135113.6491787126,1,4130376.338341621,4737.310837091412,0.0011469441157493847,False,False,False,,,,synthetic (no market data)
2021-05-07,4135103.52469138,1,4135113.6491787126,-10.124487332534045,-2.4484181552168223e-06,False,False,False,,,,synthetic (no market data)
2021-05-10,4089072.887059789,1,4135103.52469138,-46030.637631590944,-0.011131677201485881,False,False,False,,,,synthetic (no market data)
2021-05-11,4086483.307296437,1,4089072.887059789,-2589.5797633519396,-0.000633292639890788,False,False,False,,,,synthetic (no market data)
2021-05-12,4089061.439777772,1,4086483.307296437,2578.132481334731,0.0006308926985536591,False,False,False,,,,synthetic (no market data)
2021-05-13,4114268.088412414,1,4089061.439777772,25206.648634641897,0.006164409365297236,False,False,False,,,,synthetic (no market data)
2021-05-14,4175018.557931418,0,4114268.088412414,60750.469519004226,0.01476580237688065,False,False,False,,,,synthetic (no market data)
2021-05-17,4196216.700499483,0,4175018.557931418,21198.14256806532,0.005077376848491972,False,False,False,,,,synthetic (no market data)
2021-05-18,4166825.3375724684,0,4196216.700499483,-29391.36292701494,-0.00700425288415549,False,False,False,,,,synthetic (no market data)
2021-05-19,4090136.2717463505,0,4166825.3375724684,-76689.06582611799,-0.018404674929522226,False,False,False,,,,synthetic (no market data)
2021-05-20,4001582.5708738132,0,4090136.2717463505,-88553.70087253721,-0.02165055024798178,False,False,False,,,,synthetic (no market data)
2021-05-21,4003547.2040064265,0,4001582.5708738132,1964.633132613264,0.0004909640368071308,False,False,False,,,,synthetic (no market data)
2021-05-24,4018034.9151957617,0,4003547.2040064265,14487.711189335212,0.0036187187139537363,False,False,False,,,,synthetic (no market data)
2021-05-25,4032594.810481167,0,4018034.9151957617,14559.895285405219,0.003623635830127138,False,False,False,,,,synthetic (no market data)
2021-05-26,4007007.9100038107,0,4032594.810481167,-25586.900477356277,-0.006345021426614211,False,False,False,,,,synthetic (no market data)
2021-05-27,3988341.1766093858,0,4007007.9100038107,-18666.733394424897,-0.0046585217233591995,False,False,False,,,,synthetic (no market data)
2021-05-28,4011221.6768250284,0,3988341.1766093858,22880.50021564262,0.005736846273290504,False,False,False,,,,synthetic (no market data)
2021-05-31,4007494.544343558,0,4011221.6768250284,-3727.1324814702384,-0.0009291763910740399,False,False,False,,,,synthetic (no market data)
2021-06-01,4023453.638485796,0,4007494.544343558,15959.094142237678,0.003982312131843921,False,False,False,,,,synthetic (no market data)
2021-06-02,4009311.187950123,0,4023453.638485796,-14142.450535672717,-0.0035150027330736557,False,False,False,,,,synthetic (no market data)
2021-06-03,3994525.309165111,0,4009311.187950123,-14785.87878501229,-0.003687885048546706,False,False,False,,,,synthetic (no market data)
2021-06-04,3995638.5912963357,0,3994525.309165111,1113.2821312248707,0.00027870198460641524,False,False,False,,,,synthetic (no market data)
2021-06-07,3970151.294270175,0,3995638.5912963357,-25487.29702616064,-0.006378779372508663,False,False,False,,,,synthetic (no market data)
2021-06-08,3943645.5470967614,0,3970151.294270175,-26505.747173413634,-0.006676256194988693,False,False,False,,,,synthetic (no market data)
2021-06-09,3966701.8725221492,0,3943645.5470967614,23056.325425387826,0.005846449725270432,False,False,False,,,,synthetic (no market data)
2021-06-10,3973610.6532199825,0,3966701.8725221492,6908.780697833281,0.001741693961346399,False,False,False,,,,synthetic (no market data)
2021-06-11,3964167.9541356103,0,3973610.6532199825,-9442.69908437226,-0.002376352367769209,False,False,False,,,,synthetic (no market data)
2021-06-14,3985427.2469363776,0,3964167.9541356103,21259.292800767347,0.005362863795563615,False,False,False,,,,synthetic (no market data)
2021-06-15,3971578.1902563344,0,3985427.2469363776,-13849.056680043228,-0.0034749239722514274,False,False,False,,,,synthetic (no market data)
2021-06-16,3974025.579839475,0,3971578.1902563344,2447.3895831406116,0.0006162259600339511,False,False,False,,,,synthetic (no market data)
2021-06-17,3939806.8169081802,0,3974025.579839475,-34218.76293129474,-0.008610604598241402,False,False,False,,,,synthetic (no market data)
2021-06-18,3943781.336687075,0,3939806.8169081802,3974.519778894726,0.0010088108284491439,False,False,False,,,,synthetic (no market data)
2021-06-21,3943524.5274548684,0,3943781.336687075,-256.8092322065495,-6.511751293551151e-05,False,False,False,,,,synthetic (no market data)
2021-06-22,3887494.575539748,0,3943524.5274548684,-56029.95191512024,-0.014208090129791002,False,False,False,,,,synthetic (no market data)
2021-06-23,3916115.4328635545,0,3887494.575539748,28620.857323806267,0.007362288684308321,False,False,False,,,,synthetic (no market data)
2021-06-24,3921916.349986486,0,3916115.4328635545,5800.917122931685,0.0014812937009596574,False,False,False,,,,synthetic (no market data)
2021-06-25,3898861.8603900485,0,3921916.349986486,-23054.489596437663,-0.005878373616132099,False,False,False,,,,synthetic (no market data)
2021-06-28,3901792.947815697,0,3898861.8603900485,2931.0874256487004,0.0007517802709110268,False,False,False,,,,synthetic (no market data)
2021-06-29,3951749.1691918806,0,3901792.947815697,49956.22137618344,0.01280340142194115,False,False,False,,,,synthetic (no market data)
2021-06-30,3942547.6266861106,0,3951749.1691918806,-9201.54250576999,-0.0023284733194874497,False,False,False,,,,synthetic (no market data)
2021-07-01,3969759.26433445,0,3942547.6266861106,27211.637648339383,0.006902044115878441,False,False,False,,,,synthetic (no market data)
2021-07-02,3988398.434700924,0,3969759.26433445,18639.17036647396,0.004695289846398006,False,False,False,,,,synthetic (no market data)
2021-07-05,3963700.0980103267,0,3988398.434700924,-24698.336690597236,-0.006192544976377035,False,False,False,,,,synthetic (no market data)
2021-07-06,3923323.5210566516,0,3963700.0980103267,-40376.57695367513,-0.010186587268280744,False,False,False,,,,synthetic (no market data)
2021-07-07,3922192.9323611185,0,3923323.5210566516,-1130.588695533108,-0.0002881711613801891,False,False,False,,,,synthetic (no market data)
2021-07-08,3890277.2841682266,0,3922192.9323611185,-31915.64819289185,-0.008137194866056466,False,False,False,,,,synthetic (no market data)
2021-07-09,3870273.5968075567,0,3890277.2841682266,-20003.687360669952,-0.005141969556277248,False,False,False,,,,synthetic (no market data)
2021-07-12,3883134.2196274092,0,3870273.5968075567,12860.62281985255,0.003322923431165382,False,False,False,,,,synthetic (no market data)
2021-07-13,3929626.217638499,0,3883134.2196274092,46491.99801108986,0.011972802221487677,False,False,False,,,,synthetic (no market data)
2021-07-14,3910892.031432624,0,3929626.217638499,-18734.18620587513,-0.0047674219297970276,False,False,False,,,,synthetic (no market data)
2021-07-15,3952347.939266869,0,3910892.031432624,41455.90783424489,0.010600115651635341,False,False,False,,,,synthetic (no market data)
2021-07-16,3918434.299266453,0,3952347.939266869,-33913.640000415966,-0.00858063118974963,False,False,False,,,,synthetic (no market data)
2021-07-19,3920109.799500368,0,3918434.299266453,1675.5002339151688,0.00042759431598198016,False,False,False,,,,synthetic (no market data)
2021-07-20,3925894.464171861,0,3920109.799500368,5784.664671492763,0.0014756384303904037,False,False,False,,,,synthetic (no market data)
2021-07-21,3913071.6900212895,0,3925894.464171861,-12822.77415057132,-0.0032662044962220326,False,False,False,,,,synthetic (no market data)
2021-07-22,3923040.8437545504,0,3913071.6900212895,9969.15373326093,0.002547654252970431,False,False,False,,,,synthetic (no market data)
2021-07-23,3913272.400995608,0,3923040.8437545504,-9768.442758942489,-0.0024900181129884924,False,False,False,,,,synthetic (no market data)
2021-07-26,3910694.7840748644,0,3913272.400995608,-2577.6169207436033,-0.0006586857894400121,False,False,False,,,,synthetic (no market data)
2021-07-27,3890380.5500273164,0,3910694.7840748644,-20314.234047547914,-0.005194533240045109,False,False,False,,,,synthetic (no market data)
2021-07-28,3837469.4944606232,0,3890380.5500273164,-52911.05556669319,-0.01360048326540232,False,False,False,,,,synthetic (no market data)
2021-07-29,3808053.7987478324,0,3837469.4944606232,-29415.695712790824,-0.007665388807716205,False,False,False,,,,synthetic (no market data)
2021-07-30,3782980.375011695,0,3808053.7987478324,-25073.423736137338,-0.0065843144717078325,False,False,False,,,,synthetic (no market data)
2021-08-02,3761966.386364408,0,3782980.375011695,-21013.988647287246,-0.005554876463566714,False,False,False,,,,synthetic (no market data)
2021-08-03,3728253.562625746,0,3761966.386364408,-33712.82373866206,-0.008961489890196064,False,False,False,,,,synthetic (no market data)
2021-08-04,3703245.9244507505,0,3728253.562625746,-25007.638174995314,-0.006707601228008445,False,False,False,,,,synthetic (no market data)
2021-08-05,3713704.7550497,0,3703245.9244507505,10458.830598949455,0.0028242333380818245,False,False,False,,,,synthetic (no market data)
2021-08-06,3678297.0482013407,0,3713704.7550497,-35407.7068483592,-0.009534335436928222,False,False,False,,,,synthetic (no market data)
2021-08-09,3697890.6683041956,0,3678297.0482013407,19593.62010285491,0.005326818320025579,False,False,False,,,,synthetic (no market data)
2021-08-10,3693452.6414619633,0,3697890.6683041956,-4438.026842232328,-0.0012001509077247947,False,False,False,,,,synthetic (no market data)
2021-08-11,3728502.9586285735,0,3693452.6414619633,35050.317166610155,0.009489851520808005,False,False,False,,,,synthetic (no market data)
2021-08-12,3745286.097452208,0,3728502.9586285735,16783.13882363448,0.004501307632006732,False,False,False,,,,synthetic (no market data)
2021-08-13,3746474.328003553,0,3745286.097452208,1188.2305513452739,0.0003172602894485383,False,False,False,,,,synthetic (no market data)
2021-08-16,3737605.552161383,0,3746474.328003553,-8868.775842170231,-0.002367232514014392,False,False,False,,,,synthetic (no market data)
2021-08-17,3761836.3655875446,0,3737605.552161383,24230.81342616165,0.006482977694676597,False,False,False,,,,synthetic (no market data)
2021-08-18,3748022.254602041,0,3761836.3655875446,-13814.110985503532,-0.003672172216705648,False,False,False,,,,synthetic (no market data)
2021-08-19,3788188.9516442446,0,3748022.254602041,40166.69704220351,0.01071677122324567,False,False,False,,,,synthetic (no market data)
2021-08-20,3790026.841901552,0,3788188.9516442446,1837.8902573073283,0.0004851633011889761,False,False,False,,,,synthetic (no market data)
2021-08-23,3775502.674346816,0,3790026.841901552,-14524.167554736137,-0.0038322070424833712,False,False,False,,,,synthetic (no market data)
2021-08-24,3791457.1931577576,0,3775502.674346816,15954.518810941838,0.004225799896619611,False,False,False,,,,synthetic (no market data)
2021-08-25,3790434.4756050436,0,3791457.1931577576,-1022.7175527140498,-0.00026974260834586084,False,False,False,,,,synthetic (no market data)
2021-08-26,3785385.2580413437,0,3790434.4756050436,-5049.217563699931,-0.001332094670464909,False,False,False,,,,synthetic (no market data)
2021-08-27,3849884.5068406453,0,3785385.2580413437,64499.248799301684,0.01703901833037604,False,False,False,,,,synthetic (no market data)
2021-08-30,3845550.9409474307,0,3849884.5068406453,-4333.565893214662,-0.0011256352977640212,False,False,False,,,,synthetic (no market data)
2021-08-31,3869497.122174821,0,3845550.9409474307,23946.18122739019,0.006226983232080279,False,False,False,,,,synthetic (no market data)
2021-09-01,3886506.0500590997,0,3869497.122174821,17008.92788427882,0.004395642985959654,False,False,False,,,,synthetic (no market data)
2021-09-02,3886325.6244650525,0,3886506.0500590997,-180.42559404717758,-4.642359788541535e-05,False,False,False,,,,synthetic (no market data)
2021-09-03,3874412.499195505,0,3886325.6244650525,-11913.12526954757,-0.0030653955485748564,False,False,False,,,,synthetic (no market data)
2021-09-06,3851382.7558367252,0,3874412.499195505,-23029.7433587797,-0.005944060774004231,False,False,False,,,,synthetic (no market data)
2021-09-07,3851470.942722957,0,3851382.7558367252,88.18688623188064,2.2897460943925774e-05,False,False,False,,,,synthetic (no market data)
2021-09-08,3850504.755671496,0,3851470.942722957,-966.1870514610782,-0.00025086183066929546,False,False,False,,,,synthetic (no market data)
2021-09-09,3832506.6173529434,0,3850504.755671496,-17998.138318552636,-0.0046742283052742025,False,False,False,,,,synthetic (no market data)
2021-09-10,3794166.4631006005,0,3832506.6173529434,-38340.15425234288,-0.010003936869605164,False,False,False,,,,synthetic (no market data)
2021-09-13,3793849.9439570247,0,3794166.4631006005,-316.51914357580245,-8.342257690959146e-05,False,False,False,,,,synthetic (no market data)
2021-09-14,3790983.762832815,0,3793849.9439570247,-2866.181124209892,-0.0007554808878973309,False,False,False,,,,synthetic (no market data)
2021-09-15,3801318.540176295,0,3790983.762832815,10334.777343480382,0.002726146559846438,False,False,False,,,,synthetic (no market data)
2021-09-16,3821060.484913096,0,3801318.540176295,19741.944736800622,0.005193446570748329,False,False,False,,,,synthetic (no market data)
2021-09-17,3820110.381436252,0,3821060.484913096,-950.1034768437967,-0.0002486491592046613,False,False,False,,,,synthetic (no market data)
2021-09-20,3805998.2046283274,0,3820110.381436252,-14112.17680792464,-0.003694180376698661,False,False,False,,,,synthetic (no market data)
2021-09-21,3801599.6805144255,0,3805998.2046283274,-4398.524113901891,-0.0011556821305257095,False,False,False,,,,synthetic (no market data)
2021-09-22,3800991.8909037565,0,3801599.6805144255,-607.7896106690168,-0.00015987733105732264,False,False,False,,,,synthetic (no market data)
2021-09-23,3797043.6020785687,0,3800991.8909037565,-3948.288825187832,-0.0010387522358667944,False,False,False,,,,synthetic (no market data)
2021-09-24,3778364.314399955,0,3797043.6020785687,-18679.287678613793,-0.00491942933401882,False,False,False,,,,synthetic (no market data)
2021-09-27,3768419.4796760264,0,3778364.314399955,-9944.834723928478,-0.0026320475995464786,False,False,False,,,,synthetic (no market data)
2021-09-28,3760853.2783662737,0,3768419.4796760264,-7566.201309752651,-0.002007791688414455,False,False,False,,,,synthetic (no market data)
2021-09-29,3763939.472869445,0,3760853.2783662737,3086.1945031713694,0.0008206101846419336,False,False,False,,,,synthetic (no market data)
2021-09-30,3790183.134528893,0,3763939.472869445,26243.661659447942,0.0069723920505663835,False,False,False,,,,synthetic (no market data)
2021-10-01,3799456.5754455617,0,3790183.134528893,9273.440916668624,0.0024466999581594837,False,False,False,,,,synthetic (no market data)
2021-10-04,3783838.6445122734,0,3799456.5754455617,-15617.930933288299,-0.004110569662572544,False,False,False,,,,synthetic (no market data)
2021-10-05,3745297.094911075,0,3783838.6445122734,-38541.549601198174,-0.010185833282583347,False,False,False,,,,synthetic (no market data)
2021-10-06,3710457.255539475,0,3745297.094911075,-34839.83937160019,-0.0093022899088403,False,False,False,,,,synthetic (no market data)
2021-10-07,3678508.453995361,0,3710457.255539475,-31948.801544114016,-0.00861047556777982,False,False,False,,,,synthetic (no market data)
2021-10-08,3700424.3390846904,0,3678508.453995361,21915.885089329444,0.005957818328655955,False,False,False,,,,synthetic (no market data)
2021-10-11,3702054.6487258393,0,3700424.3390846904,1630.309641148895,0.0004405736995968836,False,False,False,,,,synthetic (no market data)
2021-10-12,3700696.5299397586,0,3702054.6487258393,-1358.1187860807404,-0.00036685541272281683,False,False,False,,,,synthetic (no market data)
2021-10-13,3653817.921136048,0,3700696.5299397586,-46878.608803710435,-0.012667509595679693,False,False,False,,,,synthetic (no market data)
2021-10-14,3643276.938761516,0,3653817.921136048,-10540.982374532148,-0.0028849227307021193,False,False,False,,,,synthetic (no market data)
2021-10-15,3670713.8665929316,0,3643276.938761516,27436.927831415553,0.007530837839832833,False,False,False,,,,synthetic (no market data)
2021-10-18,3696720.4639624474,0,3670713.8665929316,26006.597369515803,0.0070848882028646115,False,False,False,,,,synthetic (no market data)
2021-10-19,3690688.439113544,0,3696720.4639624474,-6032.024848903529,-0.001631723282219157,False,False,False,,,,synthetic (no market data)
2021-10-20,3720739.530187887,0,3690688.439113544,30051.091074343305,0.008142408000595465,False,False,False,,,,synthetic (no market data)
2021-10-21,3736460.001677862,0,3720739.530187887,15720.471489974763,0.00422509325429209,False,False,False,,,,synthetic (no market data)
2021-10-22,3754424.6050265217,0,3736460.001677862,17964.603348659817,0.004807920689795365,False,False,False,,,,synthetic (no market data)
2021-10-25,3804857.969072022,0,3754424.6050265217,50433.36404550029,0.013433047497605568,False,False,False,,,,synthetic (no market data)
2021-10-26,3814550.244035464,0,3804857.969072022,9692.27496344177,0.0025473421195287478,False,False,False,,,,synthetic (no market data)
2021-10-27,3778691.9993226556,0,3814550.244035464,-35858.24471280817,-0.009400386000650303,False,False,False,,,,synthetic (no market data)
2021-10-28,3782728.1064277883,0,3778691.9993226556,4036.107105132658,0.0010681228070073309,False,False,False,,,,synthetic (no market data)
2021-10-29,3738419.086202457,0,3782728.1064277883,-44309.02022533119,-0.011713509133801933,False,False,False,,,,synthetic (no market data)
2021-11-01,3758799.3758040597,0,3738419.086202457,20380.28960160259,0.005451579700312626,False,False,False,,,,synthetic (no market data)
2021-11-02,3755990.0818666127,0,3758799.3758040597,-2809.293937447015,-0.000747391296149204,False,False,False,,,,synthetic (no market data)
2021-11-03,3719012.35891104,0,3755990.0818666127,-36977.722955572885,-0.00984500015963729,False,False,False,,,,synthetic (no market data)
2021-11-04,3725974.696973047,0,3719012.35891104,6962.338062007446,0.0018720932844778395,False,False,False,,,,synthetic (no market data)
2021-11-05,3730100.2090379233,0,3725974.696973047,4125.512064876035,0.0011072302955324868,False,False,False,,,,synthetic (no market data)
2021-11-08,3686587.6397807496,0,3730100.2090379233,-43512.56925717369,-0.011665254770299203,False,False,False,,,,synthetic (no market data)
2021-11-09,3708512.7541580414,0,3686587.6397807496,21925.114377291873,0.005947265200128489,False,False,False,,,,synthetic (no market data)
2021-11-10,3715096.9040530953,0,3708512.7541580414,6584.149895053823,0.0017754151951268262,False,False,False,,,,synthetic (no market data)
2021-11-11,3671748.4009040995,0,3715096.9040530953,-43348.503148995806,-0.01166820254451599,False,False,False,,,,synthetic (no market data)
2021-11-12,3675404.8544720043,0,3671748.4009040995,3656.453567904886,0.0009958344550526808,False,False,False,,,,synthetic (no market data)
2021-11-15,3686120.9939299715,0,3675404.8544720043,10716.139457967132,0.0029156351156603604,False,False,False,,,,synthetic (no market data)
2021-11-16,3657062.412646574,0,3686120.9939299715,-29058.581283397507,-0.007883241307393058,False,False,False,,,,synthetic (no market data)
2021-11-17,3586306.230671204,0,3657062.412646574,-70756.18197536981,-0.01934781909400457,False,False,False,,,,synthetic (no market data)
2021-11-18,3585835.6016960903,0,3586306.230671204,-470.6289751138538,-0.00013122944468291323,False,False,False,,,,synthetic (no market data)
2021-11-19,3601393.9089759295,0,3585835.6016960903,15558.30727983918,0.004338823361695708,False,False,False,,,,synthetic (no market data)
2021-11-22,3599884.7517714435,0,3601393.9089759295,-1509.157204485964,-0.00041904808044591235,False,False,False,,,,synthetic (no market data)
2021-11-23,3629519.3940323773,0,3599884.7517714435,29634.64226093376,0.008232108610241215,False,False,False,,,,synthetic (no market data)
2021-11-24,3630383.3539126976,0,3629519.3940323773,863.9598803203553,0.00023803699237449186,False,False,False,,,,synthetic (no market data)
2021-11-25,3630378.6168328836,0,3630383.3539126976,-4.737079814076424,-1.3048428643137557e-06,False,False,False,,,,synthetic (no market data)
2021-11-26,3615574.3997205156,0,3630378.6168328836,-14804.217112367973,-0.004077871394384497,False,False,False,,,,synthetic (no market data)
2021-11-29,3633507.7992513436,0,3615574.3997205156,17933.399530828,0.004960041627746411,False,False,False,,,,synthetic (no market data)
2021-11-30,3659465.71733587,0,3633507.7992513436,25957.918084526435,0.007144038080742489,False,False,False,,,,synthetic (no market data)
2021-12-01,3649900.399806795,0,3659465.71733587,-9565.317529074848,-0.0026138563025092363,False,False,False,,,,synthetic (no market data)
2021-12-02,3687658.1375340656,0,3649900.399806795,37757.73772727046,0.01034486796660784,False,False,False,,,,synthetic (no market data)
2021-12-03,3694566.127495592,0,3687658.1375340656,6907.989961526357,0.0018732728750571561,False,False,False,,,,synthetic (no market data)
2021-12-06,3694058.8658502204,0,3694566.127495592,-507.26164537156,-0.00013729938181277423,False,False,False,,,,synthetic (no market data)
2021-12-07,3752710.347819692,0,3694058.8658502204,58651.481969471555,0.01587724616726496,False,False,False,,,,synthetic (no market data)
2021-12-08,3749663.005487148,0,3752710.347819692,-3047.3423325438052,-0.0008120377141055657,False,False,False,,,,synthetic (no market data)
2021-12-09,3828761.51845069,0,3749663.005487148,79098.51296354178,0.021094832481690036,False,False,False,,,,synthetic (no market data)
2021-12-10,3856624.772481649,0,3828761.51845069,27863.254030959215,0.007277354281975257,False,False,False,,,,synthetic (no market data)
2021-12-13,3875015.2390712495,0,3856624.772481649,18390.466589600313,0.004768539247277217,False,False,False,,,,synthetic (no market data)
2021-12-14,3824391.944949505,0,3875015.2390712495,-50623.29412174458,-0.01306402452597265,False,False,False,,,,synthetic (no market data)
2021-12-15,3839102.083624565,0,3824391.944949505,14710.138675060123,0.0038463993457800117,False,False,False,,,,synthetic (no market data)
2021-12-16,3834294.98170854,0,3839102.083624565,-4807.101916024927,-0.0012521422487120884,False,False,False,,,,synthetic (no market data)
2021-12-17,3834542.911732344,0,3834294.98170854,247.93002380384132,6.466117630140316e-05,False,False,False,,,,synthetic (no market data)
2021-12-20,3833680.47118096,0,3834542.911732344,-862.4405513838865,-0.00022491352195984655,False,False,False,,,,synthetic (no market data)
2021-12-21,3863295.8769845553,0,3833680.47118096,29615.405803595204,0.007725058472197663,False,False,False,,,,synthetic (no market data)
2021-12-22,3880245.3813083633,0,3863295.8769845553,16949.50432380801,0.0043873171673917254,False,False,False,,,,synthetic (no market data)
2021-12-23,3883460.015148241,0,3880245.3813083633,3214.633839877788,0.00082846148219468,False,False,False,,,,synthetic (no market data)
2021-12-24,3877070.563549984,0,3883460.015148241,-6389.451598257292,-0.0016452986700864465,False,False,False,,,,synthetic (no market data)
2021-12-27,3926088.3593098363,0,3877070.563549984,49017.79575985251,0.012642998097762263,False,False,False,,,,synthetic (no market data)
2021-12-28,3937555.1536764894,0,3926088.3593098363,11466.794366653077,0.0029206664031037792,False,False,False,,,,synthetic (no market data)
2021-12-29,3903504.5728564765,0,3937555.1536764894,-34050.58082001284,-0.008647645427447502,False,False,False,,,,synthetic (no market data)
2021-12-30,3913005.741136835,0,3903504.5728564765,9501.168280358426,0.00243400977327554,False,False,False,,,,synthetic (no market data)
2021-12-31,3923772.585660975,0,3913005.741136835,10766.844524140004,0.002751553469740615,False,False,False,,,,synthetic (no market data)
2022-01-03,3911374.0742259533,0,3923772.585660975,-12398.511435021646,-0.0031598445537671413,False,False,False,,,,synthetic (no market data)
2022-01-04,3893717.8545002816,0,3911374.0742259533,-17656.21972567169,-0.004514070858631897,False,False,False,,,,synthetic (no market data)
2022-01-05,3928260.5024064356,0,3893717.8545002816,34542.64790615393,0.008871379282458852,False,False,False,,,,synthetic (no market data)
2022-01-06,3873189.087649708,0,3928260.5024064356,-55071.414756727405,-0.014019287856034724,False,False,False,,,,synthetic (no market data)
2022-01-07,3867944.9986935286,0,3873189.087649708,-5244.088956179563,-0.00135394602161335,False,False,False,,,,synthetic (no market data)
2022-01-10,3902519.4311070275,0,3867944.9986935286,34574.43241349887,0.008938708390418435,False,False,False,,,,synthetic (no market data)
2022-01-11,3923451.9623808167,0,3902519.4311070275,20932.53127378924,0.005363850620943945,False,False,False,,,,synthetic (no market data)
2022-01-12,3903605.8651448563,0,3923451.9623808167,-19846.09723596042,-0.005058325532273747,False,False,False,,,,synthetic (no market data)
2022-01-13,3819415.5826499863,0,3903605.8651448563,-84190.28249487001,-0.021567311199781142,False,False,False,,,,synthetic (no market data)
2022-01-14,3788778.620960249,0,3819415.5826499863,-30636.96168973716,-0.008021374219895868,False,False,False,,,,synthetic (no market data)
2022-01-17,3773336.1749786176,0,3788778.620960249,-15442.445981631521,-0.004075837499768646,False,False,False,,,,synthetic (no market data)
2022-01-18,3787031.411632526,0,3773336.1749786176,13695.236653908622,0.0036294769452886685,False,False,False,,,,synthetic (no market data)
2022-01-19,3760964.9900937304,0,3787031.411632526,-26066.42153879581,-0.006883075080583768,False,False,False,,,,synthetic (no market data)
2022-01-20,3822866.4533380284,0,3760964.9900937304,61901.46324429801,0.016458930994397613,False,False,False,,,,synthetic (no market data)
2022-01-21,3798002.61720488,0,3822866.4533380284,-24863.83613314852,-0.00650397716913131,False,False,False,,,,synthetic (no market data)
2022-01-24,3768000.8371966854,0,3798002.61720488,-30001.780008194502,-0.007899357381242185,False,False,False,,,,synthetic (no market data)
2022-01-25,3760569.4773125234,0,3768000.8371966854,-7431.359884161968,-0.00197222883041893,False,False,False,,,,synthetic (no market data)
2022-01-26,3739456.1307764333,0,3760569.4773125234,-21113.346536090132,-0.005614401399433445,False,False,False,,,,synthetic (no market data)
2022-01-27,3741902.54523967,0,3739456.1307764333,2446.414463236928,0.0006542166501439803,False,False,False,,,,synthetic (no market data)
2022-01-28,3757348.855733729,0,3741902.54523967,15446.310494058765,0.004127929658058325,False,False,False,,,,synthetic (no market data)
2022-01-31,3729277.5937669906,0,3757348.855733729,-28071.261966738384,-0.0074710289208045,False,False,False,,,,synthetic (no market data)
2022-02-01,3765490.9967107913,0,3729277.5937669906,36213.40294380067,0.009710567806571098,False,False,False,,,,synthetic (no market data)
2022-02-02,3742551.3324531605,0,3765490.9967107913,-22939.664257630706,-0.00609207783996,False,False,False,,,,synthetic (no market data)
2022-02-03,3732162.072152254,0,3742551.3324531605,-10389.260300906375,-0.0027759833808602545,False,False,False,,,,synthetic (no market data)
2022-02-04,3742765.578874981,0,3732162.072152254,10603.50672272686,0.002841116360365362,False,False,False,,,,synthetic (no market data)
2022-02-07,3747378.838876856,0,3742765.578874981,4613.2600018749945,0.0012325805356106943,False,False,False,,,,synthetic (no market data)
2022-02-08,3705457.1668510917,0,3747378.838876856,-41921.67202576436,-0.011186931940494412,False,False,False,,,,synthetic (no market data)
2022-02-09,3766546.0723373,0,3705457.1668510917,61088.90548620839,0.01648619933667238,False,False,False,,,,synthetic (no market data)
2022-02-10,3797303.2304627625,0,3766546.0723373,30757.158125462476,0.008165878641802028,False,False,False,,,,synthetic (no market data)
2022-02-11,3922426.717609924,0,3797303.2304627625,125123.48714716127,0.032950617728759304,False,False,False,,,,synthetic (no market data)
2022-02-14,3837805.150162824,0,3922426.717609924,-84621.56744709983,-0.021573779075893817,False,False,False,,,,synthetic (no market data)
2022-02-15,3838514.735254158,0,3837805.150162824,709.5850913338363,0.0001848934647721058,False,False,False,,,,synthetic (no market data)
2022-02-16,3899065.1822835184,0,3838514.735254158,60550.44702936057,0.015774446942523297,False,False,False,,,,synthetic (no market data)
2022-02-17,3865012.2870391123,0,3899065.1822835184,-34052.89524440607,-0.008733605018745217,False,False,False,,,,synthetic (no market data)
2022-02-18,3846440.962094944,0,3865012.2870391123,-18571.32494416833,-0.004804984710254401,False,False,False,,,,synthetic (no market data)
2022-02-21,3837501.8614123343,0,3846440.962094944,-8939.100682609715,-0.0023239926910878883,False,False,False,,,,synthetic (no market data)
2022-02-22,3824682.9262811323,0,3837501.8614123343,-12818.935131201986,-0.003340437501829425,False,False,False,,,,synthetic (no market data)
2022-02-23,3821797.1752805617,0,3824682.9262811323,-2885.751000570599,-0.0007545072509779292,False,False,False,,,,synthetic (no market data)
2022-02-24,3848778.309528532,0,3821797.1752805617,26981.1342479703,0.0070598027604616646,False,False,False,,,,synthetic (no market data)
2022-02-25,3842566.9488872048,0,3848778.309528532,-6211.360641327221,-0.0016138525375570673,False,False,False,,,,synthetic (no market data)
2022-02-28,3853939.2336246436,0,3842566.9488872048,11372.284737438895,0.0029595540920197296,False,False,False,,,,synthetic (no market data)
2022-03-01,3812600.426212731,0,3853939.2336246436,-41338.80741191283,-0.010726377585625172,False,False,False,,,,synthetic (no market data)
2022-03-02,3776043.5731148873,0,3812600.426212731,-36556.85309784347,-0.009588430208029285,False,False,False,,,,synthetic (no market data)
2022-03-03,3748729.0337506984,0,3776043.5731148873,-27314.53936418891,-0.007233639876050725,False,False,False,,,,synthetic (no market data)
2022-03-04,3713919.4122264143,0,3748729.0337506984,-34809.62152428413,-0.009285712893859448,False,False,False,,,,synthetic (no market data)
2022-03-07,3727981.8126638453,0,3713919.4122264143,14062.400437430944,0.0037864043013795066,False,False,False,,,,synthetic (no market data)
2022-03-08,3722782.2571100984,0,3727981.8126638453,-5199.555553746875,-0.0013947373713262595,False,False,False,,,,synthetic (no market data)
2022-03-09,3735234.283296684,0,3722782.2571100984,12452.026186585426,0.00334481721642555,False,False,False,,,,synthetic (no market data)
2022-03-10,3737996.5369037916,0,3735234.283296684,2762.253607107792,0.0007395128116755911,False,False,False,,,,synthetic (no market data)
2022-03-11,3716638.4590133666,0,3737996.5369037916,-21358.07789042499,-0.005713776799835142,False,False,False,,,,synthetic (no market data)
2022-03-14,3717261.364043245,0,3716638.4590133666,622.905029878486,0.00016759903788001073,False,False,False,,,,synthetic (no market data)
2022-03-15,3723432.359277422,0,3717261.364043245,6170.995234176982,0.0016600918337000721,False,False,False,,,,synthetic (no market data)
2022-03-16,3720793.104453746,0,3723432.359277422,-2639.254823675845,-0.0007088230882185342,False,False,False,,,,synthetic (no market data)
2022-03-17,3737274.550352251,0,3720793.104453746,16481.445898504928,0.0044295518282854345,False,False,False,,,,synthetic (no market data)
2022-03-18,3752956.3973187683,0,3737274.550352251,15681.846966517158,0.004196065008132487,False,False,False,,,,synthetic (no market data)
2022-03-21,3716992.03606531,0,3752956.3973187683,-35964.36125345854,-0.009582941405648259,False,False,False,,,,synthetic (no market data)
2022-03-22,3752688.7679423313,0,3716992.03606531,35696.73187702149,0.009603661113788374,False,False,False,,,,synthetic (no market data)
2022-03-23,3760954.8959013503,0,3752688.7679423313,8266.127959019039,0.002202721427269203,False,False,False,,,,synthetic (no market data)
2022-03-24,3785498.810104419,0,3760954.8959013503,24543.914203068707,0.006525979407468144,False,False,False,,,,synthetic (no market data)
2022-03-25,3812306.5621022563,0,3785498.810104419,26807.75199783733,0.007081696057143356,False,False,False,,,,synthetic (no market data)
2022-03-28,3824073.947700175,0,3812306.5621022563,11767.385597918648,0.003086683981528927,False,False,False,,,,synthetic (no market data)
2022-03-29,3803411.036097375,0,3824073.947700175,-20662.91160279978,-0.005403376578328617,False,False,False,,,,synthetic (no market data)
2022-03-30,3780699.43153453,0,3803411.036097375,-22711.60456284508,-0.005971377888767218,False,False,False,,,,synthetic (no market data)
2022-03-31,3817397.935313391,0,3780699.43153453,36698.503778860904,0.00970680278700852,False,False,False,,,,synthetic (no market data)
2022-04-01,3789798.2737337663,0,3817397.935313391,-27599.66157962475,-0.00722996712611753,False,False,False,,,,synthetic (no market data)
2022-04-04,3823740.2183380597,0,3789798.2737337663,33941.94460429344,0.00895613490552713,False,False,False,,,,synthetic (no market data)
2022-04-05,3785291.6341820476,0,3823740.2183380597,-38448.58415601216,-0.010055229163220547,False,False,False,,,,synthetic (no market data)
2022-04-06,3764291.8514048024,0,3785291.6341820476,-20999.782777245156,-0.00554773180159022,False,False,False,,,,synthetic (no market data)
2022-04-07,3783531.2686429718,0,3764291.8514048024,19239.41723816935,0.0051110322997376945,False,False,False,,,,synthetic (no market data)
2022-04-08,3777924.959175982,0,3783531.2686429718,-5606.309466989711,-0.0014817663893658027,False,False,False,,,,synthetic (no market data)
2022-04-11,3822942.10548228,0,3777924.959175982,45017.14630629774,0.011915839195524044,False,False,False,,,,synthetic (no market data)
2022-04-12,3818021.463179731,0,3822942.10548228,-4920.6423025489785,-0.0012871349256094004,False,False,False,,,,synthetic (no market data)
2022-04-13,3807337.914479762,0,3818021.463179731,-10683.54869996896,-0.002798189796207031,False,False,False,,,,synthetic (no market data)
2022-04-14,3776532.396075497,0,3807337.914479762,-30805.518404264934,-0.008091091228626663,False,False,False,,,,synthetic (no market data)
2022-04-15,3814692.3698346443,0,3776532.396075497,38159.97375914734,0.010104500572748292,False,False,False,,,,synthetic (no market data)
2022-04-18,3839496.439857409,0,3814692.3698346443,24804.070022764616,0.0065022464770441765,False,False,False,,,,synthetic (no market data)
2022-04-19,3855466.419973144,0,3839496.439857409,15969.980115734972,0.004159394432549093,False,False,False,,,,synthetic (no market data)
2022-04-20,3817680.9806739152,0,3855466.419973144,-37785.4392992286,-0.009800484606345451,False,False,False,,,,synthetic (no market data)
2022-04-21,3842765.6329624644,0,3817680.9806739152,25084.652288549114,0.006570651768844513,False,False,False,,,,synthetic (no market data)
2022-04-22,3896115.1998671987,0,3842765.6329624644,53349.566904734354,0.01388311752533451,False,False,False,,,,synthetic (no market data)
2022-04-25,3922035.079523196,0,3896115.1998671987,25919.87965599727,0.006652749810087947,False,False,False,,,,synthetic (no market data)
2022-04-26,4080601.5922640213,0,3922035.079523196,158566.5127408253,0.04042965183271699,False,False,False,,,,synthetic (no market data)
2022-04-27,4088913.9918463994,0,4080601.5922640213,8312.3995823781,0.002037052477295675,False,False,False,,,,synthetic (no market data)
2022-04-28,4041227.5566919935,0,4088913.9918463994,-47686.43515440589,-0.011662371781234873,False,False,False,,,,synthetic (no market data)
2022-04-29,4139769.860471857,0,4041227.5566919935,98542.30377986329,0.024384250180785796,False,False,False,,,,synthetic (no market data)
2022-05-02,4233876.294524198,0,4139769.860471857,94106.43405234162,0.022732286388890043,False,False,False,,,,synthetic (no market data)
2022-05-03,4188394.5961033176,0,4233876.294524198,-45481.69842088083,-0.010742330492674928,False,False,False,,,,synthetic (no market data)
2022-05-04,4232691.320581304,0,4188394.5961033176,44296.72447798634,0.010576062847373047,False,False,False,,,,synthetic (no market data)
2022-05-05,4268480.859405589,0,4232691.320581304,35789.53882428538,0.008455504102144204,False,False,False,,,,synthetic (no market data)
2022-05-06,4272981.20175598,0,4268480.859405589,4500.34235039074,0.0010543194402463452,False,False,False,,,,synthetic (no market data)
2022-05-09,4148100.115113223,0,4272981.20175598,-124881.08664275706,-0.029225751470995757,False,False,False,,,,synthetic (no market data)
2022-05-10,4177925.58166149,0,4148100.115113223,29825.46654826682,0.007190151086180506,False,False,False,,,,synthetic (no market data)
2022-05-11,4097025.223028354,0,4177925.58166149,-80900.35863313591,-0.019363762482567538,False,False,False,,,,synthetic (no market data)
2022-05-12,4082810.589249753,0,4097025.223028354,-14214.633778600954,-0.0034695011636013498,False,False,False,,,,synthetic (no market data)
2022-05-13,4135840.6226197993,0,4082810.589249753,53030.03337004641,0.012988609736066909,False,False,False,,,,synthetic (no market data)
2022-05-16,4240288.941861991,0,4135840.6226197993,104448.3192421915,0.0252544352582015,False,False,False,,,,synthetic (no market data)
2022-05-17,4267594.002037541,0,4240288.941861991,27305.06017555017,0.006439433856967305,False,False,False,,,,synthetic (no market data)
2022-05-18,4238549.892939086,0,4267594.002037541,-29044.109098454937,-0.006805733882976678,False,False,False,,,,synthetic (no market data)
2022-05-19,4210538.1894527525,0,4238549.892939086,-28011.7034863336,-0.006608794090874742,False,False,False,,,,synthetic (no market data)
2022-05-20,4195103.659476139,0,4210538.1894527525,-15434.52997661382,-0.0036656905322167044,False,False,False,,,,synthetic (no market data)
2022-05-23,4246824.094279362,0,4195103.659476139,51720.43480322324,0.012328762052492833,False,False,False,,,,synthetic (no market data)
2022-05-24,4283158.468827042,0,4246824.094279362,36334.37454767991,0.008555658002558602,False,False,False,,,,synthetic (no market data)
2022-05-25,4264229.0158511745,0,4283158.468827042,-18929.452975867316,-0.004419507966757815,False,False,False,,,,synthetic (no market data)
2022-05-26,4256195.809095011,0,4264229.0158511745,-8033.2067561633885,-0.0018838591281805008,False,False,False,,,,synthetic (no market data)
2022-05-27,4080153.3102554735,0,4256195.809095011,-176042.4988395376,-0.04136146613916461,False,False,False,,,,synthetic (no market data)
2022-05-30,4075177.6215120787,0,4080153.3102554735,-4975.6887433947995,-0.0012194857313053398,False,False,False,,,,synthetic (no market data)
2022-05-31,4131871.3930796073,0,4075177.6215120787,56693.7715675286,0.013911975583163072,False,False,False,,,,synthetic (no market data)
2022-06-01,4110603.2282617805,0,4131871.3930796073,-21268.164817826822,-0.005147344337350012,False,False,False,,,,synthetic (no market data)
2022-06-02,4085992.9867640147,0,4110603.2282617805,-24610.24149776576,-0.005987014589139149,False,False,False,,,,synthetic (no market data)
2022-06-03,4187349.6020990787,0,4085992.9867640147,101356.61533506401,0.024805871097526147,False,False,False,,,,synthetic (no market data)
2022-06-06,4173927.42589784,0,4187349.6020990787,-13422.176201238763,-0.0032054109345229626,False,False,False,,,,synthetic (no market data)
2022-06-07,4226794.755226689,0,4173927.42589784,52867.329328849446,0.012666087340384775,False,False,False,,,,synthetic (no market data)
2022-06-08,4210478.0453023575,0,4226794.755226689,-16316.709924331866,-0.0038603033431314025,False,False,False,,,,synthetic (no market data)
2022-06-09,4344469.040384763,0,4210478.0453023575,133990.9950824054,0.031823226161195525,False,False,False,,,,synthetic (no market data)
2022-06-10,4305830.012650851,0,4344469.040384763,-38639.02773391176,-0.008893843499570604,False,False,False,,,,synthetic (no market data)
2022-06-13,4360333.460820605,0,4305830.012650851,54503.44816975389,0.012658058495021558,False,False,False,,,,synthetic (no market data)
2022-06-14,4373834.917943278,0,4360333.460820605,13501.45712267328,0.0030964276571939834,False,False,False,,,,synthetic (no market data)
2022-06-15,4424022.070026981,0,4373834.917943278,50187.152083702385,0.01147440473297562,False,False,False,,,,synthetic (no market data)
2022-06-16,4489118.198698991,0,4424022.070026981,65096.128672010265,0.014714241394282481,False,False,False,,,,synthetic (no market data)
2022-06-17,4551637.214550858,0,4489118.198698991,62519.015851867385,0.013926792096939276,False,False,False,,,,synthetic (no market data)
2022-06-20,4579959.238586381,0,4551637.214550858,28322.024035522714,0.006222381683887662,False,False,False,,,,synthetic (no market data)
2022-06-21,4545402.805726191,0,4579959.238586381,-34556.43286019005,-0.0075451398276758464,False,False,False,,,,synthetic (no market data)
2022-06-22,4540713.641868647,0,4545402.805726191,-4689.163857543841,-0.001031627791410817,False,False,False,,,,synthetic (no market data)
2022-06-23,4545775.067310512,0,4540713.641868647,5061.425441864878,0.0011146762031401614,False,False,False,,,,synthetic (no market data)
2022-06-24,4467620.097543643,0,4545775.067310512,-78154.96976686921,-0.01719288099600345,False,False,False,,,,synthetic (no market data)
2022-06-27,4529387.333190286,0,4467620.097543643,61767.235646642745,0.013825534467579998,False,False,False,,,,synthetic (no market data)
2022-06-28,4405738.194144043,0,4529387.333190286,-123649.13904624246,-0.027299307820324976,False,False,False,,,,synthetic (no market data)
2022-06-29,4468240.203524306,0,4405738.194144043,62502.00938026328,0.0141865010189073,False,False,False,,,,synthetic (no market data)
2022-06-30,4471215.434322075,0,4468240.203524306,2975.2307977685705,0.0006658618745299032,False,False,False,,,,synthetic (no market data)
2022-07-01,4438117.272360154,0,4471215.434322075,-33098.16196192056,-0.007402497698467284,False,False,False,,,,synthetic (no market data)
2022-07-04,4553344.5743538765,0,4438117.272360154,115227.3019937221,0.025963104380170007,False,False,False,,,,synthetic (no market data)
2022-07-05,4602318.393761564,0,4553344.5743538765,48973.81940768752,0.010755570681719591,False,False,False,,,,synthetic (no market data)
2022-07-06,4608702.270365903,0,4602318.393761564,6383.876604339108,0.0013871001652107431,False,False,False,,,,synthetic (no market data)
2022-07-07,4599226.190779806,0,4608702.270365903,-9476.07958609704,-0.002056127523582619,False,False,False,,,,synthetic (no market data)
2022-07-08,4603220.680844779,0,4599226.190779806,3994.4900649730116,0.0008685135062460887,False,False,False,,,,synthetic (no market data)
2022-07-11,4579135.447571202,0,4603220.680844779,-24085.233273576945,-0.005232256922593779,False,False,False,,,,synthetic (no market data)
2022-07-12,4595019.887973442,0,4579135.447571202,15884.440402239561,0.003468873236904305,False,False,False,,,,synthetic (no market data)
2022-07-13,4533087.195531143,0,4595019.887973442,-61932.69244229887,-0.013478220759042953,False,False,False,,,,synthetic (no market data)
2022-07-14,4544875.507805379,0,4533087.195531143,11788.312274236232,0.0026005041963140514,False,False,False,,,,synthetic (no market data)
2022-07-15,4572888.4666225845,0,4544875.507805379,28012.958817205392,0.006163636114805758,False,False,False,,,,synthetic (no market data)
2022-07-18,4567308.307293669,0,4572888.4666225845,-5580.159328915179,-0.0012202701573949689,False,False,False,,,,synthetic (no market data)
2022-07-19,4550281.202125539,0,4567308.307293669,-17027.10516813025,-0.003728039366411758,False,False,False,,,,synthetic (no market data)
2022-07-20,4523918.271427436,0,4550281.202125539,-26362.93069810327,-0.005793692637234936,False,False,False,,,,synthetic (no market data)
2022-07-21,4569806.385449577,0,4523918.271427436,45888.11402214132,0.010143444525062608,False,False,False,,,,synthetic (no market data)
2022-07-22,4530421.5723866895,0,4569806.385449577,-39384.81306288764,-0.008618486154750507,False,False,False,,,,synthetic (no market data)
2022-07-25,4521808.005167012,0,4530421.5723866895,-8613.567219677381,-0.001901272780479816,False,False,False,,,,synthetic (no market data)
2022-07-26,4484619.801749005,0,4521808.005167012,-37188.20341800712,-0.008224188947322098,False,False,False,,,,synthetic (no market data)
2022-07-27,4488343.404018755,0,4484619.801749005,3723.6022697500885,0.0008303050056323349,False,False,False,,,,synthetic (no market data)
2022-07-28,4461580.991367853,0,4488343.404018755,-26762.412650901824,-0.005962648184837952,False,False,False,,,,synthetic (no market data)
2022-07-29,4464053.71246003,0,4461580.991367853,2472.7210921766236,0.0005542253064464767,False,False,False,,,,synthetic (no market data)
2022-08-01,4490619.399952837,0,4464053.71246003,26565.687492807396,0.00595102326359951,False,False,False,,,,synthetic (no market data)
2022-08-02,4529142.188029484,0,4490619.399952837,38522.788076646626,0.00857850212757982,False,False,False,,,,synthetic (no market data)
2022-08-03,4490858.394674222,0,4529142.188029484,-38283.79335526191,-0.00845276914830493,False,False,False,,,,synthetic (no market data)
2022-08-04,4473772.790723447,0,4490858.394674222,-17085.60395077523,-0.0038045296576345645,False,False,False,,,,synthetic (no market data)
2022-08-05,4480435.732470139,0,4473772.790723447,6662.941746692173,0.0014893339600321365,False,False,False,,,,synthetic (no market data)
2022-08-08,4494434.770682666,0,4480435.732470139,13999.038212527521,0.0031244814228837555,False,False,False,,,,synthetic (no market data)
2022-08-09,4500939.144612949,0,4494434.770682666,6504.373930282891,0.0014472062143856483,False,False,False,,,,synthetic (no market data)
2022-08-10,4444930.24434375,0,4500939.144612949,-56008.90026919916,-0.012443825270607065,False,False,False,,,,synthetic (no market data)
2022-08-11,4426255.549639252,0,4444930.24434375,-18674.694704498164,-0.004201347080364654,False,False,False,,,,synthetic (no market data)
2022-08-12,4420395.179839918,0,4426255.549639252,-5860.3697993336245,-0.0013240016835022676,False,False,False,,,,synthetic (no market data)
2022-08-15,4415398.661352233,0,4420395.179839918,-4996.51848768536,-0.001130332987076125,False,False,False,,,,synthetic (no market data)
2022-08-16,4389589.325822208,0,4415398.661352233,-25809.335530024953,-0.005845301298823319,False,False,False,,,,synthetic (no market data)
2022-08-17,4482301.515183254,0,4389589.325822208,92712.18936104607,0.021120925553481083,False,False,False,,,,synthetic (no market data)
2022-08-18,4461193.203639784,0,4482301.515183254,-21108.31154347025,-0.00470925739198231,False,False,False,,,,synthetic (no market data)
2022-08-19,4450589.4618565105,0,4461193.203639784,-10603.741783273406,-0.0023768846806773714,False,False,False,,,,synthetic (no market data)
2022-08-22,4457794.425779298,0,4450589.4618565105,7204.963922787458,0.0016188785742960873,False,False,False,,,,synthetic (no market data)
2022-08-23,4500610.000134389,0,4457794.425779298,42815.57435509097,0.009604654289908419,False,False,False,,,,synthetic (no market data)
2022-08-24,4499218.830475774,0,4500610.000134389,-1391.1696586152539,-0.00030910691185721784,False,False,False,,,,synthetic (no market data)
2022-08-25,4402686.441283991,0,4499218.830475774,-96532.38919178303,-0.02145536654894715,False,False,False,,,,synthetic (no market data)
2022-08-26,4439828.619196918,0,4402686.441283991,37142.17791292723,0.0084362532758738,False,False,False,,,,synthetic (no market data)
2022-08-29,4346365.913242323,0,4439828.619196918,-93462.70595459454,-0.02105097155112717,False,False,False,,,,synthetic (no market data)
2022-08-30,4366390.346682728,0,4346365.913242323,20024.433440404944,0.0046071669620349615,False,False,False,,,,synthetic (no market data)
2022-08-31,4388055.425281135,0,4366390.346682728,21665.078598407097,0.004961782359853987,False,False,False,,,,synthetic (no market data)
2022-09-01,4406396.7865671655,0,4388055.425281135,18341.36128603015,0.004179838107868715,False,False,False,,,,synthetic (no market data)
2022-09-02,4397131.570471869,1,4406396.7865671655,-9265.216095296666,-0.0021026740314311998,False,False,False,,,,synthetic (no market data)
2022-09-05,4354138.860227032,1,4397131.570471869,-42992.71024483722,-0.009777444580814202,False,False,False,,,,synthetic (no market data)
2022-09-06,4345216.716103316,1,4354138.860227032,-8922.144123715349,-0.0020491179565297864,False,False,False,,,,synthetic (no market data)
2022-09-07,4394187.213909934,1,4345216.716103316,48970.49780661799,0.01126997823264694,False,False,False,,,,synthetic (no market data)
2022-09-08,4199596.652727806,1,4394187.213909934,-194590.56118212827,-0.04428363010254681,False,False,False,,,,synthetic (no market data)
2022-09-09,4126257.950200698,1,4199596.652727806,-73338.70252710814,-0.017463272926334893,False,False,False,,,,synthetic (no market data)
2022-09-12,4006028.675165705,1,4126257.950200698,-120229.27503499296,-0.029137605182716485,False,False,False,,,,synthetic (no market data)
2022-09-13,3873303.861150931,1,4006028.675165705,-132724.81401477382,-0.033131269088902314,False,False,False,,,,synthetic (no market data)
2022-09-14,3956390.421737895,1,3873303.861150931,83086.56058696378,0.021451082477757132,False,False,False,,,,synthetic (no market data)
2022-09-15,4062971.5432432485,1,3956390.421737895,106581.1215053536,0.026938979762906334,False,False,False,,,,synthetic (no market data)
2022-09-16,4030939.6179566653,1,4062971.5432432485,-32031.925286583137,-0.007883866511408986,False,False,False,,,,synthetic (no market data)
2022-09-19,4280617.056771506,1,4030939.6179566653,249677.43881484028,0.06194025772616384,False,False,False,,,,synthetic (no market data)
2022-09-20,4318817.847128701,1,4280617.056771506,38200.79035719577,0.008924131696566027,False,False,False,,,,synthetic (no market data)
2022-09-21,4172903.750481648,1,4318817.847128701,-145914.0966470535,-0.03378565658749933,False,False,False,,,,synthetic (no market data)
2022-09-22,4235345.915879576,1,4172903.750481648,62442.16539792763,0.01496372050055561,False,False,False,,,,synthetic (no market data)
2022-09-23,4304354.646232945,1,4235345.915879576,69008.73035336938,0.016293528727992456,False,False,False,,,,synthetic (no market data)
2022-09-26,4335781.002315321,1,4304354.646232945,31426.356082376093,0.00730106105682523,False,False,False,,,,synthetic (no market data)
2022-09-27,4376588.119580228,1,4335781.002315321,40807.117264906876,0.009411710887407769,False,False,False,,,,synthetic (no market data)
2022-09-28,4417940.155387581,1,4376588.119580228,41352.035807353444,0.009448464118053597,False,False,False,,,,synthetic (no market data)
2022-09-29,4365593.277130629,1,4417940.155387581,-52346.87825695239,-0.011848706957498399,False,False,False,,,,synthetic (no market data)
2022-09-30,4249827.321288675,1,4365593.277130629,-115765.95584195387,-0.02651780605591442,False,False,False,,,,synthetic (no market data)
2022-10-03,4180459.302428907,1,4249827.321288675,-69368.01885976829,-0.01632254998039163,False,False,False,,,,synthetic (no market data)
2022-10-04,4298416.418070758,1,4180459.302428907,117957.11564185098,0.028216305221131135,False,False,False,,,,synthetic (no market data)
2022-10-05,4249276.48148481,1,4298416.418070758,-49139.93658594787,-0.011432102385278708,False,False,False,,,,synthetic (no market data)
2022-10-06,4278231.284195919,1,4249276.48148481,28954.8027111087,0.006814054777859765,False,False,False,,,,synthetic (no market data)
2022-10-07,4355901.71885661,1,4278231.284195919,77670.43466069177,0.018154800313767913,False,False,False,,,,synthetic (no market data)
2022-10-10,4297702.165134413,1,4355901.71885661,-58199.55372219719,-0.013361080547399061,False,False,False,,,,synthetic (no market data)
2022-10-11,4366774.972227031,1,4297702.165134413,69072.8070926182,0.016072032085652426,False,False,False,,,,synthetic (no market data)
2022-10-12,4417132.705831079,1,4366774.972227031,50357.73360404745,0.01153201937913583,False,False,False,,,,synthetic (no market data)
2022-10-13,4449711.791663237,1,4417132.705831079,32579.085832158104,0.007375618529447913,False,False,False,,,,synthetic (no market data)
2022-10-14,4519289.06352146,1,4449711.791663237,69577.27185822278,0.015636354693483602,False,False,False,,,,synthetic (no market data)
2022-10-17,4430496.707161896,1,4519289.06352146,-88792.35635956377,-0.019647416908175414,False,False,False,,,,synthetic (no market data)
2022-10-18,4476770.1031167405,1,4430496.707161896,46273.39595484454,0.010444290790250136,False,False,False,,,,synthetic (no market data)
2022-10-19,4605108.608334157,1,4476770.1031167405,128338.50521741621,0.028667655979936642,False,False,False,,,,synthetic (no market data)
2022-10-20,4596162.847557488,1,4605108.608334157,-8945.760776668787,-0.001942573245825099,False,False,False,,,,synthetic (no market data)
2022-10-21,4571015.880404648,1,4596162.847557488,-25146.967152839527,-0.005471295945530571,False,False,False,,,,synthetic (no market data)
2022-10-24,4453046.679752517,1,4571015.880404648,-117969.20065213181,-0.025808092498179773,False,False,False,,,,synthetic (no market data)
2022-10-25,4435275.673736336,1,4453046.679752517,-17771.00601618085,-0.003990752240928338,False,False,False,,,,synthetic (no market data)
2022-10-26,4417205.942444255,1,4435275.673736336,-18069.731292081065,-0.004074094288903328,False,False,False,,,,synthetic (no market data)
2022-10-27,4556125.320379467,1,4417205.942444255,138919.3779352121,0.03144960405861024,False,False,False,,,,synthetic (no market data)
2022-10-28,4618575.740271834,1,4556125.320379467,62450.419892366976,0.013706914428588558,False,False,False,,,,synthetic (no market data)
2022-10-31,4802168.768235849,1,4618575.740271834,183593.0279640155,0.03975100513415199,False,False,False,,,,synthetic (no market data)
2022-11-01,4744854.50937869,1,4802168.768235849,-57314.258857158944,-0.011935078008142188,False,False,False,,,,synthetic (no market data)
2022-11-02,4778294.036310748,1,4744854.50937869,33439.526932057925,0.007047534727558301,False,False,False,,,,synthetic (no market data)
2022-11-03,4886441.318870735,1,4778294.036310748,108147.28255998716,0.02263303215293258,False,False,False,,,,synthetic (no market data)
2022-11-04,4914000.129034446,1,4886441.318870735,27558.810163710266,0.005639852883791338,False,False,False,,,,synthetic (no market data)
2022-11-07,4837531.968367911,1,4914000.129034446,-76468.16066653468,-0.01556128584830948,False,False,False,,,,synthetic (no market data)
2022-11-08,4789973.430232982,1,4837531.968367911,-47558.53813492879,-0.00983115738477985,False,False,False,,,,synthetic (no market data)
2022-11-09,4819311.951344504,1,4789973.430232982,29338.52111152187,0.006124986190183284,False,False,False,,,,synthetic (no market data)
2022-11-10,4732697.41358865,1,4819311.951344504,-86614.53775585443,-0.01797238664570997,False,False,False,,,,synthetic (no market data)
2022-11-11,4723630.342670537,1,4732697.41358865,-9067.070918112993,-0.0019158357540626561,False,False,False,,,,synthetic (no market data)
2022-11-14,4656321.76176659,1,4723630.342670537,-67308.58090394642,-0.014249332826897936,False,False,False,,,,synthetic (no market data)
2022-11-15,4587429.023191473,1,4656321.76176659,-68892.73857511673,-0.014795527908058291,False,False,False,,,,synthetic (no market data)
2022-11-16,4508844.327560898,1,4587429.023191473,-78584.69563057553,-0.017130443922575216,False,False,False,,,,synthetic (no market data)
2022-11-17,4597062.513957606,1,4508844.327560898,88218.18639670778,0.019565587096778355,False,False,False,,,,synthetic (no market data)
2022-11-18,4566669.935009966,1,4597062.513957606,-30392.578947640024,-0.0066113042525225724,False,False,False,,,,synthetic (no market data)
2022-11-21,4577416.796390629,1,4566669.935009966,10746.8613806637,0.002353325625369561,False,False,False,,,,synthetic (no market data)
2022-11-22,4582214.810036902,1,4577416.796390629,4798.013646272942,0.001048192432477693,False,False,False,,,,synthetic (no market data)
2022-11-23,4488123.884110246,1,4582214.810036902,-94090.92592665646,-0.020533940425612372,False,False,False,,,,synthetic (no market data)
2022-11-24,4524165.3356551435,1,4488123.884110246,36041.45154489763,0.00803040479174356,False,False,False,,,,synthetic (no market data)
2022-11-25,4607351.958196651,1,4524165.3356551435,83186.6225415077,0.018387175615778302,False,False,False,,,,synthetic (no market data)
2022-11-28,4578291.916371833,1,4607351.958196651,-29060.04182481859,-0.0063073197117315275,False,False,False,,,,synthetic (no market data)
2022-11-29,4601975.1395834675,1,4578291.916371833,23683.223211634904,0.005172938651409365,False,False,False,,,,synthetic (no market data)
2022-11-30,4580071.581710417,1,4601975.1395834675,-21903.557873050682,-0.004759599347821164,False,False,False,,,,synthetic (no market data)
2022-12-01,4536404.989746646,1,4580071.581710417,-43666.5919637708,-0.009534041375716581,False,False,False,,,,synthetic (no market data)
2022-12-02,4449029.7994977115,1,4536404.989746646,-87375.19024893455,-0.01926088840093053,False,False,False,,,,synthetic (no market data)
2022-12-05,4530592.844116789,1,4449029.7994977115,81563.04461907782,0.018332771029829057,False,False,False,,,,synthetic (no market data)
2022-12-06,4587512.251170851,1,4530592.844116789,56919.407054062,0.012563346346157505,False,False,False,,,,synthetic (no market data)
2022-12-07,4491761.684170751,1,4587512.251170851,-95750.56700010039,-0.020872002461827188,False,False,False,,,,synthetic (no market data)
2022-12-08,4628060.939693911,1,4491761.684170751,136299.2555231601,0.030344275833574876,False,False,False,,,,synthetic (no market data)
2022-12-09,4646262.265873774,1,4628060.939693911,18201.326179862954,0.003932819039558011,False,False,False,,,,synthetic (no market data)
2022-12-12,4579203.713972161,1,4646262.265873774,-67058.55190161336,-0.014432795237184564,False,False,False,,,,synthetic (no market data)
2022-12-13,4607473.493450633,1,4579203.713972161,28269.779478472658,0.006173514271098122,False,False,False,,,,synthetic (no market data)
2022-12-14,4524726.123254181,1,4607473.493450633,-82747.37019645236,-0.017959380626730664,False,False,False,,,,synthetic (no market data)
2022-12-15,4388663.586157339,1,4524726.123254181,-136062.5370968422,-0.030070889019684154,False,False,False,,,,synthetic (no market data)
2022-12-16,4378693.966078335,1,4388663.586157339,-9969.620079003274,-0.0022716756213552822,False,False,False,,,,synthetic (no market data)
2022-12-19,4378336.263206926,0,4378693.966078335,-357.70287140924484,-8.169168116802925e-05,False,False,False,,,,synthetic (no market data)
2022-12-20,4376107.443515307,0,4378336.263206926,-2228.8196916189045,-0.0005090563076090457,False,False,False,,,,synthetic (no market data)
2022-12-21,4335956.141286306,0,4376107.443515307,-40151.30222900119,-0.009175118012355708,False,False,False,,,,synthetic (no market data)
2022-12-22,4345987.456943303,0,4335956.141286306,10031.315656997263,0.0023135187096291455,False,False,False,,,,synthetic (no market data)
2022-12-23,4325851.774043201,0,4345987.456943303,-20135.68290010281,-0.0046331663631318885,False,False,False,,,,synthetic (no market data)
2022-12-26,4343498.599882646,0,4325851.774043201,17646.825839445926,0.004079387542895892,False,False,False,,,,synthetic (no market data)
2022-12-27,4359218.17389569,0,4343498.599882646,15719.574013043195,0.0036191041971253106,False,False,False,,,,synthetic (no market data)
2022-12-28,4339082.909667574,0,4359218.17389569,-20135.26422811579,-0.004619008139737491,False,False,False,,,,synthetic (no market data)
2022-12-29,4314912.669844174,0,4339082.909667574,-24170.239823400043,-0.005570356761229016,False,False,False,,,,synthetic (no market data)
2022-12-30,4290832.292164686,0,4314912.669844174,-24080.37767948769,-0.00558073349845046,False,False,False,,,,synthetic (no market data)
2023-01-02,4264903.007372009,0,4290832.292164686,-25929.2847926775,-0.0060429499516972286,False,False,False,,,,synthetic (no market data)
2023-01-03,4241926.945849022,0,4264903.007372009,-22976.06152298674,-0.005387241276829028,False,False,False,,,,synthetic (no market data)
2023-01-04,4258078.2444871655,0,4241926.945849022,16151.298638143577,0.0038075381411149913,False,False,False,,,,synthetic (no market data)
2023-01-05,4283272.172607615,0,4258078.2444871655,25193.928120449185,0.00591673677041214,False,False,False,,,,synthetic (no market data)
2023-01-06,4271013.288538095,0,4283272.172607615,-12258.884069520049,-0.0028620371471880946,False,False,False,,,,synthetic (no market data)
2023-01-09,4272962.342868337,0,4271013.288538095,1949.0543302427977,0.0004563447122661448,False,False,False,,,,synthetic (no market data)
2023-01-10,4223840.603273759,0,4272962.342868337,-49121.73959457874,-0.011495944886236582,False,False,False,,,,synthetic (no market data)
2023-01-11,4213565.785113967,0,4223840.603273759,-10274.818159791641,-0.002432577155451361,False,False,False,,,,synthetic (no market data)
2023-01-12,4202813.894955817,0,4213565.785113967,-10751.890158150345,-0.0025517318837492723,False,False,False,,,,synthetic (no market data)
2023-01-13,4199354.7752810065,0,4202813.894955817,-3459.1196748102084,-0.0008230485006632856,False,False,False,,,,synthetic (no market data)
2023-01-16,4223300.416925034,0,4199354.7752810065,23945.641644027084,0.0057022192516288945,False,False,False,,,,synthetic (no market data)
2023-01-17,4237382.885270032,0,4223300.416925034,14082.468344998546,0.003334469953537411,False,False,False,,,,synthetic (no market data)
2023-01-18,4236719.97933398,0,4237382.885270032,-662.9059360520914,-0.00015644230271389482,False,False,False,,,,synthetic (no market data)
2023-01-19,4235613.30546384,0,4236719.97933398,-1106.6738701397553,-0.0002612100576714835,False,False,False,,,,synthetic (no market data)
2023-01-20,4277907.521490175,0,4235613.30546384,42294.21602633502,0.009985381803333295,False,False,False,,,,synthetic (no market data)
2023-01-23,4275112.873325481,0,4277907.521490175,-2794.6481646941975,-0.0006532745625414324,False,False,False,,,,synthetic (no market data)
2023-01-24,4283394.137470949,0,4275112.873325481,8281.264145468362,0.0019370866666794265,False,False,False,,,,synthetic (no market data)
2023-01-25,4286228.299131626,0,4283394.137470949,2834.161660676822,0.0006616625903938413,False,False,False,,,,synthetic (no market data)
2023-01-26,4319528.090479483,0,4286228.299131626,33299.79134785663,0.007769019525768855,False,False,False,,,,synthetic (no market data)
2023-01-27,4318482.339469783,0,4319528.090479483,-1045.7510096998885,-0.0002420984394116549,False,False,False,,,,synthetic (no market data)
2023-01-30,4304706.580416033,0,4318482.339469783,-13775.759053749964,-0.003189953777937953,False,False,False,,,,synthetic (no market data)
2023-01-31,4304354.799213078,0,4304706.580416033,-351.78120295517147,-8.172013501583961e-05,False,False,False,,,,synthetic (no market data)
2023-02-01,4286994.067909019,0,4304354.799213078,-17360.731304058805,-0.004033294678039249,False,False,False,,,,synthetic (no market data)
2023-02-02,4362470.571522662,1,4286994.067909019,75476.50361364335,0.017605926767810295,False,False,False,,,,synthetic (no market data)
2023-02-03,4438172.0567219015,1,4362470.571522662,75701.4851992391,0.01735289303574981,False,False,False,,,,synthetic (no market data)
2023-02-06,4398512.545127374,1,4438172.0567219015,-39659.5115945274,-0.00893600137346196,False,False,False,,,,synthetic (no market data)
2023-02-07,4323930.184889557,1,4398512.545127374,-74582.36023781728,-0.01695626861868084,False,False,False,,,,synthetic (no market data)
2023-02-08,4345602.068322032,1,4323930.184889557,21671.88343247492,0.0050120798684978,False,False,False,,,,synthetic (no market data)
2023-02-09,4335537.9667429505,1,4345602.068322032,-10064.101579081267,-0.002315928016613661,False,False,False,,,,synthetic (no market data)
2023-02-10,4328843.982316414,1,4335537.9667429505,-6693.984426536597,-0.0015439801191651002,False,False,False,,,,synthetic (no market data)
2023-02-13,4308853.482364707,1,4328843.982316414,-19990.4999517072,-0.004617976539087475,False,False,False,,,,synthetic (no market data)
2023-02-14,4304362.546647772,1,4308853.482364707,-4490.935716934502,-0.0010422576992499333,False,False,False,,,,synthetic (no market data)
2023-02-15,4189778.82722296,1,4304362.546647772,-114583.71942481212,-0.02662036902863809,False,False,False,,,,synthetic (no market data)
2023-02-16,4233569.928194059,1,4189778.82722296,43791.10097109899,0.01045188845925891,False,False,False,,,,synthetic (no market data)
2023-02-17,4284058.1108387085,1,4233569.928194059,50488.18264464941,0.011925675848275518,False,False,False,,,,synthetic (no market data)
2023-02-20,4273412.044161128,1,4284058.1108387085,-10646.066677580588,-0.0024850425466092386,False,False,False,,,,synthetic (no market data)
2023-02-21,4217004.625690138,1,4273412.044161128,-56407.41847098991,-0.013199620792022807,False,False,False,,,,synthetic (no market data)
2023-02-22,4152035.1288024653,1,4217004.625690138,-64969.49688767269,-0.015406551012981174,False,False,False,,,,synthetic (no market data)
2023-02-23,4314714.873460014,1,4152035.1288024653,162679.74465754908,0.039180724538924926,False,False,False,,,,synthetic (no market data)
2023-02-24,4315924.324645682,1,4314714.873460014,1209.4511856678873,0.0002803084841381456,False,False,False,,,,synthetic (no market data)
2023-02-27,4324960.006157238,0,4315924.324645682,9035.681511555798,0.0020935681054365073,False,False,False,,,,synthetic (no market data)
2023-02-28,4330907.427458257,0,4324960.006157238,5947.421301019378,0.0013751390284655394,False,False,False,,,,synthetic (no market data)
2023-03-01,4248326.960434077,0,4330907.427458257,-82580.4670241801,-0.019067705419103197,False,False,False,,,,synthetic (no market data)
2023-03-02,4265625.716977205,0,4248326.960434077,17298.75654312782,0.004071898586016623,False,False,False,,,,synthetic (no market data)
2023-03-03,4361720.897179982,0,4265625.716977205,96095.18020277657,0.02252780402657397,False,False,False,,,,synthetic (no market data)
2023-03-06,4403909.2974188095,0,4361720.897179982,42188.4002388278,0.009672420870877869,False,False,False,,,,synthetic (no market data)
2023-03-07,4401051.735350463,0,4403909.2974188095,-2857.562068346888,-0.00064886941927295,False,False,False,,,,synthetic (no market data)
2023-03-08,4410586.99952717,0,4401051.735350463,9535.264176707715,0.002166587613619227,False,False,False,,,,synthetic (no market data)
2023-03-09,4380416.905515048,0,4410586.99952717,-30170.0940121226,-0.006840380660296903,False,False,False,,,,synthetic (no market data)
2023-03-10,4371370.440165479,0,4380416.905515048,-9046.465349568985,-0.002065206473424772,False,False,False,,,,synthetic (no market data)
2023-03-13,4375366.703237966,0,4371370.440165479,3996.263072486967,0.000914189983939153,False,False,False,,,,synthetic (no market data)
2023-03-14,4423880.2415721705,0,4375366.703237966,48513.538334204815,0.011087879399526135,False,False,False,,,,synthetic (no market data)
2023-03-15,4383930.550926785,0,4423880.2415721705,-39949.69064538553,-0.009030463860655528,False,False,False,,,,synthetic (no market data)
2023-03-16,4329541.090844612,0,4383930.550926785,-54389.46008217335,-0.012406551483958873,False,False,False,,,,synthetic (no market data)
2023-03-17,4300388.938118758,0,4329541.090844612,-29152.152725853957,-0.006733312402901094,False,False,False,,,,synthetic (no market data)
2023-03-20,4342960.517254196,0,4300388.938118758,42571.57913543843,0.009899471826392925,False,False,False,,,,synthetic (no market data)
2023-03-21,4359514.77868159,0,4342960.517254196,16554.261427394114,0.0038117457807008617,False,False,False,,,,synthetic (no market data)
2023-03-22,4355129.502018861,0,4359514.77868159,-4385.2766627296805,-0.0010059093466488675,False,False,False,,,,synthetic (no market data)
2023-03-23,4367330.055910903,0,4355129.502018861,12200.553892042488,0.002801421607873384,False,False,False,,,,synthetic (no market data)
2023-03-24,4343244.888842291,0,4367330.055910903,-24085.16706861183,-0.0055148492924216004,False,False,False,,,,synthetic (no market data)
2023-03-27,4284268.51128112,0,4343244.888842291,-58976.37756117154,-0.013578874567418629,False,False,False,,,,synthetic (no market data)
2023-03-28,4278067.895675881,0,4284268.51128112,-6200.615605238825,-0.0014472985502453166,False,False,False,,,,synthetic (no market data)
2023-03-29,4281201.192651748,0,4278067.895675881,3133.2969758668914,0.0007324093614862721,False,False,False,,,,synthetic (no market data)
2023-03-30,4262966.130290062,0,4281201.192651748,-18235.06236168556,-0.004259333196716897,False,False,False,,,,synthetic (no market data)
2023-03-31,4228419.504349762,0,4262966.130290062,-34546.625940300524,-0.008103894069163033,False,False,False,,,,synthetic (no market data)
2023-04-03,4240823.03091485,0,4228419.504349762,12403.52656508796,0.002933371807676247,False,False,False,,,,synthetic (no market data)
2023-04-04,4270464.739295313,0,4240823.03091485,29641.708380463533,0.0069896121965903136,False,False,False,,,,synthetic (no market data)
2023-04-05,4274011.6064228965,0,4270464.739295313,3546.867127583362,0.0008305576428125818,False,False,False,,,,synthetic (no market data)
2023-04-06,4227696.821752199,0,4274011.6064228965,-46314.784670697525,-0.010836373163118375,False,False,False,,,,synthetic (no market data)
2023-04-07,4181360.3325389423,0,4227696.821752199,-46336.48921325663,-0.010960220462084162,False,False,False,,,,synthetic (no market data)
2023-04-10,4159489.6297427663,0,4181360.3325389423,-21870.702796176076,-0.005230523336145028,False,False,False,,,,synthetic (no market data)
2023-04-11,4072801.7691518064,0,4159489.6297427663,-86687.8605909599,-0.020840984906198914,False,False,False,,,,synthetic (no market data)
2023-04-12,4111694.9651226588,0,4072801.7691518064,38893.195970852394,0.009549493978675081,False,False,False,,,,synthetic (no market data)
2023-04-13,4150322.6388099915,0,4111694.9651226588,38627.673687332775,0.009394586421169608,False,False,False,,,,synthetic (no market data)
2023-04-14,4066451.5384026947,0,4150322.6388099915,-83871.10040729679,-0.020208332630097615,False,False,False,,,,synthetic (no market data)
2023-04-17,4069546.2596855727,0,4066451.5384026947,3094.7212828779593,0.0007610372959451444,False,False,False,,,,synthetic (no market data)
2023-04-18,3999769.032676196,0,4069546.2596855727,-69777.22700937651,-0.017146193348535062,False,False,False,,,,synthetic (no market data)
2023-04-19,3966579.9336867165,0,3999769.032676196,-33189.09898947971,-0.008297753874871442,False,False,False,,,,synthetic (no market data)
2023-04-20,3950655.6757631614,0,3966579.9336867165,-15924.257923555095,-0.004014606585465776,False,False,False,,,,synthetic (no market data)
2023-04-21,3979792.962632022,0,3950655.6757631614,29137.28686886048,0.007375304066009734,False,False,False,,,,synthetic (no market data)
2023-04-24,3957937.2493843674,0,3979792.962632022,-21855.713247654494,-0.005491670911745192,False,False,False,,,,synthetic (no market data)
2023-04-25,3981708.217524887,0,3957937.2493843674,23770.96814051969,0.006005898184519504,False,False,False,,,,synthetic (no market data)
2023-04-26,3989039.4167076717,0,3981708.217524887,7331.1991827846505,0.001841219592766111,False,False,False,,,,synthetic (no market data)
2023-04-27,4037628.9842543122,0,3989039.4167076717,48589.56754664052,0.01218076896987486,False,False,False,,,,synthetic (no market data)
2023-04-28,4008132.753329548,0,4037628.9842543122,-29496.230924764182,-0.007305334650556478,False,False,False,,,,synthetic (no market data)
2023-05-01,3846437.3676038436,1,4008132.753329548,-161695.3857257045,-0.040341823905753735,False,False,False,,,,synthetic (no market data)
2023-05-02,3850017.7737631598,0,3846437.3676038436,3580.4061593161896,0.000930836984236824,False,False,False,,,,synthetic (no market data)
2023-05-03,3825586.7860776,0,3850017.7737631598,-24430.987685559783,-0.006345681791925851,False,False,False,,,,synthetic (no market data)
2023-05-04,3805779.1976893833,0,3825586.7860776,-19807.58838821668,-0.0051776601854393,False,False,False,,,,synthetic (no market data)
2023-05-05,3739633.2421808313,0,3805779.1976893833,-66145.95550855203,-0.017380397567129346,False,False,False,,,,synthetic (no market data)
2023-05-08,3732291.579839524,0,3739633.2421808313,-7341.662341307383,-0.0019632038400177357,False,False,False,,,,synthetic (no market data)
2023-05-09,3730007.160512918,0,3732291.579839524,-2284.419326605741,-0.0006120688262796347,False,False,False,,,,synthetic (no market data)
2023-05-10,3718353.1501285457,0,3730007.160512918,-11654.010384372436,-0.0031243935689308105,False,False,False,,,,synthetic (no market data)
2023-05-11,3696178.430115872,0,3718353.1501285457,-22174.720012673642,-0.005963586329046516,False,False,False,,,,synthetic (no market data)
2023-05-12,3635210.185672602,0,3696178.430115872,-60968.24444326991,-0.016494940814142083,False,False,False,,,,synthetic (no market data)
2023-05-15,3644443.8928558943,0,3635210.185672602,9233.707183292136,0.0025400751845614878,False,False,False,,,,synthetic (no market data)
2023-05-16,3663382.036580414,0,3644443.8928558943,18938.14372451976,0.005196442662114704,False,False,False,,,,synthetic (no market data)
2023-05-17,3641453.0686054686,0,3663382.036580414,-21928.967974945437,-0.00598598992842555,False,False,False,,,,synthetic (no market data)
2023-05-18,3625137.027803224,0,3641453.0686054686,-16316.040802244563,-0.004480640144153486,False,False,False,,,,synthetic (no market data)
2023-05-19,3650858.4772568275,0,3625137.027803224,25721.449453603476,0.0070953040550829245,False,False,False,,,,synthetic (no market data)
2023-05-22,3653002.0186758563,0,3650858.4772568275,2143.54141902877,0.0005871335282871274,False,False,False,,,,synthetic (no market data)
2023-05-23,3619845.385844252,0,3653002.0186758563,-33156.63283160422,-0.009076543802081683,False,False,False,,,,synthetic (no market data)
2023-05-24,3604184.8079471407,0,3619845.385844252,-15660.57789711142,-0.004326311272396769,False,False,False,,,,synthetic (no market data)
2023-05-25,3491756.456886393,1,3604184.8079471407,-112428.35106074763,-0.03119383634625112,False,False,False,,,,synthetic (no market data)
2023-05-26,3548574.81745973,1,3491756.456886393,56818.36057333695,0.016272143053184758,False,False,False,,,,synthetic (no market data)
2023-05-29,3583858.774263127,1,3548574.81745973,35283.95680339681,0.009943134531021402,False,False,False,,,,synthetic (no market data)
2023-05-30,3607939.8390829447,1,3583858.774263127,24081.064819817897,0.006719311874885243,False,False,False,,,,synthetic (no market data)
2023-05-31,3652588.2343756612,1,3607939.8390829447,44648.39529271657,0.012375038743457863,False,False,False,,,,synthetic (no market data)
2023-06-01,3704863.9230151935,1,3652588.2343756612,52275.68863953231,0.014311957791340753,False,False,False,,,,synthetic (no market data)
2023-06-02,3767811.727328693,1,3704863.9230151935,62947.80431349948,0.016990584707432272,False,False,False,,,,synthetic (no market data)
2023-06-05,3843794.2775096134,1,3767811.727328693,75982.5501809204,0.020166227953961644,False,False,False,,,,synthetic (no market data)
2023-06-06,3841743.3870592527,1,3843794.2775096134,-2050.890450360719,-0.0005335588489635525,False,False,False,,,,synthetic (no market data)
2023-06-07,3890135.113814595,1,3841743.3870592527,48391.726755342446,0.012596293369918432,False,False,False,,,,synthetic (no market data)
2023-06-08,3841999.4979762225,1,3890135.113814595,-48135.615838372614,-0.012373764517184523,False,False,False,,,,synthetic (no market data)
2023-06-09,3817777.8844602243,1,3841999.4979762225,-24221.613515998237,-0.006304429120502748,False,False,False,,,,synthetic (no market data)
2023-06-12,3851638.766072466,1,3817777.8844602243,33860.881612241734,0.008869264435227652,False,False,False,,,,synthetic (no market data)
2023-06-13,3920242.7525279783,1,3851638.766072466,68603.98645551223,0.017811635675655024,False,False,False,,,,synthetic (no market data)
2023-06-14,3915543.006495042,1,3920242.7525279783,-4699.7460329364985,-0.0011988405641221722,False,False,False,,,,synthetic (no market data)
2023-06-15,3933076.907668063,1,3915543.006495042,17533.90117302118,0.004478025434514758,False,False,False,,,,synthetic (no market data)
2023-06-16,3913791.082445477,1,3933076.907668063,-19285.825222585816,-0.004903495577466463,False,False,False,,,,synthetic (no market data)
2023-06-19,3962143.8448343137,1,3913791.082445477,48352.76238883659,0.012354456681582516,False,False,False,,,,synthetic (no market data)
2023-06-20,4007909.0524035934,1,3962143.8448343137,45765.20756927971,0.011550617383300349,False,False,False,,,,synthetic (no market data)
2023-06-21,4005969.8688898077,1,4007909.0524035934,-1939.1835137857124,-0.0004838392010474289,False,False,False,,,,synthetic (no market data)
2023-06-22,3907725.0660489155,1,4005969.8688898077,-98244.80284089223,-0.02452459855074228,False,False,False,,,,synthetic (no market data)
2023-06-23,3873883.7444570237,1,3907725.0660489155,-33841.321591891814,-0.008660108124266949,False,False,False,,,,synthetic (no market data)
2023-06-26,3856025.4157050373,1,3873883.7444570237,-17858.32875198638,-0.004609928931795929,False,False,False,,,,synthetic (no market data)
2023-06-27,3887455.7668701396,1,3856025.4157050373,31430.35116510233,0.008150970954986713,False,False,False,,,,synthetic (no market data)
2023-06-28,3866647.4353512134,1,3887455.7668701396,-20808.331518926192,-0.005352686375562121,False,False,False,,,,synthetic (no market data)
2023-06-29,3873253.8086548126,1,3866647.4353512134,6606.37330359919,0.0017085533175845713,False,False,False,,,,synthetic (no market data)
2023-06-30,3905729.623830819,1,3873253.8086548126,32475.815176006407,0.008384633897070977,False,False,False,,,,synthetic (no market data)
2023-07-03,3996461.6007660553,1,3905729.623830819,90731.97693523625,0.023230480774100407,False,False,False,,,,synthetic (no market data)
2023-07-04,4010574.8075603335,1,3996461.6007660553,14113.20679427823,0.003531425596976326,False,False,False,,,,synthetic (no market data)
2023-07-05,3954240.340706433,1,4010574.8075603335,-56334.46685390035,-0.014046482002456171,False,False,False,,,,synthetic (no market data)
2023-07-06,3914129.8264415013,1,3954240.340706433,-40110.5142649319,-0.010143671301923464,False,False,False,,,,synthetic (no market data)
2023-07-07,3938382.9521517702,1,3914129.8264415013,24253.12571026897,0.006196300783492023,False,False,False,,,,synthetic (no market data)
2023-07-10,3962809.347195665,1,3938382.9521517702,24426.39504389465,0.006202138121319328,False,False,False,,,,synthetic (no market data)
2023-07-11,3957191.3454500614,1,3962809.347195665,-5618.001745603513,-0.0014176815620915923,False,False,False,,,,synthetic (no market data)
2023-07-12,3904017.5506826285,1,3957191.3454500614,-53173.794767432846,-0.013437256408783856,False,False,False,,,,synthetic (no market data)
2023-07-13,3942887.4125919673,1,3904017.5506826285,38869.86190933874,0.009956374786927439,False,False,False,,,,synthetic (no market data)
2023-07-14,3882388.0741658676,1,3942887.4125919673,-60499.338426099624,-0.015343917311178991,False,False,False,,,,synthetic (no market data)
2023-07-17,3912489.306015969,1,3882388.0741658676,30101.231850101147,0.007753277435195194,False,False,False,,,,synthetic (no market data)
2023-07-18,3919107.4054422467,1,3912489.306015969,6618.099426277913,0.001691531633352125,False,False,False,,,,synthetic (no market data)
2023-07-19,3889123.105200378,1,3919107.4054422467,-29984.300241868477,-0.007650798291527031,False,False,False,,,,synthetic (no market data)
2023-07-20,3886153.0732439607,1,3889123.105200378,-2970.031956417486,-0.0007636765090943199,False,False,False,,,,synthetic (no market data)
2023-07-21,3859381.6367727946,1,3886153.0732439607,-26771.43647116609,-0.006888929994931638,False,False,False,,,,synthetic (no market data)
2023-07-24,3918352.5226111016,1,3859381.6367727946,58970.885838306975,0.015279879366275444,False,False,False,,,,synthetic (no market data)
2023-07-25,4044122.4832294392,1,3918352.5226111016,125769.96061833762,0.032097663467637,False,False,False,,,,synthetic (no market data)
2023-07-26,4089761.9663432646,1,4044122.4832294392,45639.48311382532,0.011285385965209406,False,False,False,,,,synthetic (no market data)
2023-07-27,4052160.143082964,1,4089761.9663432646,-37601.82326030079,-0.009194134908032633,False,False,False,,,,synthetic (no market data)
2023-07-28,4028499.766503422,1,4052160.143082964,-23660.376579541713,-0.005838953976172429,False,False,False,,,,synthetic (no market data)
2023-07-31,4004923.9563087537,1,4028499.766503422,-23575.81019466836,-0.005852255569355842,False,False,False,,,,synthetic (no market data)
2023-08-01,4014919.3583744434,1,4004923.9563087537,9995.402065689676,0.0024957782406690708,False,False,False,,,,synthetic (no market data)
2023-08-02,4012048.2296898193,1,4014919.3583744434,-2871.1286846240982,-0.0007151149072609414,False,False,False,,,,synthetic (no market data)
2023-08-03,4002894.7795746583,1,4012048.2296898193,-9153.450115161017,-0.002281490548250137,False,False,False,,,,synthetic (no market data)
2023-08-04,3992587.5950270337,1,4002894.7795746583,-10307.18454762455,-0.002574932671280402,False,False,False,,,,synthetic (no market data)
2023-08-07,4006094.147015068,1,3992587.5950270337,13506.55198803451,0.0033829068659276484,False,False,False,,,,synthetic (no market data)
2023-08-08,4024863.5849014637,1,4006094.147015068,18769.43788639549,0.004685221364650293,False,False,False,,,,synthetic (no market data)
2023-08-09,4030076.253227322,1,4024863.5849014637,5212.668325858191,0.0012951167700223575,False,False,False,,,,synthetic (no market data)
2023-08-10,4009150.7826527096,1,4030076.253227322,-20925.470574612264,-0.005192326214139237,False,False,False,,,,synthetic (no market data)
2023-08-11,4030555.309771216,1,4009150.7826527096,21404.527118506376,0.005338917960163069,False,False,False,,,,synthetic (no market data)
2023-08-14,4125799.2254968146,1,4030555.309771216,95243.91572559858,0.02363046984982445,False,False,False,,,,synthetic (no market data)
2023-08-15,4077379.879423029,1,4125799.2254968146,-48419.3460737858,-0.011735749469960043,False,False,False,,,,synthetic (no market data)
2023-08-16,4072557.6030506217,1,4077379.879423029,-4822.276372407097,-0.0011826899908795045,False,False,False,,,,synthetic (no market data)
2023-08-17,4110355.2263603224,1,4072557.6030506217,37797.62330970075,0.009281053085998775,False,False,False,,,,synthetic (no market data)
2023-08-18,4178943.497282709,1,4110355.2263603224,68588.27092238655,0.016686701548936627,False,False,False,,,,synthetic (no market data)
2023-08-21,4097655.946448193,1,4178943.497282709,-81287.55083451606,-0.01945169894911764,False,False,False,,,,synthetic (no market data)
2023-08-22,4141344.749885954,1,4097655.946448193,43688.80343776103,0.010661901342798203,False,False,False,,,,synthetic (no market data)
2023-08-23,4212678.082354322,1,4141344.749885954,71333.33246836811,0.017224678643412268,False,False,False,,,,synthetic (no market data)
2023-08-24,4290823.556679339,1,4212678.082354322,78145.47432501707,0.018550070239723666,False,False,False,,,,synthetic (no market data)
2023-08-25,4306911.138897082,1,4290823.556679339,16087.582217742689,0.0037492994072664317,False,False,False,,,,synthetic (no market data)
2023-08-28,4284257.966726795,1,4306911.138897082,-22653.172170286998,-0.005259725924154555,False,False,False,,,,synthetic (no market data)
2023-08-29,4268549.246678582,1,4284257.966726795,-15708.720048212446,-0.003666613955138193,False,False,False,,,,synthetic (no market data)
2023-08-30,4610176.341304039,1,4268549.246678582,341627.09462545626,0.08003353713004038,False,False,False,,,,synthetic (no market data)
2023-08-31,4358935.80366394,1,4610176.341304039,-251240.53764009848,-0.054496947413736535,False,False,False,,,,synthetic (no market data)
2023-09-01,4400443.851112791,1,4358935.80366394,41508.04744885117,0.00952251864181189,False,False,False,,,,synthetic (no market data)
2023-09-04,4413293.973673824,1,4400443.851112791,12850.122561032884,0.0029201878255493076,False,False,False,,,,synthetic (no market data)
2023-09-05,4517713.70905133,1,4413293.973673824,104419.73537750542,0.023660271896771414,False,False,False,,,,synthetic (no market data)
2023-09-06,4429696.006591247,1,4517713.70905133,-88017.70246008225,-0.01948279774429642,False,False,False,,,,synthetic (no market data)
2023-09-07,4192185.7547174413,1,4429696.006591247,-237510.25187380612,-0.0536177316728729,False,False,False,,,,synthetic (no market data)
2023-09-08,4198109.468328599,1,4192185.7547174413,5923.713611157611,0.00141303700688637,False,False,False,,,,synthetic (no market data)
2023-09-11,4253059.632709684,1,4198109.468328599,54950.164381084964,0.013089264297570204,False,False,False,,,,synthetic (no market data)
2023-09-12,4336703.95635432,1,4253059.632709684,83644.3236446362,0.019666858889383885,False,False,False,,,,synthetic (no market data)
2023-09-13,4317383.175126829,1,4336703.95635432,-19320.781227490865,-0.004455176424754853,False,False,False,,,,synthetic (no market data)
2023-09-14,4407163.29044701,1,4317383.175126829,89780.11532018054,0.020795030618875547,False,False,False,,,,synthetic (no market data)
2023-09-15,4277207.385638596,1,4407163.29044701,-129955.90480841417,-0.029487426774067408,False,False,False,,,,synthetic (no market data)
2023-09-18,4247989.373663778,1,4277207.385638596,-29218.011974817142,-0.006831095464980554,False,False,False,,,,synthetic (no market data)
2023-09-19,4263344.102416002,1,4247989.373663778,15354.728752223775,0.0036145873733626427,False,False,False,,,,synthetic (no market data)
2023-09-20,4258984.435850529,1,4263344.102416002,-4359.666565473191,-0.0010225931711687556,False,False,False,,,,synthetic (no market data)
2023-09-21,4247184.813971639,1,4258984.435850529,-11799.62187889032,-0.002770524771014785,False,False,False,,,,synthetic (no market data)
2023-09-22,4217234.62942476,1,4247184.813971639,-29950.18454687856,-0.007051773317787757,False,False,False,,,,synthetic (no market data)
2023-09-25,4394596.615150991,1,4217234.62942476,177361.98572623078,0.042056466218106374,False,False,False,,,,synthetic (no market data)
2023-09-26,4384379.795845355,0,4394596.615150991,-10216.819305635989,-0.0023248594126732964,False,False,False,,,,synthetic (no market data)
2023-09-27,4424746.938874163,0,4384379.795845355,40367.143028807826,0.009207036093693296,False,False,False,,,,synthetic (no market data)
2023-09-28,4474374.070176371,0,4424746.938874163,49627.13130220864,0.01121581233634026,False,False,False,,,,synthetic (no market data)
2023-09-29,4466271.326431528,0,4474374.070176371,-8102.743744843639,-0.0018109222916456434,False,False,False,,,,synthetic (no market data)
2023-10-02,4461553.582827704,0,4466271.326431528,-4717.7436038237065,-0.0010563047470725656,False,False,False,,,,synthetic (no market data)
2023-10-03,4463250.580027559,0,4461553.582827704,1696.9971998548135,0.0003803601522094166,False,False,False,,,,synthetic (no market data)
2023-10-04,4401498.49877344,0,4463250.580027559,-61752.08125411905,-0.013835674279739354,False,False,False,,,,synthetic (no market data)
2023-10-05,4408656.503186401,0,4401498.49877344,7158.004412961192,0.0016262653309903217,False,False,False,,,,synthetic (no market data)
2023-10-06,4430348.422097791,0,4408656.503186401,21691.918911390007,0.004920301433262481,False,False,False,,,,synthetic (no market data)
2023-10-09,4524741.093809453,0,4430348.422097791,94392.67171166185,0.021305925114342695,False,False,False,,,,synthetic (no market data)
2023-10-10,4561712.156221025,0,4524741.093809453,36971.06241157185,0.008170868044174726,False,False,False,,,,synthetic (no market data)
2023-10-11,4576538.619805678,0,4561712.156221025,14826.463584653102,0.0032501970919917747,False,False,False,,,,synthetic (no market data)
2023-10-12,4617074.234778598,0,4576538.619805678,40535.61497292016,0.008857264920150792,False,False,False,,,,synthetic (no market data)
2023-10-13,4828620.55983686,1,4617074.234778598,211546.32505826186,0.04581826375343218,False,False,False,,,,synthetic (no market data)
2023-10-16,4483609.111955153,1,4828620.55983686,-345011.447881707,-0.07145134797946591,False,False,False,,,,synthetic (no market data)
2023-10-17,4559881.7516961945,1,4483609.111955153,76272.6397410417,0.01701143829368786,False,False,False,,,,synthetic (no market data)
2023-10-18,4526340.633428243,1,4559881.7516961945,-33541.11826795153,-0.007355699137477597,False,False,False,,,,synthetic (no market data)
2023-10-19,4608159.465440118,1,4526340.633428243,81818.83201187477,0.018076154367972372,False,False,False,,,,synthetic (no market data)
2023-10-20,4574855.232443324,1,4608159.465440118,-33304.232996793464,-0.007227231011983356,False,False,False,,,,synthetic (no market data)
2023-10-23,4378882.867571924,1,4574855.232443324,-195972.3648714004,-0.0428368450834533,False,False,False,,,,synthetic (no market data)
2023-10-24,4405896.448433885,1,4378882.867571924,27013.58086196147,0.006169057652126788,False,False,False,,,,synthetic (no market data)
2023-10-25,4427558.868483799,1,4405896.448433885,21662.420049913228,0.004916688420494614,False,False,False,,,,synthetic (no market data)
2023-10-26,4387242.975106918,1,4427558.868483799,-40315.893376880325,-0.009105670771281322,False,False,False,,,,synthetic (no market data)
2023-10-27,4464666.526566615,1,4387242.975106918,77423.55145969708,0.01764742730206554,False,False,False,,,,synthetic (no market data)
2023-10-30,4448953.146373457,1,4464666.526566615,-15713.380193158053,-0.003519496943311876,False,False,False,,,,synthetic (no market data)
2023-10-31,4456953.844849825,1,4448953.146373457,8000.69847636763,0.0017983328241812035,False,False,False,,,,synthetic (no market data)
2023-11-01,4467081.583821109,1,4456953.844849825,10127.73897128366,0.002272345490628456,False,False,False,,,,synthetic (no market data)
2023-11-02,4480210.171321031,1,4467081.583821109,13128.587499922141,0.002938963001587279,False,False,False,,,,synthetic (no market data)
2023-11-03,4568301.846857223,1,4480210.171321031,88091.67553619202,0.019662398005363527,False,False,False,,,,synthetic (no market data)
2023-11-06,4757224.189633209,1,4568301.846857223,188922.34277598653,0.04135504813587487,False,False,False,,,,synthetic (no market data)
2023-11-07,4841183.685211814,1,4757224.189633209,83959.49557860475,0.017648841473892823,False,False,False,,,,synthetic (no market data)
2023-11-08,4825955.286506127,1,4841183.685211814,-15228.398705687374,-0.0031455940728307838,False,False,False,,,,synthetic (no market data)
2023-11-09,4913479.686673857,1,4825955.286506127,87524.40016773064,0.01813618133024522,False,False,False,,,,synthetic (no market data)
2023-11-10,4879072.418526793,1,4913479.686673857,-34407.26814706437,-0.0070026275351015264,False,False,False,,,,synthetic (no market data)
2023-11-13,4921258.249116278,1,4879072.418526793,42185.830589485355,0.008646280885132489,False,False,False,,,,synthetic (no market data)
2023-11-14,4918790.314788574,1,4921258.249116278,-2467.9343277039006,-0.0005014844177598428,False,False,False,,,,synthetic (no market data)
2023-11-15,4739465.653855353,1,4918790.314788574,-179324.6609332217,-0.03645706555005479,False,False,False,,,,synthetic (no market data)
2023-11-16,4768494.703812607,1,4739465.653855353,29029.04995725397,0.006124962617598057,False,False,False,,,,synthetic (no market data)
2023-11-17,4766193.674204433,1,4768494.703812607,-2301.029608173296,-0.00048254842483803716,False,False,False,,,,synthetic (no market data)
2023-11-20,4532472.493859542,1,4766193.674204433,-233721.18034489173,-0.04903728138657818,False,False,False,,,,synthetic (no market data)
2023-11-21,4496869.455389687,1,4532472.493859542,-35603.03846985474,-0.007855103041019813,False,False,False,,,,synthetic (no market data)
2023-11-22,4463471.608636708,1,4496869.455389687,-33397.84675297886,-0.007426910450546911,False,False,False,,,,synthetic (no market data)
2023-11-23,4495519.372717879,1,4463471.608636708,32047.764081170782,0.007180008498129381,False,False,False,,,,synthetic (no market data)
2023-11-24,4470185.214069428,1,4495519.372717879,-25334.15864845086,-0.005635424196411472,False,False,False,,,,synthetic (no market data)
2023-11-27,4454690.633682867,1,4470185.214069428,-15494.580386561342,-0.003466205457839602,False,False,False,,,,synthetic (no market data)
2023-11-28,4462814.71613932,1,4454690.633682867,8124.082456453703,0.0018237141755761404,False,False,False,,,,synthetic (no market data)
2023-11-29,4509812.177699087,1,4462814.71613932,46997.4615597669,0.010530901359136716,False,False,False,,,,synthetic (no market data)
2023-11-30,4512364.875730321,1,4509812.177699087,2552.6980312336236,0.0005660320054694637,False,False,False,,,,synthetic (no market data)
2023-12-01,4445945.444322145,1,4512364.875730321,-66419.4314081762,-0.014719428334665932,False,False,False,,,,synthetic (no market data)
2023-12-04,4441884.53229905,1,4445945.444322145,-4060.9120230944827,-0.000913396728311324,False,False,False,,,,synthetic (no market data)
2023-12-05,4442428.042022861,1,4441884.53229905,543.509723810479,0.0001223601648936081,False,False,False,,,,synthetic (no market data)
2023-12-06,4475673.277491197,1,4442428.042022861,33245.23546833638,0.007483573206781343,False,False,False,,,,synthetic (no market data)
2023-12-07,4451755.0594635,1,4475673.277491197,-23918.218027696945,-0.005344049161940639,False,False,False,,,,synthetic (no market data)
2023-12-08,4402698.9940589415,1,4451755.0594635,-49056.065404558554,-0.011019488886810072,False,False,False,,,,synthetic (no market data)
2023-12-11,4399648.181062681,1,4402698.9940589415,-3050.812996260822,-0.0006929415343582716,False,False,False,,,,synthetic (no market data)
2023-12-12,4335442.281295583,1,4399648.181062681,-64205.89976709802,-0.01459341681988533,False,False,False,,,,synthetic (no market data)
2023-12-13,4331775.899979997,1,4335442.281295583,-3666.381315585226,-0.0008456764218504559,False,False,False,,,,synthetic (no market data)
2023-12-14,4358898.761488726,1,4331775.899979997,27122.861508728936,0.006261372272017622,False,False,False,,,,synthetic (no market data)
2023-12-15,4362734.942570048,1,4358898.761488726,3836.181081322022,0.0008800803347889234,False,False,False,,,,synthetic (no market data)
2023-12-18,4318244.213984305,1,4362734.942570048,-44490.728585743345,-0.010197898605211678,False,False,False,,,,synthetic (no market data)
2023-12-19,4308635.354571134,1,4318244.213984305,-9608.859413171187,-0.002225177395491813,False,False,False,,,,synthetic (no market data)
2023-12-20,4334613.813731477,1,4308635.354571134,25978.459160342813,0.00602939376913891,False,False,False,,,,synthetic (no market data)
2023-12-21,4402838.661090058,1,4334613.813731477,68224.84735858161,0.01573954458006257,False,False,False,,,,synthetic (no market data)
2023-12-22,4328790.853215313,1,4402838.661090058,-74047.80787474569,-0.01681819698031199,False,False,False,,,,synthetic (no market data)
2023-12-25,4361116.466301042,1,4328790.853215313,32325.61308572907,0.007467584871123642,False,False,False,,,,synthetic (no market data)
2023-12-26,4336697.063715987,1,4361116.466301042,-24419.402585054748,-0.005599346583322618,False,False,False,,,,synthetic (no market data)
2023-12-27,4318367.753916858,1,4336697.063715987,-18329.309799129143,-0.004226559874907034,False,False,False,,,,synthetic (no market data)
2023-12-28,4289184.308546811,1,4318367.753916858,-29183.445370046422,-0.006757980568833299,False,False,False,,,,synthetic (no market data)
2023-12-29,4324947.870708212,1,4289184.308546811,35763.562161400914,0.008338080061082224,False,False,False,,,,synthetic (no market data)
2024-01-01,4286425.755960344,1,4324947.870708212,-38522.11474786792,-0.008906954696209992,False,False,False,,,,synthetic (no market data)
2024-01-02,4298405.595241837,1,4286425.755960344,11979.839281492867,0.0027948318630818944,False,False,False,,,,synthetic (no market data)
2024-01-03,4263798.186079248,1,4298405.595241837,-34607.40916258935,-0.00805122001536997,False,False,False,,,,synthetic (no market data)
2024-01-04,4275341.563878382,1,4263798.186079248,11543.37779913377,0.002707299289356943,False,False,False,,,,synthetic (no market data)
2024-01-05,4294835.671478795,1,4275341.563878382,19494.107600413263,0.00455966086198015,False,False,False,,,,synthetic (no market data)
2024-01-08,4244247.738367113,1,4294835.671478795,-50587.9331116816,-0.01177878200267979,False,False,False,,,,synthetic (no market data)
2024-01-09,4197994.226809022,1,4244247.738367113,-46253.51155809127,-0.010897929246676433,False,False,False,,,,synthetic (no market data)
2024-01-10,4261643.880470161,1,4197994.226809022,63649.65366113931,0.015161920246260239,False,False,False,,,,synthetic (no market data)
2024-01-11,4291744.638122253,1,4261643.880470161,30100.757652091794,0.007063179959741488,False,False,False,,,,synthetic (no market data)
2024-01-12,4210062.354995869,1,4291744.638122253,-81682.28312638402,-0.019032419217309745,False,False,False,,,,synthetic (no market data)
2024-01-15,4195045.795798255,1,4210062.354995869,-15016.55919761397,-0.0035668258404283667,False,False,False,,,,synthetic (no market data)
2024-01-16,4141827.109969264,1,4195045.795798255,-53218.685828991234,-0.01268607982356114,False,False,False,,,,synthetic (no market data)
2024-01-17,4168648.748640144,1,4141827.109969264,26821.638670879882,0.006475798713645226,False,False,False,,,,synthetic (no market data)
2024-01-18,4075894.409158012,1,4168648.748640144,-92754.33948213188,-0.022250456940606785,False,False,False,,,,synthetic (no market data)
2024-01-19,4099602.876798811,1,4075894.409158012,23708.467640799005,0.0058167521679484925,False,False,False,,,,synthetic (no market data)
2024-01-22,4139372.6251665154,1,4099602.876798811,39769.74836770445,0.009700878246714178,False,False,False,,,,synthetic (no market data)
2024-01-23,4096789.9264101186,1,4139372.6251665154,-42582.69875639677,-0.010287234953795393,False,False,False,,,,synthetic (no market data)
2024-01-24,4086789.582392544,1,4096789.9264101186,-10000.344017574564,-0.002441019480424649,False,False,False,,,,synthetic (no market data)
2024-01-25,3798790.7009302187,1,4086789.582392544,-287998.88146232534,-0.07047068992813697,False,False,False,,,,synthetic (no market data)
2024-01-26,3765763.7804240813,1,3798790.7009302187,-33026.92050613742,-0.008694061638628852,False,False,False,,,,synthetic (no market data)
2024-01-29,3756061.3136666464,1,3765763.7804240813,-9702.466757434886,-0.00257649372694913,False,False,False,,,,synthetic (no market data)
2024-01-30,3812082.50272774,1,3756061.3136666464,56021.18906109361,0.01491487608502483,False,False,False,,,,synthetic (no market data)
2024-01-31,3780819.419873995,1,3812082.50272774,-31263.082853745203,-0.008201050956104667,False,False,False,,,,synthetic (no market data)
2024-02-01,3753625.4889228675,1,3780819.419873995,-27193.930951127317,-0.007192602431150659,False,False,False,,,,synthetic (no market data)
2024-02-02,3804708.2565861577,1,3753625.4889228675,51082.76766329026,0.01360891431871347,False,False,False,,,,synthetic (no market data)
2024-02-05,3813699.2877017315,1,3804708.2565861577,8991.03111557383,0.002363132863080859,False,False,False,,,,synthetic (no market data)
2024-02-06,3833290.595038941,1,3813699.2877017315,19591.307337209582,0.005137087604255235,False,False,False,,,,synthetic (no market data)
2024-02-07,3811521.5857350556,1,3833290.595038941,-21769.009303885512,-0.005678935307450743,False,False,False,,,,synthetic (no market data)
2024-02-08,3831492.407700563,1,3811521.5857350556,19970.82196550723,0.005239593038184471,False,False,False,,,,synthetic (no market data)
2024-02-09,3766417.062385,1,3831492.407700563,-65075.34531556303,-0.016984333620177375,False,False,False,,,,synthetic (no market data)
2024-02-12,3731809.379916427,1,3766417.062385,-34607.68246857263,-0.009188489191544308,False,False,False,,,,synthetic (no market data)
2024-02-13,3739588.948354736,1,3731809.379916427,7779.568438308779,0.002084663938135822,False,False,False,,,,synthetic (no market data)
2024-02-14,3772022.4436951564,1,3739588.948354736,32433.4953404204,0.008673010801010574,False,False,False,,,,synthetic (no market data)
2024-02-15,3671025.5091577442,1,3772022.4436951564,-100996.93453741213,-0.026775274019439108,False,False,False,,,,synthetic (no market data)
2024-02-16,3689182.576555033,1,3671025.5091577442,18157.067397288978,0.004946047732982062,False,False,False,,,,synthetic (no market data)
2024-02-19,3662765.598317653,1,3689182.576555033,-26416.978237380274,-0.0071606589506471394,False,False,False,,,,synthetic (no market data)
2024-02-20,3703460.557285025,1,3662765.598317653,40694.958967371844,0.01111044588440589,False,False,False,,,,synthetic (no market data)
2024-02-21,3671826.2104256228,1,3703460.557285025,-31634.346859402023,-0.008541834419479519,False,False,False,,,,synthetic (no market data)
2024-02-22,3625693.8617491117,1,3671826.2104256228,-46132.34867651109,-0.012563870410185786,False,False,False,,,,synthetic (no market data)
2024-02-23,3661654.9562282735,1,3625693.8617491117,35961.09447916178,0.00991840344231749,False,False,False,,,,synthetic (no market data)
2024-02-26,3649594.611803332,0,3661654.9562282735,-12060.344424941577,-0.0032936867534248673,False,False,False,,,,synthetic (no market data)
2024-02-27,3631986.444753632,0,3649594.611803332,-17608.16704969993,-0.004824691211662933,False,False,False,,,,synthetic (no market data)
2024-02-28,3655781.400196887,0,3631986.444753632,23794.955443255138,0.0065514989676315315,False,False,False,,,,synthetic (no market data)
2024-02-29,3663344.121413929,0,3655781.400196887,7562.721217041835,0.0020687017053685254,False,False,False,,,,synthetic (no market data)
2024-03-01,3621920.8448624145,0,3663344.121413929,-41423.2765515144,-0.011307503520997747,False,False,False,,,,synthetic (no market data)
2024-03-04,3618645.780820461,0,3621920.8448624145,-3275.064041953534,-0.0009042340189734167,False,False,False,,,,synthetic (no market data)
2024-03-05,3648010.574755531,0,3618645.780820461,29364.793935069814,0.008114857245964509,False,False,False,,,,synthetic (no market data)
2024-03-06,3685714.539672381,0,3648010.574755531,37703.964916849975,0.010335486738378405,False,False,False,,,,synthetic (no market data)
2024-03-07,3705461.749661534,0,3685714.539672381,19747.209989153314,0.005357769782927525,False,False,False,,,,synthetic (no market data)
2024-03-08,3686457.6820562324,0,3705461.749661534,-19004.067605301738,-0.0051286638182239,False,False,False,,,,synthetic (no market data)
2024-03-11,3665562.6911915047,0,3686457.6820562324,-20894.990864727646,-0.005668040343019166,False,False,False,,,,synthetic (no market data)
2024-03-12,3664798.051693256,0,3665562.6911915047,-764.6394982486963,-0.0002086008514016568,False,False,False,,,,synthetic (no market data)
2024-03-13,3633452.8790316302,0,3664798.051693256,-31345.17266162578,-0.008553042273951027,False,False,False,,,,synthetic (no market data)
2024-03-14,3607894.9795198278,0,3633452.8790316302,-25557.899511802476,-0.007034052831480242,False,False,False,,,,synthetic (no market data)
2024-03-15,3602793.0035826354,0,3607894.9795198278,-5101.975937192328,-0.0014141143148993065,False,False,False,,,,synthetic (no market data)
2024-03-18,3630216.3275115653,0,3602793.0035826354,27423.323928929865,0.007611684574067946,False,False,False,,,,synthetic (no market data)
2024-03-19,3634893.2494978993,0,3630216.3275115653,4676.921986334026,0.0012883314834132638,False,False,False,,,,synthetic (no market data)
2024-03-20,3617114.3671656717,0,3634893.2494978993,-17778.88233222766,-0.004891170417366045,False,False,False,,,,synthetic (no market data)
2024-03-21,3625875.446638849,0,3617114.3671656717,8761.079473177437,0.0024221184579359917,False,False,False,,,,synthetic (no market data)
2024-03-22,3613997.296238235,0,3625875.446638849,-11878.1504006139,-0.00327593999722876,False,False,False,,,,synthetic (no market data)
2024-03-25,3627778.418694316,0,3613997.296238235,13781.122456080746,0.003813263078648494,False,False,False,,,,synthetic (no market data)
2024-03-26,3645339.6967534204,0,3627778.418694316,17561.278059104457,0.004840780233051,False,False,False,,,,synthetic (no market data)
2024-03-27,3626560.0234661144,0,3645339.6967534204,-18779.67328730598,-0.005151693627902871,False,False,False,,,,synthetic (no market data)
2024-03-28,3625408.637149445,0,3626560.0234661144,-1151.3863166696392,-0.00031748718047390603,False,False,False,,,,synthetic (no market data)
2024-03-29,3632968.2734574447,0,3625408.637149445,7559.636307999957,0.0020851818552360163,False,False,False,,,,synthetic (no market data)
2024-04-01,3636595.949632003,0,3632968.2734574447,3627.6761745582335,0.0009985433126576207,False,False,False,,,,synthetic (no market data)
2024-04-02,3627593.2620469723,0,3636595.949632003,-9002.687585030682,-0.00247558093055174,False,False,False,,,,synthetic (no market data)
2024-04-03,3657721.8228528923,0,3627593.2620469723,30128.560805920046,0.008305385590257479,False,False,False,,,,synthetic (no market data)
2024-04-04,3668424.25491399,0,3657721.8228528923,10702.432061097585,0.002925983051589765,False,False,False,,,,synthetic (no market data)
2024-04-05,3646509.1222051056,0,3668424.25491399,-21915.13270888431,-0.005973990788968364,False,False,False,,,,synthetic (no market data)
2024-04-08,3638401.300544362,0,3646509.1222051056,-8107.821660743561,-0.002223447518990608,False,False,False,,,,synthetic (no market data)
2024-04-09,3647170.3223049063,0,3638401.300544362,8769.021760544274,0.0024101304491157393,False,False,False,,,,synthetic (no market data)
2024-04-10,3641534.259397936,0,3647170.3223049063,-5636.06290697027,-0.001545324843345523,False,False,False,,,,synthetic (no market data)
2024-04-11,3631586.1928597474,0,3641534.259397936,-9948.066538188607,-0.0027318338451752873,False,False,False,,,,synthetic (no market data)
2024-04-12,3643751.1519200243,0,3631586.1928597474,12164.959060276859,0.003349764652204875,False,False,False,,,,synthetic (no market data)
2024-04-15,3666505.137947237,1,3643751.1519200243,22753.986027212813,0.00624465971426806,False,False,False,,,,synthetic (no market data)
2024-04-16,3611835.1732667238,1,3666505.137947237,-54669.96468051337,-0.014910647230436282,False,False,False,,,,synthetic (no market data)
2024-04-17,3599316.301365452,1,3611835.1732667238,-12518.871901271865,-0.0034660695465649318,False,False,False,,,,synthetic (no market data)
2024-04-18,3663013.4825801617,1,3599316.301365452,63697.181214709766,0.017697022401322534,False,False,False,,,,synthetic (no market data)
2024-04-19,3707018.5705585103,1,3663013.4825801617,44005.0879783486,0.012013356813350357,False,False,False,,,,synthetic (no market data)
2024-04-22,3776152.9950526417,1,3707018.5705585103,69134.42449413147,0.018649602956727424,False,False,False,,,,synthetic (no market data)
2024-04-23,3758279.04292508,1,3776152.9950526417,-17873.952127561904,-0.004733376044609318,False,False,False,,,,synthetic (no market data)
2024-04-24,3774436.61105904,1,3758279.04292508,16157.568133960012,0.004299193314125108,False,False,False,,,,synthetic (no market data)
2024-04-25,3798373.0413960065,1,3774436.61105904,23936.430336966645,0.006341722700239099,False,False,False,,,,synthetic (no market data)
2024-04-26,3892946.319259801,1,3798373.0413960065,94573.27786379447,0.02489836486124496,False,False,False,,,,synthetic (no market data)
2024-04-29,3895014.785197999,1,3892946.319259801,2068.4659381979145,0.0005313368766387741,False,False,False,,,,synthetic (no market data)
2024-04-30,3879831.582681174,1,3895014.785197999,-15183.202516824938,-0.0038981116514691526,False,False,False,,,,synthetic (no market data)
2024-05-01,3859136.1384832114,1,3879831.582681174,-20695.444197962526,-0.005334108905742979,False,False,False,,,,synthetic (no market data)
2024-05-02,3857555.466617486,1,3859136.1384832114,-1580.6718657254241,-0.00040959214938364127,False,False,False,,,,synthetic (no market data)
2024-05-03,3842013.2649773643,1,3857555.466617486,-15542.201640121639,-0.0040290286878881575,False,False,False,,,,synthetic (no market data)
2024-05-06,3839935.9150759685,1,3842013.2649773643,-2077.34990139585,-0.0005406930580725334,False,False,False,,,,synthetic (no market data)
2024-05-07,3836819.438013986,1,3839935.9150759685,-3116.4770619822666,-0.0008115961127753901,False,False,False,,,,synthetic (no market data)
2024-05-08,3861968.894291191,1,3836819.438013986,25149.456277204677,0.006554766697653756,False,False,False,,,,synthetic (no market data)
2024-05-09,3887870.334584887,1,3861968.894291191,25901.440293696243,0.00670679671500826,False,False,False,,,,synthetic (no market data)
2024-05-10,3891968.168591242,1,3887870.334584887,4097.834006354678,0.0010540048030671294,False,False,False,,,,synthetic (no market data)
2024-05-13,3795716.4386580666,1,3891968.168591242,-96251.72993317526,-0.024730862577433427,False,False,False,,,,synthetic (no market data)
2024-05-14,3824452.856569883,1,3795716.4386580666,28736.41791181639,0.007570749389797893,False,False,False,,,,synthetic (no market data)
2024-05-15,3803985.3891933034,1,3824452.856569883,-20467.46737657953,-0.005351737397264355,False,False,False,,,,synthetic (no market data)
2024-05-16,3840003.426202388,1,3803985.3891933034,36018.0370090846,0.009468500355287329,False,False,False,,,,synthetic (no market data)
2024-05-17,3885671.685078552,1,3840003.426202388,45668.25887616398,0.011892765137797828,False,False,False,,,,synthetic (no market data)
2024-05-20,3957406.3557169205,1,3885671.685078552,71734.67063836847,0.018461330872044143,False,False,False,,,,synthetic (no market data)
2024-05-21,3909839.97943739,1,3957406.3557169205,-47566.37627953058,-0.012019583536276374,False,False,False,,,,synthetic (no market data)
2024-05-22,3789196.2307332805,1,3909839.97943739,-120643.74870410934,-0.03085644152666051,False,False,False,,,,synthetic (no market data)
2024-05-23,3816092.922388378,1,3789196.2307332805,26896.69165509753,0.007098257788009177,False,False,False,,,,synthetic (no market data)
2024-05-24,3792878.558369031,1,3816092.922388378,-23214.36401934689,-0.006083280593916386,False,False,False,,,,synthetic (no market data)
2024-05-27,3806526.0977132046,1,3792878.558369031,13647.53934417339,0.0035982009795857907,False,False,False,,,,synthetic (no market data)
2024-05-28,3826127.4378918367,1,3806526.0977132046,19601.340178632177,0.00514940385944229,False,False,False,,,,synthetic (no market data)
2024-05-29,3882506.1961680814,1,3826127.4378918367,56378.758276244625,0.014735201373038645,False,False,False,,,,synthetic (no market data)
2024-05-30,3895058.9773504687,1,3882506.1961680814,12552.781182387378,0.0032331644943095266,False,False,False,,,,synthetic (no market data)
2024-05-31,3897173.165901396,1,3895058.9773504687,2114.1885509272106,0.000542787301353096,False,False,False,,,,synthetic (no market data)
2024-06-03,3907593.0360902203,0,3897173.165901396,10419.870188824367,0.002673699562542868,False,False,False,,,,synthetic (no market data)
2024-06-04,3904507.6114449208,0,3907593.0360902203,-3085.4246452995576,-0.000789597232056363,False,False,False,,,,synthetic (no market data)
2024-06-05,3911171.928793182,0,3904507.6114449208,6664.317348261364,0.001706826573657295,False,False,False,,,,synthetic (no market data)
2024-06-06,3937801.5046539083,0,3911171.928793182,26629.57586072618,0.00680859250003436,False,False,False,,,,synthetic (no market data)
2024-06-07,3946320.2063689292,0,3937801.5046539083,8518.701715020929,0.002163314150028401,False,False,False,,,,synthetic (no market data)
2024-06-10,4048156.018018847,1,3946320.2063689292,101835.81164991762,0.02580525814544034,False,False,False,,,,synthetic (no market data)
2024-06-11,3935113.9594153343,1,4048156.018018847,-113042.05860351259,-0.027924333474388906,False,False,False,,,,synthetic (no market data)
2024-06-12,3860210.380983713,1,3935113.9594153343,-74903.5784316212,-0.01903466562954383,False,False,False,,,,synthetic (no market data)
2024-06-13,3901867.0037418893,1,3860210.380983713,41656.62275817618,0.010791283025242954,False,False,False,,,,synthetic (no market data)
2024-06-14,3824190.9294625195,1,3901867.0037418893,-77676.07427936979,-0.019907412068345346,False,False,False,,,,synthetic (no market data)
2024-06-17,3828360.3196903737,1,3824190.9294625195,4169.390227854252,0.001090267276074589,False,False,False,,,,synthetic (no market data)
2024-06-18,3811459.9154153056,1,3828360.3196903737,-16900.404275068082,-0.004414528117466994,False,False,False,,,,synthetic (no market data)
2024-06-19,3757137.2100314447,1,3811459.9154153056,-54322.70538386097,-0.014252466663536153,False,False,False,,,,synthetic (no market data)
2024-06-20,3741407.7164690564,1,3757137.2100314447,-15729.493562388234,-0.004186563514473454,False,False,False,,,,synthetic (no market data)
2024-06-21,3754454.7447533454,1,3741407.7164690564,13047.028284288943,0.003487197673447373,False,False,False,,,,synthetic (no market data)
2024-06-24,3748120.799286757,1,3754454.7447533454,-6333.945466588251,-0.0016870480261986403,False,False,False,,,,synthetic (no market data)
2024-06-25,3924359.741281655,1,3748120.799286757,176238.94199489802,0.04702061417775946,False,False,False,,,,synthetic (no market data)
2024-06-26,3985991.351815741,1,3924359.741281655,61631.61053408589,0.015704882986583093,False,False,False,,,,synthetic (no market data)
2024-06-27,3577164.6937316405,1,3985991.351815741,-408826.6580841006,-0.10256586680697828,True,False,True,-150714.08407030208,-258522.4625129737,409.8884991751984,synthetic (no market data)
2024-06-28,3528502.209360747,1,3577164.6937316405,-48662.48437089333,-0.013603646613242572,False,False,False,,,,synthetic (no market data)
2024-07-01,3518385.9886230105,1,3528502.209360747,-10116.220737736672,-0.0028670013896829644,False,False,False,,,,synthetic (no market data)
2024-07-02,3489135.7498860434,1,3518385.9886230105,-29250.23873696709,-0.008313538887305183,False,False,False,,,,synthetic (no market data)
2024-07-03,3508286.2207465614,1,3489135.7498860434,19150.47086051805,0.0054886001099680665,False,False,False,,,,synthetic (no market data)
2024-07-04,3508015.677969228,1,3508286.2207465614,-270.5427773334086,-7.711536639557226e-05,False,False,False,,,,synthetic (no market data)
2024-07-05,3516814.128860113,1,3508015.677969228,8798.4508908852,0.0025080990789581015,False,False,False,,,,synthetic (no market data)
2024-07-08,3475468.5420135134,1,3516814.128860113,-41345.58684659982,-0.011756545933805422,False,False,False,,,,synthetic (no market data)
2024-07-09,3503163.7915650327,1,3475468.5420135134,27695.249551519286,0.007968781537430933,False,False,False,,,,synthetic (no market data)
2024-07-10,3471595.60799891,1,3503163.7915650327,-31568.18356612278,-0.009011335308424089,False,False,False,,,,synthetic (no market data)
2024-07-11,3468995.1670241556,1,3471595.60799891,-2600.4409747542813,-0.0007490621801579079,False,False,False,,,,synthetic (no market data)
2024-07-12,3468768.9664821047,1,3468995.1670241556,-226.20054205087945,-6.520635837175969e-05,False,False,False,,,,synthetic (no market data)
2024-07-15,3421740.0468107522,1,3468768.9664821047,-47028.91967135249,-0.013557812620495003,False,False,False,,,,synthetic (no market data)
2024-07-16,3441713.9163385294,1,3421740.0468107522,19973.86952777719,0.0058373427713756115,False,False,False,,,,synthetic (no market data)
2024-07-17,3433888.749126746,1,3441713.9163385294,-7825.167211783584,-0.0022736251187630363,False,False,False,,,,synthetic (no market data)
2024-07-18,3467791.035834442,1,3433888.749126746,33902.28670769604,0.009872855291633297,False,False,False,,,,synthetic (no market data)
2024-07-19,3379971.827829824,1,3467791.035834442,-87819.20800461806,-0.02532425024955013,False,False,False,,,,synthetic (no market data)
2024-07-22,3349978.317476738,1,3379971.827829824,-29993.51035308605,-0.008873893594652817,False,False,False,,,,synthetic (no market data)
2024-07-23,3387843.382005777,1,3349978.317476738,37865.06452903943,0.011303077495009,False,False,False,,,,synthetic (no market data)
2024-07-24,3342889.4284179835,1,3387843.382005777,-44953.953587793745,-0.013269194740985545,False,False,False,,,,synthetic (no market data)
2024-07-25,3351891.824495383,1,3342889.4284179835,9002.396077399608,0.0026929984584204377,False,False,False,,,,synthetic (no market data)
2024-07-26,3409047.7030484686,1,3351891.824495383,57155.878553085495,0.01705182671331887,False,False,False,,,,synthetic (no market data)
2024-07-29,3460113.383854731,1,3409047.7030484686,51065.68080626242,0.014979456216056472,False,False,False,,,,synthetic (no market data)
2024-07-30,3471439.2347304947,1,3460113.383854731,11325.850875763688,0.0032732600407291137,False,False,False,,,,synthetic (no market data)
2024-07-31,3443203.4837790313,1,3471439.2347304947,-28235.750951463357,-0.008133730433468307,False,False,False,,,,synthetic (no market data)
2024-08-01,3472924.0299831224,1,3443203.4837790313,29720.54620409105,0.008631655475520068,False,False,False,,,,synthetic (no market data)
2024-08-02,3449072.7357832687,1,3472924.0299831224,-23851.29419985367,-0.006867784608570773,False,False,False,,,,synthetic (no market data)
2024-08-05,3591314.298953847,1,3449072.7357832687,142241.56317057833,0.04124052290775362,False,False,False,,,,synthetic (no market data)
2024-08-06,3534101.112618742,1,3591314.298953847,-57213.18633510498,-0.01593098837151937,False,False,False,,,,synthetic (no market data)
2024-08-07,3613366.610256668,1,3534101.112618742,79265.49763792614,0.02242875772707901,False,False,False,,,,synthetic (no market data)
2024-08-08,3610692.8786748545,1,3613366.610256668,-2673.731581813656,-0.00073995580028447,False,False,False,,,,synthetic (no market data)
2024-08-09,3611508.169088757,1,3610692.8786748545,815.2904139026068,0.00022579888162679268,False,False,False,,,,synthetic (no market data)
2024-08-12,3571142.932847491,1,3611508.169088757,-40365.23624126613,-0.011176836477003163,False,False,False,,,,synthetic (no market data)
2024-08-13,3588514.7767033065,1,3571142.932847491,17371.843855815474,0.004864505336940921,False,False,False,,,,synthetic (no market data)
2024-08-14,3612161.2805997627,1,3588514.7767033065,23646.50389645621,0.006589496036067535,False,False,False,,,,synthetic (no market data)
2024-08-15,3609807.2410165984,1,3612161.2805997627,-2354.0395831642672,-0.0006516983601500216,False,False,False,,,,synthetic (no market data)
2024-08-16,3571418.8315619766,1,3609807.2410165984,-38388.40945462184,-0.010634476272979842,False,False,False,,,,synthetic (no market data)
2024-08-19,3566097.3157308595,1,3571418.8315619766,-5321.515831117053,-0.001490028496262832,False,False,False,,,,synthetic (no market data)
2024-08-20,3583997.563149679,1,3566097.3157308595,17900.24741881946,0.005019562236806448,False,False,False,,,,synthetic (no market data)
2024-08-21,3575885.3091860795,0,3583997.563149679,-8112.253963599447,-0.0022634652565082266,False,False,False,,,,synthetic (no market data)
2024-08-22,3568459.0626019565,0,3575885.3091860795,-7426.2465841230005,-0.002076757485774429,False,False,False,,,,synthetic (no market data)
2024-08-23,3516981.505996898,0,3568459.0626019565,-51477.55660505872,-0.014425710286143412,False,False,False,,,,synthetic (no market data)
2024-08-26,3528480.431575517,0,3516981.505996898,11498.925578619353,0.0032695439424438918,False,False,False,,,,synthetic (no market data)
2024-08-27,3533657.8563216636,0,3528480.431575517,5177.424746146426,0.001467324205574418,False,False,False,,,,synthetic (no market data)
2024-08-28,3539141.723241601,0,3533657.8563216636,5483.866919937544,0.0015518952719565035,False,False,False,,,,synthetic (no market data)
2024-08-29,3508813.4442727366,0,3539141.723241601,-30328.278968864586,-0.008569388100425108,False,False,False,,,,synthetic (no market data)
2024-08-30,3494846.4402194056,0,3508813.4442727366,-13967.00405333098,-0.0039805490588645095,False,False,False,,,,synthetic (no market data)
2024-09-02,3508982.595914075,0,3494846.4402194056,14136.155694669578,0.004044857459826508,False,False,False,,,,synthetic (no market data)
2024-09-03,3525794.6291461177,0,3508982.595914075,16812.033232042566,0.004791141811765841,False,False,False,,,,synthetic (no market data)
2024-09-04,3545579.457225427,0,3525794.6291461177,19784.828079309314,0.005611452214419203,False,False,False,,,,synthetic (no market data)
2024-09-05,3546878.515432867,0,3545579.457225427,1299.05820744019,0.0003663881244553353,False,False,False,,,,synthetic (no market data)
2024-09-06,3546348.794052603,0,3546878.515432867,-529.7213802640326,-0.00014934861116870944,False,False,False,,,,synthetic (no market data)
2024-09-09,3522195.5862370646,0,3546348.794052603,-24153.207815538626,-0.0068107254018681725,False,False,False,,,,synthetic (no market data)
2024-09-10,3542414.9529353515,0,3522195.5862370646,20219.36669828696,0.005740557616190846,False,False,False,,,,synthetic (no market data)
2024-09-11,3530239.9110568147,0,3542414.9529353515,-12175.04187853681,-0.0034369327253568087,False,False,False,,,,synthetic (no market data)
2024-09-12,3544939.5237949165,0,3530239.9110568147,14699.612738101743,0.004163913249086025,False,False,False,,,,synthetic (no market data)
2024-09-13,3529456.1827194337,0,3544939.5237949165,-15483.341075482778,-0.004367730668338061,False,False,False,,,,synthetic (no market data)
2024-09-16,3505030.991299402,0,3529456.1827194337,-24425.19142003171,-0.006920383808593477,False,False,False,,,,synthetic (no market data)
2024-09-17,3486064.3021059283,0,3505030.991299402,-18966.689193473663,-0.005411275746364297,False,False,False,,,,synthetic (no market data)
2024-09-18,3499729.803511416,0,3486064.3021059283,13665.501405487768,0.003920037102365682,False,False,False,,,,synthetic (no market data)
2024-09-19,3492936.9339922885,0,3499729.803511416,-6792.869519127533,-0.0019409697035216778,False,False,False,,,,synthetic (no market data)
2024-09-20,3494554.746327017,0,3492936.9339922885,1617.8123347284272,0.0004631667749235117,False,False,False,,,,synthetic (no market data)
2024-09-23,3511371.570145272,0,3494554.746327017,16816.823818255216,0.004812293708069873,False,False,False,,,,synthetic (no market data)
2024-09-24,3514310.122430142,0,3511371.570145272,2938.552284869831,0.0008368673682541257,False,False,False,,,,synthetic (no market data)
2024-09-25,3510866.2498695035,0,3514310.122430142,-3443.8725606384687,-0.0009799569305673668,False,False,False,,,,synthetic (no market data)
2024-09-26,3538634.794918086,0,3510866.2498695035,27768.545048582368,0.007909314417663876,False,False,False,,,,synthetic (no market data)
2024-09-27,3528689.172005876,0,3538634.794918086,-9945.622912209947,-0.002810581901950742,False,False,False,,,,synthetic (no market data)
2024-09-30,3518481.071015263,0,3528689.172005876,-10208.100990612991,-0.0028928875548452507,False,False,False,,,,synthetic (no market data)
2024-10-01,3519209.480924494,0,3518481.071015263,728.4099092311226,0.00020702396702703841,False,False,False,,,,synthetic (no market data)
2024-10-02,3503528.8492169203,0,3519209.480924494,-15680.631707573775,-0.004455725580579671,False,False,False,,,,synthetic (no market data)
2024-10-03,3500886.403978505,0,3503528.8492169203,-2642.445238415152,-0.0007542239131285501,False,False,False,,,,synthetic (no market data)
2024-10-04,3515307.179767282,0,3500886.403978505,14420.775788777042,0.004119178437891864,False,False,False,,,,synthetic (no market data)
2024-10-07,3531582.2125797016,0,3515307.179767282,16275.032812419347,0.004629761207240153,False,False,False,,,,synthetic (no market data)
2024-10-08,3523760.8060638304,0,3531582.2125797016,-7821.406515871175,-0.002214703225090122,False,False,False,,,,synthetic (no market data)
2024-10-09,3534218.6625967524,0,3523760.8060638304,10457.856532922015,0.0029678111280781916,False,False,False,,,,synthetic (no market data)
2024-10-10,3519875.2822352913,0,3534218.6625967524,-14343.38036146108,-0.0040584303719686495,False,False,False,,,,synthetic (no market data)
2024-10-11,3547739.665948849,0,3519875.2822352913,27864.38371355785,0.007916298584267628,False,False,False,,,,synthetic (no market data)
2024-10-14,3564076.410802086,0,3547739.665948849,16336.744853236713,0.004604831918766909,False,False,False,,,,synthetic (no market data)
2024-10-15,3557121.075158326,0,3564076.410802086,-6955.335643759929,-0.0019515113712712598,False,False,False,,,,synthetic (no market data)
2024-10-16,3527086.3543873997,0,3557121.075158326,-30034.720770926215,-0.008443547502692014,False,False,False,,,,synthetic (no market data)
2024-10-17,3581146.737904682,0,3527086.3543873997,54060.38351728208,0.015327207242894833,False,False,False,,,,synthetic (no market data)
2024-10-18,3585822.5058557573,0,3581146.737904682,4675.767951075453,0.0013056622063499221,False,False,False,,,,synthetic (no market data)
2024-10-21,3566345.5141586005,0,3585822.5058557573,-19476.991697156802,-0.005431666421121035,False,False,False,,,,synthetic (no market data)
2024-10-22,3575822.1818239116,0,3566345.5141586005,9476.667665311135,0.0026572488918104567,False,False,False,,,,synthetic (no market data)
2024-10-23,3606234.5471850345,0,3575822.1818239116,30412.36536112288,0.008504999358108604,False,False,False,,,,synthetic (no market data)
2024-10-24,3608942.0888742483,0,3606234.5471850345,2707.541689213831,0.0007507946734433267,False,False,False,,,,synthetic (no market data)
2024-10-25,3628752.4336958393,0,3608942.0888742483,19810.34482159093,0.005489238766857146,False,False,False,,,,synthetic (no market data)
2024-10-28,3610190.0829703873,0,3628752.4336958393,-18562.35072545195,-0.005115353296930875,False,False,False,,,,synthetic (no market data)
2024-10-29,3546144.978476223,0,3610190.0829703873,-64045.10449416423,-0.017740092078882806,False,False,False,,,,synthetic (no market data)
2024-10-30,3566200.7184726475,0,3546144.978476223,20055.73999642441,0.005655645812045269,False,False,False,,,,synthetic (no market data)
2024-10-31,3590200.3933992954,0,3566200.7184726475,23999.674926647916,0.006729759994251426,False,False,False,,,,synthetic (no market data)
2024-11-01,3602736.6948870197,0,3590200.3933992954,12536.301487724297,0.0034918110729341765,False,False,False,,,,synthetic (no market data)
2024-11-04,3591575.595636504,0,3602736.6948870197,-11161.099250515923,-0.003097950307152805,False,False,False,,,,synthetic (no market data)
2024-11-05,3612867.9995363033,0,3591575.595636504,21292.403899799567,0.00592842983053684,False,False,False,,,,synthetic (no market data)
2024-11-06,3609609.7729100217,0,3612867.9995363033,-3258.2266262816265,-0.0009018393771097661,False,False,False,,,,synthetic (no market data)
2024-11-07,3626519.802935462,0,3609609.7729100217,16910.03002544027,0.004684725244360034,False,False,False,,,,synthetic (no market data)
2024-11-08,3622300.258614738,0,3626519.802935462,-4219.544320723973,-0.0011635244118365193,False,False,False,,,,synthetic (no market data)
2024-11-11,3647584.49933965,0,3622300.258614738,25284.240724911913,0.006980161477442311,False,False,False,,,,synthetic (no market data)
2024-11-12,3639260.116422642,0,3647584.49933965,-8324.382917007897,-0.0022821631461902867,False,False,False,,,,synthetic (no market data)
2024-11-13,3658891.034576655,0,3639260.116422642,19630.918154012877,0.005394205834704084,False,False,False,,,,synthetic (no market data)
2024-11-14,3632559.3362473077,0,3658891.034576655,-26331.698329347186,-0.007196633646783046,False,False,False,,,,synthetic (no market data)
2024-11-15,3597466.726072001,0,3632559.3362473077,-35092.61017530691,-0.009660574522523856,False,False,False,,,,synthetic (no market data)
2024-11-18,3571612.6597080086,0,3597466.726072001,-25854.06636399217,-0.00718674231970498,False,False,False,,,,synthetic (no market data)
2024-11-19,3582600.820430132,0,3571612.6597080086,10988.160722123459,0.0030765264235069036,False,False,False,,,,synthetic (no market data)
2024-11-20,3580383.370472251,0,3582600.820430132,-2217.449957881123,-0.0006189497711371854,False,False,False,,,,synthetic (no market data)
2024-11-21,3570116.021451364,0,3580383.370472251,-10267.349020887166,-0.0028676674977218732,False,False,False,,,,synthetic (no market data)
2024-11-22,3585575.120052483,0,3570116.021451364,15459.098601119127,0.004330138994988325,False,False,False,,,,synthetic (no market data)
2024-11-25,3513182.970720044,0,3585575.120052483,-72392.14933243906,-0.02018982922086414,False,False,False,,,,synthetic (no market data)
2024-11-26,3535992.6600118955,0,3513182.970720044,22809.689291851595,0.006492599298685727,False,False,False,,,,synthetic (no market data)
2024-11-27,3536149.349926109,0,3535992.6600118955,156.68991421349347,4.4312850528645145e-05,False,False,False,,,,synthetic (no market data)
2024-11-28,3539440.793612261,0,3536149.349926109,3291.443686151877,0.0009307988324137539,False,False,False,,,,synthetic (no market data)
2024-11-29,3564074.1635775766,0,3539440.793612261,24633.369965315796,0.00695967849208621,False,False,False,,,,synthetic (no market data)
2024-12-02,3558987.276071533,0,3564074.1635775766,-5086.887506043538,-0.001427267579902821,False,False,False,,,,synthetic (no market data)
2024-12-03,3551021.189225168,0,3558987.276071533,-7966.086846365128,-0.002238301580880677,False,False,False,,,,synthetic (no market data)
2024-12-04,3565386.378791943,0,3551021.189225168,14365.189566775225,0.004045368585905202,False,False,False,,,,synthetic (no market data)
2024-12-05,3557368.902456678,0,3565386.378791943,-8017.476335265208,-0.002248697752074142,False,False,False,,,,synthetic (no market data)
2024-12-06,3601219.7749475217,0,3557368.902456678,43850.87249084376,0.01232677118770585,False,False,False,,,,synthetic (no market data)
2024-12-09,3578487.816662031,0,3601219.7749475217,-22731.958285490517,-0.006312294085362167,False,False,False,,,,synthetic (no market data)
2024-12-10,3580669.7969649853,0,3578487.816662031,2181.9803029540926,0.0006097492613484476,False,False,False,,,,synthetic (no market data)
2024-12-11,3568084.54117031,0,3580669.7969649853,-12585.25579467509,-0.0035147769853959973,False,False,False,,,,synthetic (no market data)
2024-12-12,3563582.805027431,0,3568084.54117031,-4501.736142879352,-0.0012616674551670824,False,False,False,,,,synthetic (no market data)
2024-12-13,3543872.1498919507,0,3563582.805027431,-19710.65513548022,-0.005531134314508653,False,False,False,,,,synthetic (no market data)
2024-12-16,3550423.903973286,0,3543872.1498919507,6551.754081335384,0.00184875576889396,False,False,False,,,,synthetic (no market data)
2024-12-17,3542461.5069619953,0,3550423.903973286,-7962.39701129077,-0.0022426609403964513,False,False,False,,,,synthetic (no market data)
2024-12-18,3551008.7577157393,0,3542461.5069619953,8547.25075374404,0.00241279989548119,False,False,False,,,,synthetic (no market data)
2024-12-19,3551747.911356191,0,3551008.7577157393,739.153640451841,0.00020815314489038803,False,False,False,,,,synthetic (no market data)
2024-12-20,3530084.8708135793,0,3551747.911356191,-21663.040542611852,-0.006099261851706161,False,False,False,,,,synthetic (no market data)
2024-12-23,3532088.9189280407,0,3530084.8708135793,2004.0481144613586,0.0005677053634122642,False,False,False,,,,synthetic (no market data)
2024-12-24,3519079.912498693,0,3532088.9189280407,-13009.006429347675,-0.0036830914305792163,False,False,False,,,,synthetic (no market data)
2024-12-25,3572512.515649926,1,3519079.912498693,53432.603151232935,0.01518368564506214,False,False,False,,,,synthetic (no market data)
2024-12-26,3440828.256607341,1,3572512.515649926,-131684.2590425848,-0.03686040523741266,False,False,False,,,,synthetic (no market data)
2024-12-27,3518801.3285204433,1,3440828.256607341,77973.07191310218,0.022661134499628782,False,False,False,,,,synthetic (no market data)
2024-12-30,3513395.141880553,1,3518801.3285204433,-5406.186639890075,-0.0015363716604492768,False,False,False,,,,synthetic (no market data)
2024-12-31,3522594.827529399,1,3513395.141880553,9199.685648845974,0.0026184602862295244,False,False,False,,,,synthetic (no market data)
2025-01-01,3535688.130647426,1,3522594.827529399,13093.303118026815,0.0037169483744487045,False,False,False,,,,synthetic (no market data)
2025-01-02,3572993.6978536984,1,3535688.130647426,37305.56720627239,0.010551147563866528,False,False,False,,,,synthetic (no market data)
2025-01-03,3535355.3043108517,1,3572993.6978536984,-37638.393542846665,-0.01053413376168452,False,False,False,,,,synthetic (no market data)
2025-01-06,3460168.084694712,1,3535355.3043108517,-75187.21961613977,-0.02126723147867483,False,False,False,,,,synthetic (no market data)
2025-01-07,3392005.0923130857,1,3460168.084694712,-68162.99238162627,-0.019699329834041934,False,False,False,,,,synthetic (no market data)
2025-01-08,3418637.146116475,1,3392005.0923130857,26632.053803389426,0.007851419169075722,False,False,False,,,,synthetic (no market data)
2025-01-09,3432577.896451426,1,3418637.146116475,13940.750334951095,0.004077867799098713,False,False,False,,,,synthetic (no market data)
2025-01-10,3475309.6809230745,1,3432577.896451426,42731.78447164828,0.012448889948229314,False,False,False,,,,synthetic (no market data)
2025-01-13,3489041.236786556,1,3475309.6809230745,13731.55586348148,0.00395117475108988,False,False,False,,,,synthetic (no market data)
2025-01-14,3522679.671122723,1,3489041.236786556,33638.43433616683,0.009641168462413526,False,False,False,,,,synthetic (no market data)
2025-01-15,3610754.4358837525,1,3522679.671122723,88074.76476102974,0.025002206554012103,False,False,False,,,,synthetic (no market data)
2025-01-16,3700453.971760068,1,3610754.4358837525,89699.53587631555,0.02484232518968327,False,False,False,,,,synthetic (no market data)
2025-01-17,3692987.958960924,1,3700453.971760068,-7466.012799144257,-0.0020175937482592586,False,False,False,,,,synthetic (no market data)
2025-01-20,3805870.8419527235,1,3692987.958960924,112882.88299179962,0.030566815880862193,False,False,False,,,,synthetic (no market data)
2025-01-21,3791538.137416316,1,3805870.8419527235,-14332.704536407255,-0.0037659461215592393,False,False,False,,,,synthetic (no market data)
2025-01-22,3767647.945230741,1,3791538.137416316,-23890.192185575143,-0.006300923614566287,False,False,False,,,,synthetic (no market data)
2025-01-23,3781478.7362520793,1,3767647.945230741,13830.791021338198,0.0036709350826809174,False,False,False,,,,synthetic (no market data)
2025-01-24,3722222.961412998,1,3781478.7362520793,-59255.774839081336,-0.01567000080445018,False,False,False,,,,synthetic (no market data)
2025-01-27,3709247.8800094817,1,3722222.961412998,-12975.081403516233,-0.0034858420728753835,False,False,False,,,,synthetic (no market data)
2025-01-28,3688468.9567616875,1,3709247.8800094817,-20778.923247794155,-0.005601923602835904,False,False,False,,,,synthetic (no market data)
2025-01-29,3718855.164922754,1,3688468.9567616875,30386.208161066286,0.008238162911839722,False,False,False,,,,synthetic (no market data)
2025-01-30,3730333.4243592587,1,3718855.164922754,11478.259436504915,0.0030865034876246212,False,False,False,,,,synthetic (no market data)
2025-01-31,3672700.1488312385,1,3730333.4243592587,-57633.275528020225,-0.015449899237336837,False,False,False,,,,synthetic (no market data)
2025-02-03,3724885.7807940445,1,3672700.1488312385,52185.63196280599,0.014209064134847217,False,False,False,,,,synthetic (no market data)
2025-02-04,3748734.2933924557,1,3724885.7807940445,23848.51259841118,0.006402481579804931,False,False,False,,,,synthetic (no market data)
2025-02-05,3815151.639171209,1,3748734.2933924557,66417.34577875352,0.017717272172589338,False,False,False,,,,synthetic (no market data)
2025-02-06,3904866.4370542276,1,3815151.639171209,89714.79788301839,0.02351539502700022,False,False,False,,,,synthetic (no market data)
2025-02-07,3946837.132974124,1,3904866.4370542276,41970.695919896476,0.010748305120407278,False,False,False,,,,synthetic (no market data)
2025-02-10,3932235.3800703827,1,3946837.132974124,-14601.752903741319,-0.0036996086769707226,False,False,False,,,,synthetic (no market data)
2025-02-11,4002241.9600718254,1,3932235.3800703827,70006.5800014427,0.017803252662914,False,False,False,,,,synthetic (no market data)
2025-02-12,3940334.8534803465,1,4002241.9600718254,-61907.10659147892,-0.015468106928339715,False,False,False,,,,synthetic (no market data)
2025-02-13,3992530.4309402,1,3940334.8534803465,52195.57745985361,0.013246482697720793,False,False,False,,,,synthetic (no market data)
2025-02-14,3983341.0639430224,1,3992530.4309402,-9189.366997177713,-0.0023016398136791938,False,False,False,,,,synthetic (no market data)
2025-02-17,3881755.962441177,1,3983341.0639430224,-101585.10150184529,-0.025502486448220032,False,False,False,,,,synthetic (no market data)
2025-02-18,3922172.369373126,1,3881755.962441177,40416.40693194885,0.010411887641316737,False,False,False,,,,synthetic (no market data)
2025-02-19,3823238.1961920033,1,3922172.369373126,-98934.17318112263,-0.025224330769770608,False,False,False,,,,synthetic (no market data)
2025-02-20,3785818.223521478,1,3823238.1961920033,-37419.97267052531,-0.00978750753949783,False,False,False,,,,synthetic (no market data)
2025-02-21,3686599.0354332947,1,3785818.223521478,-99219.18808818329,-0.026208122585424074,False,False,False,,,,synthetic (no market data)
2025-02-24,3671789.4606870012,0,3686599.0354332947,-14809.574746293481,-0.004017137368060119,False,False,False,,,,synthetic (no market data)
2025-02-25,3661038.733531116,0,3671789.4606870012,-10750.727155885193,-0.0029279258168233057,False,False,False,,,,synthetic (no market data)
2025-02-26,3646029.626339568,0,3661038.733531116,-15009.107191548217,-0.004099685440113263,False,False,False,,,,synthetic (no market data)
2025-02-27,3646761.972748118,0,3646029.626339568,732.3464085501619,0.0002008613433252327,False,False,False,,,,synthetic (no market data)
2025-02-28,3625673.238383593,0,3646761.972748118,-21088.73436452495,-0.005782865600255493,False,False,False,,,,synthetic (no market data)
2025-03-03,3596858.963878492,0,3625673.238383593,-28814.274505101144,-0.007947289402711647,False,False,False,,,,synthetic (no market data)
2025-03-04,3656129.6671832968,0,3596858.963878492,59270.70330480486,0.016478461874661128,False,False,False,,,,synthetic (no market data)
2025-03-05,3648137.5881180773,0,3656129.6671832968,-7992.079065219499,-0.002185939721163293,False,False,False,,,,synthetic (no market data)
2025-03-06,3647564.5872174026,0,3648137.5881180773,-573.0009006746113,-0.00015706669138271145,False,False,False,,,,synthetic (no market data)
2025-03-07,3653254.2744119763,0,3647564.5872174026,5689.687194573693,0.001559859204279136,False,False,False,,,,synthetic (no market data)
2025-03-10,3652227.2406039108,0,3653254.2744119763,-1027.0338080655783,-0.0002811284763995489,False,False,False,,,,synthetic (no market data)
2025-03-11,3620586.967499375,1,3652227.2406039108,-31640.27310453588,-0.008663281614236039,False,False,False,,,,synthetic (no market data)
2025-03-12,3635433.5767326425,1,3620586.967499375,14846.609233267605,0.004100608372769371,False,False,False,,,,synthetic (no market data)
2025-03-13,3620204.4940484785,1,3635433.5767326425,-15229.082684163935,-0.004189069161277628,False,False,False,,,,synthetic (no market data)
2025-03-14,3678090.5222539585,1,3620204.4940484785,57886.02820547996,0.015989712266432206,False,False,False,,,,synthetic (no market data)
2025-03-17,3679178.81287665,1,3678090.5222539585,1088.2906226916239,0.0002958846760586828,False,False,False,,,,synthetic (no market data)
2025-03-18,3702372.8850397263,1,3679178.81287665,23194.07216307614,0.00630414376216233,False,False,False,,,,synthetic (no market data)
2025-03-19,3705790.3534885836,1,3702372.8850397263,3417.468448857311,0.0009230481518126832,False,False,False,,,,synthetic (no market data)
2025-03-20,3696933.658474159,1,3705790.3534885836,-8856.695014424622,-0.0023899611606703662,False,False,False,,,,synthetic (no market data)
2025-03-21,3731919.073059968,1,3696933.658474159,34985.41458580922,0.009463360129715935,False,False,False,,,,synthetic (no market data)
2025-03-24,3791838.467518875,1,3731919.073059968,59919.394458906725,0.01605592010058678,False,False,False,,,,synthetic (no market data)
2025-03-25,3779903.2124899365,1,3791838.467518875,-11935.255028938409,-0.00314761694918614,False,False,False,,,,synthetic (no market data)
2025-03-26,3788475.2652096306,1,3779903.2124899365,8572.052719694097,0.002267796882039058,False,False,False,,,,synthetic (no market data)
2025-03-27,3738952.9164363625,1,3788475.2652096306,-49522.34877326805,-0.013071841653037108,False,False,False,,,,synthetic (no market data)
2025-03-28,3792866.6284386753,1,3738952.9164363625,53913.712002312765,0.014419468018789208,False,False,False,,,,synthetic (no market data)
2025-03-31,3780079.461119869,0,3792866.6284386753,-12787.167318806518,-0.003371372782509446,False,False,False,,,,synthetic (no market data)
2025-04-01,3754905.1838569706,0,3780079.461119869,-25174.277262898162,-0.006659721712685941,False,False,False,,,,synthetic (no market data)
2025-04-02,3738640.071919926,0,3754905.1838569706,-16265.111937044654,-0.004331697111013979,False,False,False,,,,synthetic (no market data)
2025-04-03,3749837.3988341484,0,3738640.071919926,11197.326914222445,0.002995026720631124,False,False,False,,,,synthetic (no market data)
2025-04-04,3757071.6627549343,0,3749837.3988341484,7234.263920785859,0.001929220697152107,False,False,False,,,,synthetic (no market data)
2025-04-07,3754281.6636292976,0,3757071.6627549343,-2789.9991256366484,-0.0007425993901832674,False,False,False,,,,synthetic (no market data)
2025-04-08,3718156.152754185,0,3754281.6636292976,-36125.51087511284,-0.00962248283741982,False,False,False,,,,synthetic (no market data)
2025-04-09,3734573.036789297,0,3718156.152754185,16416.884035112336,0.00441532936236465,False,False,False,,,,synthetic (no market data)
2025-04-10,3726451.6730800117,0,3734573.036789297,-8121.36370928539,-0.002174643159815539,False,False,False,,,,synthetic (no market data)
2025-04-11,3728266.847714589,0,3726451.6730800117,1815.1746345772408,0.0004871053736427368,False,False,False,,,,synthetic (no market data)
2025-04-14,3737058.6520370804,0,3728266.847714589,8791.8043224914,0.0023581478154871714,False,False,False,,,,synthetic (no market data)
2025-04-15,3757880.8538072207,0,3737058.6520370804,20822.201770140324,0.005571815619963601,False,False,False,,,,synthetic (no market data)
2025-04-16,3744279.3450674545,0,3757880.8538072207,-13601.5087397662,-0.0036194624760351587,False,False,False,,,,synthetic (no market data)
2025-04-17,3742351.968414501,0,3744279.3450674545,-1927.3766529536806,-0.0005147523662978619,False,False,False,,,,synthetic (no market data)
2025-04-18,3777532.851698133,0,3742351.968414501,35180.88328363234,0.00940074145365253,False,False,False,,,,synthetic (no market data)
2025-04-21,3728475.5505649773,0,3777532.851698133,-49057.30113315582,-0.012986598147280929,False,False,False,,,,synthetic (no market data)
2025-04-22,3747995.904998259,0,3728475.5505649773,19520.354433281813,0.005235478728115539,False,False,False,,,,synthetic (no market data)
2025-04-23,3720025.798977103,0,3747995.904998259,-27970.10602115607,-0.0074626831859276165,False,False,False,,,,synthetic (no market data)
2025-04-24,3715504.9854221297,0,3720025.798977103,-4520.8135549733415,-0.0012152640329044038,False,False,False,,,,synthetic (no market data)
2025-04-25,3716334.839928368,0,3715504.9854221297,829.8545062383637,0.00022334904932016432,False,False,False,,,,synthetic (no market data)
2025-04-28,3736617.878293401,0,3716334.839928368,20283.03836503299,0.005457807016502297,False,False,False,,,,synthetic (no market data)
2025-04-29,3722282.0234264703,0,3736617.878293401,-14335.85486693075,-0.003836585739796937,False,False,False,,,,synthetic (no market data)
2025-04-30,3718675.1135189966,0,3722282.0234264703,-3606.909907473717,-0.0009690050041274009,False,False,False,,,,synthetic (no market data)
2025-05-01,3741904.500655924,0,3718675.1135189966,23229.38713692734,0.006246683678409669,False,False,False,,,,synthetic (no market data)
2025-05-02,3711808.1887370055,0,3741904.500655924,-30096.31191891851,-0.008043046505768087,False,False,False,,,,synthetic (no market data)
2025-05-05,3707543.1632463094,0,3711808.1887370055,-4265.025490696076,-0.0011490425350204614,False,False,False,,,,synthetic (no market data)
2025-05-06,3729734.870147889,0,3707543.1632463094,22191.70690157963,0.005985555912489678,False,False,False,,,,synthetic (no market data)
2025-05-07,3719714.345984363,0,3729734.870147889,-10020.524163526017,-0.0026866585728997647,False,False,False,,,,synthetic (no market data)
2025-05-08,3731886.297363565,0,3719714.345984363,12171.95137920184,0.003272281214911606,False,False,False,,,,synthetic (no market data)
2025-05-09,3760833.8113141414,0,3731886.297363565,28947.51395057654,0.007756804908827703,False,False,False,,,,synthetic (no market data)
2025-05-12,3777803.9188412605,0,3760833.8113141414,16970.107527119108,0.004512325824147298,False,False,False,,,,synthetic (no market data)
2025-05-13,3739757.496601445,0,3777803.9188412605,-38046.42223981535,-0.010071042080840729,False,False,False,,,,synthetic (no market data)
2025-05-14,3747331.844921488,0,3739757.496601445,7574.3483200427145,0.0020253581487371854,False,False,False,,,,synthetic (no market data)
2025-05-15,3720604.6983368383,0,3747331.844921488,-26727.14658464957,-0.007132313787707676,False,False,False,,,,synthetic (no market data)
2025-05-16,3735305.1860372205,0,3720604.6983368383,14700.487700382248,0.00395110174078788,False,False,False,,,,synthetic (no market data)
2025-05-19,3730539.7651573494,0,3735305.1860372205,-4765.420879871119,-0.0012757781874649836,False,False,False,,,,synthetic (no market data)
2025-05-20,3734383.56661318,0,3730539.7651573494,3843.8014558306895,0.001030360671056555,False,False,False,,,,synthetic (no market data)
2025-05-21,3725510.4375648582,0,3734383.56661318,-8873.129048321862,-0.002376062579015995,False,False,False,,,,synthetic (no market data)
2025-05-22,3682072.5744129606,0,3725510.4375648582,-43437.863151897676,-0.011659573602024423,False,False,False,,,,synthetic (no market data)
2025-05-23,3676133.9363193526,0,3682072.5744129606,-5938.638093607966,-0.0016128519939764558,False,False,False,,,,synthetic (no market data)
2025-05-26,3665940.7493488486,0,3676133.9363193526,-10193.186970504,-0.002772800759460278,False,False,False,,,,synthetic (no market data)
2025-05-27,3615452.744290683,0,3665940.7493488486,-50488.00505816564,-0.013772182506532168,False,False,False,,,,synthetic (no market data)
2025-05-28,3633451.418874871,0,3615452.744290683,17998.674584188033,0.004978262988670095,False,False,False,,,,synthetic (no market data)
2025-05-29,3651197.2362865442,0,3633451.418874871,17745.817411673255,0.004884011196486121,False,False,False,,,,synthetic (no market data)
2025-05-30,3637917.147720898,0,3651197.2362865442,-13280.088565646205,-0.0036371873953193338,False,False,False,,,,synthetic (no market data)
2025-06-02,3641654.53421968,0,3637917.147720898,3737.3864987818524,0.0010273423904453873,False,False,False,,,,synthetic (no market data)
2025-06-03,3658729.23154325,0,3641654.53421968,17074.697323570028,0.0046887196913171034,False,False,False,,,,synthetic (no market data)
2025-06-04,3654221.918189778,0,3658729.23154325,-4507.313353471924,-0.0012319341137935866,False,False,False,,,,synthetic (no market data)
2025-06-05,3673488.8227422093,0,3654221.918189778,19266.90455243131,0.005272505333221721,False,False,False,,,,synthetic (no market data)
2025-06-06,3660434.6187943853,0,3673488.8227422093,-13054.20394782396,-0.0035536256070813834,False,False,False,,,,synthetic (no market data)
2025-06-09,3642704.9606853677,0,3660434.6187943853,-17729.658109017648,-0.004843593713704182,False,False,False,,,,synthetic (no market data)
2025-06-10,3636097.170224745,0,3642704.9606853677,-6607.790460622869,-0.0018139790435785462,False,False,False,,,,synthetic (no market data)
2025-06-11,3627614.3164747674,0,3636097.170224745,-8482.853749977425,-0.0023329557360132662,False,False,False,,,,synthetic (no market data)
2025-06-12,3611760.6708833296,0,3627614.3164747674,-15853.645591437817,-0.0043702676768692505,False,False,False,,,,synthetic (no market data)
2025-06-13,3631997.0559298326,0,3611760.6708833296,20236.38504650304,0.00560291417137388,False,False,False,,,,synthetic (no market data)
2025-06-16,3603955.381757217,0,3631997.0559298326,-28041.674172615632,-0.007720731526153907,False,False,False,,,,synthetic (no market data)
2025-06-17,3481413.3135421537,1,3603955.381757217,-122542.06821506331,-0.03400210469734346,False,False,False,,,,synthetic (no market data)
2025-06-18,3419910.2019148082,0,3481413.3135421537,-61503.11162734544,-0.017666133287911535,False,False,False,,,,synthetic (no market data)
2025-06-19,3431894.289809046,0,3419910.2019148082,11984.0878942376,0.003504211276520567,False,False,False,,,,synthetic (no market data)
2025-06-20,3438689.25341112,0,3431894.289809046,6794.963602073956,0.0019799454844082725,False,False,False,,,,synthetic (no market data)
2025-06-23,3459292.778946119,0,3438689.25341112,20603.52553499909,0.005991679973571544,False,False,False,,,,synthetic (no market data)
2025-06-24,3485096.85601683,0,3459292.778946119,25804.07707071118,0.0074593504278560804,False,False,False,,,,synthetic (no market data)
2025-06-25,3491781.2676911023,0,3485096.85601683,6684.411674272269,0.0019179988248338052,False,False,False,,,,synthetic (no market data)
2025-06-26,3519370.294084088,0,3491781.2676911023,27589.0263929856,0.00790113248165413,False,False,False,,,,synthetic (no market data)
2025-06-27,3522809.23966924,0,3519370.294084088,3438.9455851521343,0.0009771479832437228,False,False,False,,,,synthetic (no market data)
2025-06-30,3547990.2773971357,0,3522809.23966924,25181.03772789566,0.007147999228666702,False,False,False,,,,synthetic (no market data)
2025-07-01,3536270.0044377223,0,3547990.2773971357,-11720.272959413473,-0.0033033554330965244,False,False,False,,,,synthetic (no market data)
2025-07-02,3528848.4591730116,0,3536270.0044377223,-7421.545264710672,-0.002098693045326645,False,False,False,,,,synthetic (no market data)
2025-07-03,3523604.4163806275,0,3528848.4591730116,-5244.042792384047,-0.0014860493027838869,False,False,False,,,,synthetic (no market data)
2025-07-04,3568148.305942982,0,3523604.4163806275,44543.88956235442,0.012641569341688183,False,False,False,,,,synthetic (no market data)
2025-07-07,3551934.482364514,0,3568148.305942982,-16213.823578468058,-0.004544044189941008,False,False,False,,,,synthetic (no market data)
2025-07-08,3571928.7193074813,0,3551934.482364514,19994.2369429674,0.005629111978906009,False,False,False,,,,synthetic (no market data)
2025-07-09,3560366.331487459,0,3571928.7193074813,-11562.38782002218,-0.0032370152734357686,False,False,False,,,,synthetic (no market data)
2025-07-10,3549872.4719638894,0,3560366.331487459,-10493.8595235697,-0.002947410054623662,False,False,False,,,,synthetic (no market data)
2025-07-11,3551853.5137738204,0,3549872.4719638894,1981.0418099309318,0.0005580599938664737,False,False,False,,,,synthetic (no market data)
2025-07-14,3569620.40572678,0,3551853.5137738204,17766.89195295982,0.005002146593056598,False,False,False,,,,synthetic (no market data)
2025-07-15,3666172.436799355,0,3569620.40572678,96552.03107257467,0.027048262867859902,False,False,False,,,,synthetic (no market data)
2025-07-16,3674443.009872768,0,3666172.436799355,8270.573073413223,0.0022559149128930788,False,False,False,,,,synthetic (no market data)
2025-07-17,3642758.7808876717,0,3674443.009872768,-31684.228985096328,-0.008622865805773766,False,False,False,,,,synthetic (no market data)
2025-07-18,3630161.2354528164,0,3642758.7808876717,-12597.54543485539,-0.003458243104361032,False,False,False,,,,synthetic (no market data)
2025-07-21,3617492.520780585,0,3630161.2354528164,-12668.714672231581,-0.0034898490316371085,False,False,False,,,,synthetic (no market data)
2025-07-22,3665579.952953254,0,3617492.520780585,48087.4321726691,0.013293028775161852,False,False,False,,,,synthetic (no market data)
2025-07-23,3639376.189106879,0,3665579.952953254,-26203.763846375048,-0.007148599725744194,False,False,False,,,,synthetic (no market data)
2025-07-24,3685012.1115991888,0,3639376.189106879,45635.92249230994,0.012539490319495996,False,False,False,,,,synthetic (no market data)
2025-07-25,3701919.140192767,0,3685012.1115991888,16907.028593578376,0.004588052381255598,False,False,False,,,,synthetic (no market data)
2025-07-28,3713520.4496053355,0,3701919.140192767,11601.309412568342,0.003133863537593162,False,False,False,,,,synthetic (no market data)
2025-07-29,3698071.5051779286,0,3713520.4496053355,-15448.944427406881,-0.004160188327237772,False,False,False,,,,synthetic (no market data)
2025-07-30,3715315.570684451,0,3698071.5051779286,17244.065506522544,0.004662988663788118,False,False,False,,,,synthetic (no market data)
2025-07-31,3740679.4071943117,0,3715315.570684451,25363.836509860586,0.006826832345008032,False,False,False,,,,synthetic (no market data)
2025-08-01,3771428.6899106726,0,3740679.4071943117,30749.282716360874,0.008220240060461183,False,False,False,,,,synthetic (no market data)
2025-08-04,3749139.650168379,0,3771428.6899106726,-22289.039742293768,-0.005909972473275556,False,False,False,,,,synthetic (no market data)
2025-08-05,3725451.738329874,0,3749139.650168379,-23687.91183850495,-0.006318226059528377,False,False,False,,,,synthetic (no market data)
2025-08-06,3719414.5496627023,0,3725451.738329874,-6037.188667171635,-0.0016205252654482424,False,False,False,,,,synthetic (no market data)
2025-08-07,3766414.9833182497,0,3719414.5496627023,47000.433655547444,0.012636513899696852,False,False,False,,,,synthetic (no market data)
2025-08-08,3719386.058147716,0,3766414.9833182497,-47028.925170533825,-0.012486389677937419,False,False,False,,,,synthetic (no market data)
2025-08-11,3726413.416410531,0,3719386.058147716,7027.358262815047,0.0018893866226714652,False,False,False,,,,synthetic (no market data)
2025-08-12,3730728.6149209724,0,3726413.416410531,4315.198510441463,0.0011580031596703727,False,False,False,,,,synthetic (no market data)
2025-08-13,3751843.8917900645,0,3730728.6149209724,21115.276869092137,0.005659826550942896,False,False,False,,,,synthetic (no market data)
2025-08-14,3720547.3577575274,0,3751843.8917900645,-31296.534032537136,-0.008341640786553372,False,False,False,,,,synthetic (no market data)
2025-08-15,3712347.068924723,0,3720547.3577575274,-8200.288832804188,-0.0022040544157316466,False,False,False,,,,synthetic (no market data)
2025-08-18,3725172.6541838986,0,3712347.068924723,12825.585259175394,0.0034548454174814828,False,False,False,,,,synthetic (no market data)
2025-08-19,3684606.948141809,0,3725172.6541838986,-40565.7060420895,-0.010889617692358083,False,False,False,,,,synthetic (no market data)
2025-08-20,3687302.784525905,0,3684606.948141809,2695.836384095717,0.0007316482930303487,False,False,False,,,,synthetic (no market data)
2025-08-21,3697060.463103345,0,3687302.784525905,9757.678577440325,0.0026462916520957527,False,False,False,,,,synthetic (no market data)
2025-08-22,3720265.6510245935,0,3697060.463103345,23205.187921248376,0.0062766590248756,False,False,False,,,,synthetic (no market data)
2025-08-25,3702307.840336455,0,3720265.6510245935,-17957.810688138474,-0.00482702375922879,False,False,False,,,,synthetic (no market data)
2025-08-26,3710051.7499792655,0,3702307.840336455,7743.909642810468,0.0020916439088184313,False,False,False,,,,synthetic (no market data)
2025-08-27,3685237.0345293935,0,3710051.7499792655,-24814.71544987196,-0.006688509250581382,False,False,False,,,,synthetic (no market data)
2025-08-28,3683670.813348015,0,3685237.0345293935,-1566.2211813786998,-0.0004249987630927808,False,False,False,,,,synthetic (no market data)
2025-08-29,3661667.7166198986,0,3683670.813348015,-22003.096728116274,-0.0059731441388265905,False,False,False,,,,synthetic (no market data)
2025-09-01,3657745.320443035,0,3661667.7166198986,-3922.3961768634617,-0.0010712048390027708,False,False,False,,,,synthetic (no market data)
2025-09-02,3771741.8084391444,0,3657745.320443035,113996.4879961093,0.0311657805585824,False,False,False,,,,synthetic (no market data)
2025-09-03,3724325.1937056994,0,3771741.8084391444,-47416.61473344499,-0.012571543107047233,False,False,False,,,,synthetic (no market data)
2025-09-04,3739836.491843428,0,3724325.1937056994,15511.29813772859,0.004164861372455735,False,False,False,,,,synthetic (no market data)
2025-09-05,3773606.948064225,0,3739836.491843428,33770.4562207968,0.00902992852614013,False,False,False,,,,synthetic (no market data)
2025-09-08,3786601.133204822,0,3773606.948064225,12994.185140597168,0.00344343894831519,False,False,False,,,,synthetic (no market data)
2025-09-09,3778668.9189014705,0,3786601.133204822,-7932.214303351473,-0.002094811157635179,False,False,False,,,,synthetic (no market data)
2025-09-10,3793565.8343100576,0,3778668.9189014705,14896.915408587083,0.003942371170459119,False,False,False,,,,synthetic (no market data)
2025-09-11,3792982.731567131,0,3793565.8343100576,-583.1027429266833,-0.00015370834945131067,False,False,False,,,,synthetic (no market data)
2025-09-12,3772180.8053769353,0,3792982.731567131,-20801.926190195605,-0.005484318717581127,False,False,False,,,,synthetic (no market data)
2025-09-15,3795753.15675396,0,3772180.8053769353,23572.35137702478,0.0062489982832806745,False,False,False,,,,synthetic (no market data)
2025-09-16,3802116.558824866,0,3795753.15675396,6363.402070906013,0.0016764530800911846,False,False,False,,,,synthetic (no market data)
2025-09-17,3860545.737649001,0,3802116.558824866,58429.1788241351,0.015367540137221363,False,False,False,,,,synthetic (no market data)
2025-09-18,3950469.209690411,0,3860545.737649001,89923.47204140993,0.023292943058400756,False,False,False,,,,synthetic (no market data)
2025-09-19,3928689.4111151467,0,3950469.209690411,-21779.7985752644,-0.0055132181569316,False,False,False,,,,synthetic (no market data)
2025-09-22,4165872.414544593,0,3928689.4111151467,237183.00342944637,0.060372042330045804,False,False,False,,,,synthetic (no market data)
2025-09-23,4238096.882477773,0,4165872.414544593,72224.46793318028,0.017337177125496712,False,False,False,,,,synthetic (no market data)
2025-09-24,4290746.834487182,0,4238096.882477773,52649.952009408735,0.012423017564107056,False,False,False,,,,synthetic (no market data)
2025-09-25,4310566.898760366,0,4290746.834487182,19820.064273184165,0.00461925744811579,False,False,False,,,,synthetic (no market data)
2025-09-26,4295686.624400998,0,4310566.898760366,-14880.27435936872,-0.003452045800205071,False,False,False,,,,synthetic (no market data)
2025-09-29,4426527.0401802985,0,4295686.624400998,130840.41577930097,0.03045855697109789,False,False,False,,,,synthetic (no market data)
2025-09-30,4357767.30180602,0,4426527.0401802985,-68759.73837427888,-0.015533563389568315,False,False,False,,,,synthetic (no market data)
2025-10-01,4271184.198463718,0,4357767.30180602,-86583.10334230121,-0.019868684430767558,False,False,False,,,,synthetic (no market data)
2025-10-02,4356166.092196133,0,4271184.198463718,84981.89373241458,0.019896564929927703,False,False,False,,,,synthetic (no market data)
2025-10-03,4368796.523165887,0,4356166.092196133,12630.430969754234,0.0028994374186927943,False,False,False,,,,synthetic (no market data)
2025-10-06,4489990.57526152,0,4368796.523165887,121194.052095633,0.027740832390108352,False,False,False,,,,synthetic (no market data)
2025-10-07,4449831.6671024775,0,4489990.57526152,-40158.90815904271,-0.008944096315102765,False,False,False,,,,synthetic (no market data)
2025-10-08,4469583.574033803,0,4449831.6671024775,19751.906931325793,0.004438798680262733,False,False,False,,,,synthetic (no market data)
2025-10-09,4499614.539429735,0,4469583.574033803,30030.965395932086,0.006718962717331877,False,False,False,,,,synthetic (no market data)
2025-10-10,4424885.883274503,0,4499614.539429735,-74728.65615523234,-0.016607790623039274,False,False,False,,,,synthetic (no market data)
2025-10-13,4387938.535740802,0,4424885.883274503,-36947.34753370099,-0.008349898394748933,False,False,False,,,,synthetic (no market data)
2025-10-14,4433980.101287794,0,4387938.535740802,46041.565546992235,0.01049275535014284,False,False,False,,,,synthetic (no market data)
2025-10-15,4501396.82175589,0,4433980.101287794,67416.7204680955,0.015204560897446328,False,False,False,,,,synthetic (no market data)
2025-10-16,4323229.466934652,0,4501396.82175589,-178167.35482123774,-0.03958045954982898,False,False,False,,,,synthetic (no market data)
2025-10-17,4502709.857809907,0,4323229.466934652,179480.39087525476,0.041515351486192044,False,False,False,,,,synthetic (no market data)
2025-10-20,4475836.330689158,0,4502709.857809907,-26873.527120748535,-0.005968300860899722,False,False,False,,,,synthetic (no market data)
2025-10-21,4491232.041601563,0,4475836.330689158,15395.710912404582,0.00343973947546783,False,False,False,,,,synthetic (no market data)
2025-10-22,4414149.03348576,0,4491232.041601563,-77083.00811580289,-0.01716299834918244,False,False,False,,,,synthetic (no market data)
2025-10-23,4377904.872330887,0,4414149.03348576,-36244.16115487274,-0.00821090563094366,False,False,False,,,,synthetic (no market data)
2025-10-24,4311975.958371134,0,4377904.872330887,-65928.9139597537,-0.01505946700131284,False,False,False,,,,synthetic (no market data)
2025-10-27,4133261.141893404,0,4311975.958371134,-178714.81647772947,-0.04144615327244072,False,False,False,,,,synthetic (no market data)
2025-10-28,4194926.414519773,0,4133261.141893404,61665.272626368795,0.014919278146098596,False,False,False,,,,synthetic (no market data)
2025-10-29,4357149.738452302,0,4194926.414519773,162223.32393252943,0.03867131575205484,False,False,False,,,,synthetic (no market data)
2025-10-30,4397324.835562543,0,4357149.738452302,40175.09711024072,0.009220499528783985,False,False,False,,,,synthetic (no market data)
2025-10-31,4429506.810633773,0,4397324.835562543,32181.975071229972,0.0073185348535009884,False,False,False,,,,synthetic (no market data)
2025-11-03,4484373.704793037,0,4429506.810633773,54866.89415926393,0.01238668242422537,False,False,False,,,,synthetic (no market data)
2025-11-04,4373129.60431835,0,4484373.704793037,-111244.1004746873,-0.024807053960687123,False,False,False,,,,synthetic (no market data)
2025-11-05,4445462.333529918,0,4373129.60431835,72332.72921156883,0.016540266526778025,False,False,False,,,,synthetic (no market data)
2025-11-06,4491915.134422407,0,4445462.333529918,46452.8008924881,0.01044948700658594,False,False,False,,,,synthetic (no market data)
2025-11-07,4457769.89049104,0,4491915.134422407,-34145.24393136613,-0.00760148909976161,False,False,False,,,,synthetic (no market data)
2025-11-10,4510039.494346933,0,4457769.89049104,52269.603855893016,0.011725505160638814,False,False,False,,,,synthetic (no market data)
2025-11-11,4546926.220775814,0,4510039.494346933,36886.726428880356,0.00817880341737931,False,False,False,,,,synthetic (no market data)
2025-11-12,4486224.138215147,0,4546926.220775814,-60702.08256066684,-0.013350135808957466,False,False,False,,,,synthetic (no market data)
2025-11-13,4535800.579047484,0,4486224.138215147,49576.440832337365,0.011050816745875174,False,False,False,,,,synthetic (no market data)
2025-11-14,4587841.548964177,0,4535800.579047484,52040.969916692935,0.01147338138212891,False,False,False,,,,synthetic (no market data)
2025-11-17,4533060.840224561,0,4587841.548964177,-54780.70873961598,-0.011940409919340856,False,False,False,,,,synthetic (no market data)
2025-11-18,4650130.524514609,0,4533060.840224561,117069.68429004773,0.025825747417995887,False,False,False,,,,synthetic (no market data)
2025-11-19,4651571.363100352,0,4650130.524514609,1440.8385857427493,0.0003098490629772478,False,False,False,,,,synthetic (no market data)
2025-11-20,4666162.992500255,0,4651571.363100352,14591.629399903119,0.0031369247638882935,False,False,False,,,,synthetic (no market data)
2025-11-21,4739599.672797803,0,4666162.992500255,73436.68029754795,0.01573813011152416,False,False,False,,,,synthetic (no market data)
2025-11-24,4807343.595811545,0,4739599.672797803,67743.92301374208,0.01429317404221876,False,False,False,,,,synthetic (no market data)
2025-11-25,4809089.820908893,0,4807343.595811545,1746.2250973479822,0.0003632411668825589,False,False,False,,,,synthetic (no market data)
2025-11-26,4805260.633242655,0,4809089.820908893,-3829.1876662382856,-0.0007962395814671203,False,False,False,,,,synthetic (no market data)
2025-11-27,4799168.736384827,0,4805260.633242655,-6091.896857827902,-0.001267755762441757,False,False,False,,,,synthetic (no market data)
2025-11-28,4751112.808825672,0,4799168.736384827,-48055.92755915504,-0.010013385692155338,False,False,False,,,,synthetic (no market data)
2025-12-01,4784612.658223347,0,4751112.808825672,33499.849397675134,0.0070509480085267145,False,False,False,,,,synthetic (no market data)
2025-12-02,4818180.265092771,0,4784612.658223347,33567.60686942376,0.007015741767879765,False,False,False,,,,synthetic (no market data)
2025-12-03,4801909.695792474,0,4818180.265092771,-16270.569300296716,-0.0033769116980066826,False,False,False,,,,synthetic (no market data)
2025-12-04,4807085.000964351,0,4801909.695792474,5175.305171877146,0.001077759787197133,False,False,False,,,,synthetic (no market data)
2025-12-05,4797286.567638848,0,4807085.000964351,-9798.433325503021,-0.0020383316133451676,False,False,False,,,,synthetic (no market data)
2025-12-08,4748807.099191403,0,4797286.567638848,-48479.46844744496,-0.010105601940579051,False,False,False,,,,synthetic (no market data)
2025-12-09,4745394.56830526,0,4748807.099191403,-3412.530886143446,-0.0007186080240497683,False,False,False,,,,synthetic (no market data)
2025-12-10,4726102.109883908,0,4745394.56830526,-19292.458421351388,-0.004065511970323128,False,False,False,,,,synthetic (no market data)
2025-12-11,4754085.779777224,0,4726102.109883908,27983.669893315993,0.005921088720193433,False,False,False,,,,synthetic (no market data)
2025-12-12,4803453.781395169,0,4754085.779777224,49368.0016179448,0.01038433126889397,False,False,False,,,,synthetic (no market data)
2025-12-15,4804892.581359036,0,4803453.781395169,1438.7999638672918,0.00029953446610438513,False,False,False,,,,synthetic (no market data)
2025-12-16,4801799.85288122,0,4804892.581359036,-3092.7284778160974,-0.0006436623557027235,False,False,False,,,,synthetic (no market data)
2025-12-17,4780267.212034362,0,4801799.85288122,-21532.6408468578,-0.004484285373522511,False,False,False,,,,synthetic (no market data)
2025-12-18,4788820.145938822,0,4780267.212034362,8552.9339044597,0.0017892166954448943,False,False,False,,,,synthetic (no market data)
2025-12-19,4811898.843858673,0,4788820.145938822,23078.69791985117,0.004819286842380821,False,False,False,,,,synthetic (no market data)
2025-12-22,4749803.950806723,0,4811898.843858673,-62094.89305195026,-0.012904446886118706,False,False,False,,,,synthetic (no market data)
2025-12-23,4800930.838916201,0,4749803.950806723,51126.88810947817,0.01076399965956376,False,False,False,,,,synthetic (no market data)
2025-12-24,4745601.71625467,0,4800930.838916201,-55329.12266153097,-0.01152466563630427,False,False,False,,,,synthetic (no market data)
2025-12-25,4652899.370707035,0,4745601.71625467,-92702.34554763511,-0.019534371211581105,False,False,False,,,,synthetic (no market data)
2025-12-26,4632102.020192614,0,4652899.370707035,-20797.35051442124,-0.004469761509426532,False,False,False,,,,synthetic (no market data)
2025-12-29,4627033.563248352,0,4632102.020192614,-5068.456944261678,-0.0010942023561154033,False,False,False,,,,synthetic (no market data)
2025-12-30,4647109.953951264,0,4627033.563248352,20076.390702911653,0.004338933450229237,False,False,False,,,,synthetic (no market data)
2025-12-31,4683788.374726753,0,4647109.953951264,36678.42077548895,0.007892737882025507,False,False,False,,,,synthetic (no market data)
2026-01-01,4580320.510788903,0,4683788.374726753,-103467.86393785011,-0.02209063596813046,False,False,False,,,,synthetic (no market data)
2026-01-02,4689212.073537138,0,4580320.510788903,108891.56274823565,0.023773786679718717,False,False,False,,,,synthetic (no market data)
2026-01-05,4705870.656637471,0,4689212.073537138,16658.58310033288,0.0035525335256946645,False,False,False,,,,synthetic (no market data)
2026-01-06,4792294.452919325,0,4705870.656637471,86423.79628185369,0.01836510235570454,False,False,False,,,,synthetic (no market data)
2026-01-07,4777609.398459633,0,4792294.452919325,-14685.054459691979,-0.003064305543818635,False,False,False,,,,synthetic (no market data)
2026-01-08,4772036.707414436,0,4777609.398459633,-5572.691045196727,-0.0011664183026334131,False,False,False,,,,synthetic (no market data)
2026-01-09,4772786.331733043,0,4772036.707414436,749.6243186071515,0.00015708687182612005,False,False,False,,,,synthetic (no market data)
2026-01-12,4627712.1762327505,0,4772786.331733043,-145074.15550029278,-0.03039611359421887,False,False,False,,,,synthetic (no market data)
2026-01-13,4680506.347356638,0,4627712.1762327505,52794.17112388741,0.011408265923501144,False,False,False,,,,synthetic (no market data)
2026-01-14,4695113.653460606,0,4680506.347356638,14607.306103968062,0.003120881592697269,False,False,False,,,,synthetic (no market data)
2026-01-15,4666786.196405323,0,4695113.653460606,-28327.45705528278,-0.006033391126624504,False,False,False,,,,synthetic (no market data)
2026-01-16,4628756.006567077,0,4666786.196405323,-38030.18983824644,-0.008149117666358893,False,False,False,,,,synthetic (no market data)
2026-01-19,4681284.427680456,0,4628756.006567077,52528.4211133793,0.011348280410299068,False,False,False,,,,synthetic (no market data)
2026-01-20,4723448.949870706,0,4681284.427680456,42164.522190249525,0.00900704130279513,False,False,False,,,,synthetic (no market data)
2026-01-21,4825642.025122144,0,4723448.949870706,102193.07525143865,0.021635266165888376,False,False,False,,,,synthetic (no market data)
2026-01-22,4831698.685992107,0,4825642.025122144,6056.660869962536,0.001255099495244725,False,False,False,,,,synthetic (no market data)
2026-01-23,4780686.073794606,0,4831698.685992107,-51012.61219750065,-0.010557904271927107,False,False,False,,,,synthetic (no market data)
2026-01-26,4856116.087159817,0,4780686.073794606,75430.01336521097,0.015778072895997412,False,False,False,,,,synthetic (no market data)
2026-01-27,4895077.812188179,0,4856116.087159817,38961.725028362125,0.008023227684235522,False,False,False,,,,synthetic (no market data)
2026-01-28,4953395.54125568,0,4895077.812188179,58317.72906750068,0.01191354485158464,False,False,False,,,,synthetic (no market data)
2026-01-29,4852875.732237782,0,4953395.54125568,-100519.80901789758,-0.02029311170099207,False,False,False,,,,synthetic (no market data)
2026-01-30,4847413.775477322,0,4852875.732237782,-5461.956760460511,-0.001125509298368509,False,False,False,,,,synthetic (no market data)
2026-02-02,4718715.549172145,0,4847413.775477322,-128698.2263051765,-0.026549874276516384,False,False,False,,,,synthetic (no market data)
2026-02-03,4918422.828007508,0,4718715.549172145,199707.27883536275,0.042322381324807666,False,False,False,,,,synthetic (no market data)
2026-02-04,4891356.760410722,0,4918422.828007508,-27066.067596785724,-0.005502997310979545,False,False,False,,,,synthetic (no market data)
2026-02-05,4876646.004386325,0,4891356.760410722,-14710.756024396978,-0.003007500116013155,False,False,False,,,,synthetic (no market data)
2026-02-06,4837881.143624336,0,4876646.004386325,-38764.86076198891,-0.007949082366676123,False,False,False,,,,synthetic (no market data)
2026-02-09,4734994.149884512,0,4837881.143624336,-102886.99373982474,-0.021266953586781618,False,False,False,,,,synthetic (no market data)
2026-02-10,4778629.259235198,0,4734994.149884512,43635.10935068596,0.009215451586513625,False,False,False,,,,synthetic (no market data)
2026-02-11,4817994.049269257,0,4778629.259235198,39364.790034059435,0.008237674006198093,False,False,False,,,,synthetic (no market data)
2026-02-12,4800156.915666092,0,4817994.049269257,-17837.133603164926,-0.003702190874617264,False,False,False,,,,synthetic (no market data)
2026-02-13,4816099.447321384,0,4800156.915666092,15942.531655292027,0.003321252187248501,False,False,False,,,,synthetic (no market data)
2026-02-16,4703085.833842192,0,4816099.447321384,-113013.61347919237,-0.023465797314888966,False,False,False,,,,synthetic (no market data)
2026-02-17,4658296.808273375,0,4703085.833842192,-44789.02556881681,-0.009523327268774587,False,False,False,,,,synthetic (no market data)
2026-02-18,4596342.666886484,0,4658296.808273375,-61954.141386890784,-0.013299741072071028,False,False,False,,,,synthetic (no market data)
2026-02-19,4492708.5158589985,0,4596342.666886484,-103634.15102748573,-0.022547089836034016,False,False,False,,,,synthetic (no market data)
2026-02-20,4543819.748942315,0,4492708.5158589985,51111.233083316125,0.011376485454797804,False,False,False,,,,synthetic (no market data)
2026-02-23,4515895.931139582,0,4543819.748942315,-27923.81780273281,-0.0061454501599084695,False,False,False,,,,synthetic (no market data)
2026-02-24,4503133.150790133,0,4515895.931139582,-12762.780349449255,-0.0028261900947368773,False,False,False,,,,synthetic (no market data)
2026-02-25,4600343.685915427,0,4503133.150790133,97210.5351252947,0.021587310850055115,False,False,False,,,,synthetic (no market data)
2026-02-26,4618175.308679072,0,4600343.685915427,17831.622763644904,0.0038761501272695825,False,False,False,,,,synthetic (no market data)
2026-02-27,4608001.480735351,0,4618175.308679072,-10173.827943720855,-0.0022029973449905382,False,False,False,,,,synthetic (no market data)
2026-03-02,4469908.924219442,0,4608001.480735351,-138092.55651590973,-0.02996799308620724,False,False,False,,,,synthetic (no market data)
2026-03-03,4516861.479438776,0,4469908.924219442,46952.55521933455,0.010504141362910129,False,False,False,,,,synthetic (no market data)
2026-03-04,4464136.188014764,0,4516861.479438776,-52725.29142401181,-0.011672992776958697,False,False,False,,,,synthetic (no market data)
2026-03-05,4484504.3464171,0,4464136.188014764,20368.15840233583,0.004562620302001518,False,False,False,,,,synthetic (no market data)
2026-03-06,4469945.323512995,0,4484504.3464171,-14559.022904105484,-0.0032465177374033393,False,False,False,,,,synthetic (no market data)
2026-03-09,4516637.002354332,0,4469945.323512995,46691.67884133756,0.01044569350674784,False,False,False,,,,synthetic (no market data)
2026-03-10,4731012.4307506485,0,4516637.002354332,214375.42839631625,0.04746350620706764,False,False,False,,,,synthetic (no market data)
2026-03-11,4708123.928290104,0,4731012.4307506485,-22888.50246054493,-0.0048379713212703,False,False,False,,,,synthetic (no market data)
2026-03-12,4625646.771978401,0,4708123.928290104,-82477.15631170291,-0.01751805125946567,False,False,False,,,,synthetic (no market data)
2026-03-13,4653279.169181166,0,4625646.771978401,27632.39720276557,0.005973736985313975,False,False,False,,,,synthetic (no market data)
2026-03-16,4681511.316320576,0,4653279.169181166,28232.147139409557,0.006067150951611086,False,False,False,,,,synthetic (no market data)
2026-03-17,4565623.25719677,0,4681511.316320576,-115888.05912380572,-0.02475441183273433,False,False,False,,,,synthetic (no market data)
2026-03-18,4519753.078167174,0,4565623.25719677,-45870.17902959604,-0.010046860296081393,False,False,False,,,,synthetic (no market data)
2026-03-19,4446101.859592056,0,4519753.078167174,-73651.21857511811,-0.016295407581200155,False,False,False,,,,synthetic (no market data)
2026-03-20,4405503.969637625,0,4446101.859592056,-40597.88995443098,-0.009131120076982665,False,False,False,,,,synthetic (no market data)
2026-03-23,4533700.4921799125,0,4405503.969637625,128196.5225422876,0.029099173085714507,False,False,False,,,,synthetic (no market data)
2026-03-24,4555357.8060126435,0,4533700.4921799125,21657.313832730986,0.00477696174903641,False,False,False,,,,synthetic (no market data)
2026-03-25,4556867.362564114,0,4555357.8060126435,1509.5565514704213,0.00033138045698143597,False,False,False,,,,synthetic (no market data)
2026-03-26,4687925.068059412,0,4556867.362564114,131057.70549529791,0.02876048282027519,False,False,False,,,,synthetic (no market data)
2026-03-27,4761916.70519428,1,4687925.068059412,73991.63713486772,0.01578345132668618,False,False,False,,,,synthetic (no market data)
2026-03-30,4752969.49781004,1,4761916.70519428,-8947.207384239882,-0.0018789088382164065,False,False,False,,,,synthetic (no market data)
2026-03-31,4705328.388817442,1,4752969.49781004,-47641.10899259802,-0.010023440927729277,False,False,False,,,,synthetic (no market data)
2026-04-01,4671062.35885494,1,4705328.388817442,-34266.02996250149,-0.007282388630714324,False,False,False,,,,synthetic (no market data)
2026-04-02,4606685.47146769,1,4671062.35885494,-64376.88738725055,-0.01378206550062668,False,False,False,,,,synthetic (no market data)
2026-04-03,4554790.902924328,1,4606685.47146769,-51894.5685433615,-0.011265055724941407,False,False,False,,,,synthetic (no market data)
2026-04-06,4584270.753234645,1,4554790.902924328,29479.85031031724,0.006472273028250362,False,False,False,,,,synthetic (no market data)
2026-04-07,4600301.421988271,1,4584270.753234645,16030.668753625825,0.003496885244466558,False,False,False,,,,synthetic (no market data)
2026-04-08,4558598.534766759,1,4600301.421988271,-41702.887221512385,-0.009065251033809042,False,False,False,,,,synthetic (no market data)
2026-04-09,4750146.067444371,1,4558598.534766759,191547.53267761227,0.04201895192497201,False,False,False,,,,synthetic (no market data)
2026-04-10,4675931.084346022,1,4750146.067444371,-74214.9830983486,-0.015623726522219779,False,False,False,,,,synthetic (no market data)
2026-04-13,4681090.83808561,1,4675931.084346022,5159.753739587963,0.001103470869547601,False,False,False,,,,synthetic (no market data)
2026-04-14,4692799.364830162,1,4681090.83808561,11708.526744551957,0.0025012389525301973,False,False,False,,,,synthetic (no market data)
2026-04-15,4796600.021402067,1,4692799.364830162,103800.6565719042,0.022119133698710953,False,False,False,,,,synthetic (no market data)
2026-04-16,4855449.710204462,1,4796600.021402067,58849.688802395016,0.012269042350792677,False,False,False,,,,synthetic (no market data)
2026-04-17,4779449.004498789,1,4855449.710204462,-76000.7057056725,-0.015652660462314238,False,False,False,,,,synthetic (no market data)
2026-04-20,4861145.76052913,1,4779449.004498789,81696.75603034068,0.017093341921514665,False,False,False,,,,synthetic (no market data)
2026-04-21,4928915.63356038,1,4861145.76052913,67769.8730312502,0.013941131652854107,False,False,False,,,,synthetic (no market data)
2026-04-22,4945233.636855237,1,4928915.63356038,16318.003294857219,0.003310668006518501,False,False,False,,,,synthetic (no market data)
2026-04-23,4880598.881662954,1,4945233.636855237,-64634.75519228354,-0.013070111533372555,False,False,False,,,,synthetic (no market data)
2026-04-24,4846745.473828064,1,4880598.881662954,-33853.40783488937,-0.006936322499699992,False,False,False,,,,synthetic (no market data)
2026-04-27,4962102.524371691,1,4846745.473828064,115357.05054362677,0.023800930163662026,False,False,False,,,,synthetic (no market data)
2026-04-28,4939053.260706197,1,4962102.524371691,-23049.26366549451,-0.0046450599422898945,False,False,False,,,,synthetic (no market data)
2026-04-29,4844737.095622741,1,4939053.260706197,-94316.16508345585,-0.019096000813315854,False,False,False,,,,synthetic (no market data)
2026-04-30,4884628.790767648,1,4844737.095622741,39891.69514490757,0.008234026812507544,False,False,False,,,,synthetic (no market data)
2026-05-01,4855215.808153521,1,4884628.790767648,-29412.982614126988,-0.006021538969290759,False,False,False,,,,synthetic (no market data)
2026-05-04,4858572.541653654,1,4855215.808153521,3356.733500132337,0.0006913664876636927,False,False,False,,,,synthetic (no market data)
2026-05-05,4893838.804179484,1,4858572.541653654,35266.26252583042,0.00725856457292439,False,False,False,,,,synthetic (no market data)
2026-05-06,4897973.754269093,1,4893838.804179484,4134.95008960925,0.0008449297688509641,False,False,False,,,,synthetic (no market data)
2026-05-07,4940008.876108504,1,4897973.754269093,42035.121839410625,0.008582145178457245,False,False,False,,,,synthetic (no market data)
2026-05-08,4878612.3080291115,1,4940008.876108504,-61396.568079392426,-0.012428432745602194,False,False,False,,,,synthetic (no market data)
2026-05-11,4860610.671358436,1,4878612.3080291115,-18001.63667067513,-0.003689909247563787,False,False,False,,,,synthetic (no market data)
2026-05-12,4886551.466985258,1,4860610.671358436,25940.795626821928,0.005336941668601495,False,False,False,,,,synthetic (no market data)
2026-05-13,4902245.02766213,1,4886551.466985258,15693.560676871799,0.003211581988422991,False,False,False,,,,synthetic (no market data)
2026-05-14,4908534.462584864,1,4902245.02766213,6289.4349227342755,0.0012829703303781396,False,False,False,,,,synthetic (no market data)
2026-05-15,5006143.033137383,1,4908534.462584864,97608.57055251859,0.01988548135834363,False,False,False,,,,synthetic (no market data)
2026-05-18,5043893.242497695,1,5006143.033137383,37750.20936031174,0.007540777223189613,False,False,False,,,,synthetic (no market data)
2026-05-19,5044457.400705543,1,5043893.242497695,564.1582078486681,0.00011184975191292937,False,False,False,,,,synthetic (no market data)
2026-05-20,4855879.747116122,1,5044457.400705543,-188577.65358942095,-0.037383139277387005,False,False,False,,,,synthetic (no market data)
2026-05-21,4972361.236368842,1,4855879.747116122,116481.48925272003,0.023987721137842772,False,False,False,,,,synthetic (no market data)
2026-05-22,4951959.797296813,1,4972361.236368842,-20401.439072029665,-0.004102968006992225,False,False,False,,,,synthetic (no market data)
2026-05-25,4785655.884623065,1,4951959.797296813,-166303.9126737481,-0.033583453719581983,False,False,False,,,,synthetic (no market data)
2026-05-26,4866866.579014622,1,4785655.884623065,81210.69439155702,0.01696960591180355,False,False,False,,,,synthetic (no market data)
2026-05-27,4865388.920999072,0,4866866.579014622,-1477.6580155501142,-0.0003036158874627072,False,False,False,,,,synthetic (no market data)
2026-05-28,4904877.7263690885,0,4865388.920999072,39488.805370016955,0.008116269020053636,False,False,False,,,,synthetic (no market data)
2026-05-29,4952299.179129514,0,4904877.7263690885,47421.452760425396,0.00966822322715267,False,False,False,,,,synthetic (no market data)
2026-06-01,4936225.125453747,0,4952299.179129514,-16074.053675767034,-0.003245775970787055,False,False,False,,,,synthetic (no market data)
2026-06-02,4841482.932851331,0,4936225.125453747,-94742.19260241557,-0.019193247916079736,False,False,False,,,,synthetic (no market data)
2026-06-03,4854372.991633836,0,4841482.932851331,12890.058782504871,0.00266241954402872,False,False,False,,,,synthetic (no market data)
2026-06-04,4801789.850413089,0,4854372.991633836,-52583.14122074749,-0.010832118032827466,False,False,False,,,,synthetic (no market data)
2026-06-05,4972175.304913584,0,4801789.850413089,170385.45450049546,0.03548373831600263,False,False,False,,,,synthetic (no market data)
2026-06-08,5097477.81580383,0,4972175.304913584,125302.51089024544,0.025200742774780984,False,False,False,,,,synthetic (no market data)
2026-06-09,5180131.343199997,0,5097477.81580383,82653.52739616763,0.016214592860005192,False,False,False,,,,synthetic (no market data)
2026-06-10,5131361.088994444,0,5180131.343199997,-48770.25420555286,-0.009414868267688616,False,False,False,,,,synthetic (no market data)
2026-06-11,5181555.377756902,0,5131361.088994444,50194.28876245767,0.009781866427235561,False,False,False,,,,synthetic (no market data)
2026-06-12,5246383.004012687,0,5181555.377756902,64827.626255785115,0.01251122906725529,False,False,False,,,,synthetic (no market data)
2026-06-15,5228447.456929406,0,5246383.004012687,-17935.54708328098,-0.003418649966951137,False,False,False,,,,synthetic (no market data)
2026-06-16,5280744.565101242,0,5228447.456929406,52297.10817183554,0.01000241632007313,False,False,False,,,,synthetic (no market data)
2026-06-17,5292308.886646386,0,5280744.565101242,11564.321545144543,0.0021899036021491096,False,False,False,,,,synthetic (no market data)
2026-06-18,5283722.447749657,0,5292308.886646386,-8586.43889672961,-0.0016224372160882391,False,False,False,,,,synthetic (no market data)
2026-06-19,5255612.145017238,0,5283722.447749657,-28110.30273241829,-0.005320170203942204,False,False,False,,,,synthetic (no market data)
2026-06-22,5269455.083160995,0,5255612.145017238,13842.93814375624,0.002633934499310515,False,False,False,,,,synthetic (no market data)
2026-06-23,5193003.127234804,0,5269455.083160995,-76451.95592619013,-0.014508512686729043,False,False,False,,,,synthetic (no market data)
2026-06-24,5193835.535822716,0,5193003.127234804,832.4085879111663,0.00016029425893190462,False,False,False,,,,synthetic (no market data)
2026-06-25,5223141.482562681,0,5193835.535822716,29305.94673996512,0.00564244796313578,False,False,False,,,,synthetic (no market data)
2026-06-26,5232652.986622864,0,5223141.482562681,9511.504060183652,0.001821031287767631,False,False,False,,,,synthetic (no market data)
2026-06-29,5178348.747516824,0,5232652.986622864,-54304.23910604045,-0.010377955359330681,False,False,False,,,,synthetic (no market data)
2026-06-30,5164768.061381979,0,5178348.747516824,-13580.686134845018,-0.0026225900952224148,False,False,False,,,,synthetic (no market data)
2026-07-01,5176317.712256256,0,5164768.061381979,11549.650874276645,0.002236238053095885,False,False,False,,,,synthetic (no market data)
2026-07-02,5150250.676722623,0,5176317.712256256,-26067.03553363215,-0.005035826041340503,False,False,False,,,,synthetic (no market data)
2026-07-03,5162467.273402206,0,5150250.676722623,12216.59667958226,0.0023720392358370264,False,False,False,,,,synthetic (no market data)
2026-07-06,5210618.574123165,0,5162467.273402206,48151.30072095897,0.009327187596721744,False,False,False,,,,synthetic (no market data)
2026-07-07,5254792.151290464,0,5210618.574123165,44173.577167299576,0.008477607128388407,False,False,False,,,,synthetic (no market data)
2026-07-08,5239913.246462547,0,5254792.151290464,-14878.904827916995,-0.00283149254995044,False,False,False,,,,synthetic (no market data)
2026-07-09,5202455.41831406,0,5239913.246462547,-37457.828148487024,-0.007148558838025555,False,False,False,,,,synthetic (no market data)
2026-07-10,5264394.377556863,0,5202455.41831406,61938.959242803045,0.011905716486250134,False,False,False,,,,synthetic (no market data)
2026-07-13,5306225.797907375,0,5264394.377556863,41831.42035051156,0.007946103074808954,False,False,False,,,,synthetic (no market data)
2026-07-14,5284588.722326729,0,5306225.797907375,-21637.075580645353,-0.0040776771296047,False,False,False,,,,synthetic (no market data)
2026-07-15,5194888.114066198,0,5284588.722326729,-89700.60826053191,-0.016973999865222814,False,False,False,,,,synthetic (no market data)
2026-07-16,5135493.314892869,0,5194888.114066198,-59394.799173328094,-0.011433316342753333,False,False,False,,,,synthetic (no market data)
2026-07-17,5097549.174413764,0,5135493.314892869,-37944.140479105525,-0.007388606732106528,False,False,False,,,,synthetic (no market data)
2026-07-20,5092466.243095244,0,5097549.174413764,-5082.931318519637,-0.000997132375697816,False,False,False,,,,synthetic (no market data)
2026-07-21,5081011.653613367,0,5092466.243095244,-11454.589481877163,-0.0022493206503642854,False,False,False,,,,synthetic (no market data)
2026-07-22,5154493.0551436525,0,5081011.653613367,73481.40153028537,0.014461962801842618,False,False,False,,,,synthetic (no market data)
2026-07-23,5094656.7931752205,0,5154493.0551436525,-59836.261968431994,-0.011608563893343804,False,False,False,,,,synthetic (no market data)
2026-07-24,5099885.428469709,0,5094656.7931752205,5228.635294488631,0.001026297846302991,False,False,False,,,,synthetic (no market data)
2026-07-27,5145460.39456834,0,5099885.428469709,45574.9660986308,0.00893646862029726,False,False,False,,,,synthetic (no market data)
2026-07-28,5198232.128199151,0,5145460.39456834,52771.733630810864,0.010255978976442585,False,False,False,,,,synthetic (no market data)
2026-07-29,5144774.228977956,0,5198232.128199151,-53457.89922119491,-0.010283861494218149,False,False,False,,,,synthetic (no market data)
2026-07-30,5171540.4184888555,0,5144774.228977956,26766.189510899596,0.00520259749400449,False,False,False,,,,synthetic (no market data)
2026-07-31,5216990.520621569,0,5171540.4184888555,45450.10213271342,0.008788503705825066,False,False,False,,,,synthetic (no market data)
2026-08-03,5219864.793107293,0,5216990.520621569,2874.272485723719,0.0005509445482721079,False,False,False,,,,synthetic (no market data)
2026-08-04,5169643.115668386,0,5219864.793107293,-50221.677438906394,-0.009621260210651994,False,False,False,,,,synthetic (no market data)
2026-08-05,5170051.076080872,0,5169643.115668386,407.960412485525,7.891461815788798e-05,False,False,False,,,,synthetic (no market data)
2026-08-06,5164826.566836791,0,5170051.076080872,-5224.509244080633,-0.0010105333907147864,False,False,False,,,,synthetic (no market data)
2026-08-07,5114709.815528788,0,5164826.566836791,-50116.75130800344,-0.009703472257868584,False,False,False,,,,synthetic (no market data)
2026-08-10,5096570.30603197,0,5114709.815528788,-18139.509496817365,-0.003546537369870709,False,False,False,,,,synthetic (no market data)
2026-08-11,5002406.14970519,0,5096570.30603197,-94164.1563267801,-0.0184759849609714,False,False,False,,,,synthetic (no market data)
2026-08-12,5170586.263979708,0,5002406.14970519,168180.11427451763,0.033619843979367625,False,False,False,,,,synthetic (no market data)
2026-08-13,5130300.05808326,0,5170586.263979708,-40286.20589644741,-0.00779141935549874,False,False,False,,,,synthetic (no market data)
2026-08-14,5139429.588745393,0,5130300.05808326,9129.530662132427,0.001779531520334373,False,False,False,,,,synthetic (no market data)
2026-08-17,5094148.132615325,0,5139429.588745393,-45281.45613006782,-0.008810599571055054,False,False,False,,,,synthetic (no market data)
2026-08-18,5185485.334447083,0,5094148.132615325,91337.20183175802,0.017929828394068644,False,False,False,,,,synthetic (no market data)
2026-08-19,5225495.659868695,0,5185485.334447083,40010.32542161178,0.007715830407584788,False,False,False,,,,synthetic (no market data)
2026-08-20,5258365.9701723335,0,5225495.659868695,32870.31030363869,0.006290371754794386,False,False,False,,,,synthetic (no market data)
2026-08-21,5242946.674754665,0,5258365.9701723335,-15419.295417668298,-0.0029323359205374894,False,False,False,,,,synthetic (no market data)
2026-08-24,5266517.398084739,0,5242946.674754665,23570.72333007399,0.004495701519065505,False,False,False,,,,synthetic (no market data)
2026-08-25,5249743.062406957,0,5266517.398084739,-16774.335677782074,-0.0031850907174221722,False,False,False,,,,synthetic (no market data)
2026-08-26,5262376.69832764,0,5249743.062406957,12633.635920682922,0.002406524618538287,False,False,False,,,,synthetic (no market data)
2026-08-27,5280951.504410268,0,5262376.69832764,18574.806082627736,0.0035297370651042005,False,False,False,,,,synthetic (no market data)
2026-08-28,5243872.236734835,0,5280951.504410268,-37079.26767543238,-0.007021323268063807,False,False,False,,,,synthetic (no market data)
2026-08-31,5214794.4121323265,0,5243872.236734835,-29077.824602508917,-0.005545105465920848,False,False,False,,,,synthetic (no market data)
2026-09-01,5172937.186996729,0,5214794.4121323265,-41857.2251355974,-0.0080266299737945,False,False,False,,,,synthetic (no market data)
2026-09-02,5241302.310449341,0,5172937.186996729,68365.1234526122,0.013215919888697351,False,False,False,,,,synthetic (no market data)
2026-09-03,5312712.053714922,0,5241302.310449341,71409.74326558039,0.013624427486888916,False,False,False,,,,synthetic (no market data)
2026-09-04,5337793.303596996,0,5312712.053714922,25081.249882074073,0.0047209880054643605,False,False,False,,,,synthetic (no market data)
2026-09-07,5390900.395538964,0,5337793.303596996,53107.09194196854,0.009949259726145838,False,False,False,,,,synthetic (no market data)
2026-09-08,5361412.629733973,0,5390900.395538964,-29487.765804991126,-0.005469914790002911,False,False,False,,,,synthetic (no market data)
2026-09-09,5326491.911159273,0,5361412.629733973,-34920.718574699946,-0.006513342841965266,False,False,False,,,,synthetic (no market data)
2026-09-10,5345605.078698067,0,5326491.911159273,19113.167538793758,0.0035883218932052994,False,False,False,,,,synthetic (no market data)
2026-09-11,5387983.530921129,0,5345605.078698067,42378.452223061584,0.007927718490080256,False,False,False,,,,synthetic (no market data)
2026-09-14,5430045.718654361,0,5387983.530921129,42062.187733232044,0.007806665980295062,False,False,False,,,,synthetic (no market data)
2026-09-15,5464031.02834943,0,5430045.718654361,33985.30969506968,0.006258752035607483,False,False,False,,,,synthetic (no market data)
2026-09-16,5511207.454416896,1,5464031.02834943,47176.426067465916,0.008633996736602891,False,False,False,,,,synthetic (no market data)
2026-09-17,5493450.524816884,0,5511207.454416896,-17756.92960001249,-0.003221967190834269,False,False,False,,,,synthetic (no market data)
2026-09-18,5538628.966734279,0,5493450.524816884,45178.44191739522,0.008224055484490083,False,False,False,,,,synthetic (no market data)
2026-09-21,5567269.569690954,0,5538628.966734279,28640.602956674993,0.0051710636564922755,False,False,False,,,,synthetic (no market data)
2026-09-22,5541544.876867846,0,5567269.569690954,-25724.692823108286,-0.00462070185412924,False,False,False,,,,synthetic (no market data)
2026-09-23,5491216.091379361,0,5541544.876867846,-50328.78548848443,-0.009082085701150348,False,False,False,,,,synthetic (no market data)
2026-09-24,5495433.756370599,0,5491216.091379361,4217.6649912381545,0.0007680748528289481,False,False,False,,,,synthetic (no market data)
2026-09-25,5531797.82049817,0,5495433.756370599,36364.06412757095,0.0066171417470760685,False,False,False,,,,synthetic (no market data)
2026-09-28,5477296.974373925,0,5531797.82049817,-54500.846124245785,-0.009852284536193998,False,False,False,,,,synthetic (no market data)
2026-09-29,5479682.2428167,0,5477296.974373925,2385.268442775123,0.00043548276712671177,False,False,False,,,,synthetic (no market data)
2026-09-30,5465781.249783114,0,5479682.2428167,-13900.99303358607,-0.0025368246583657005,False,False,False,,,,synthetic (no market data)
